id_hex,type,floor,n_levels,levels,code_refs,func_family,nn_dist,nn_id
0x0005c699,sprite,11,1,MENU,1,,8,0x000cc8f8
0x000ac607,sprite,12,20,BOIL;BRG1;CAVE;CLOU;CRYS;CSTL;EGGS;EVIL;FINN;FOOD;GLID;MOSS;PHRO;RUNN;SCIE;SEVN;SNOW;SOAR;TMPL;WEED,1,,7,0x0408c01e
0x000cc8f8,sprite,13,2,FOOD;TMPL,1,8,6,0x410808f9
0x001822d8,audio,13,11,BRG1;CAVE;CRYS;CSTL;EGGS;EVIL;FOOD;MEGA;PHRO;SCIE;TMPL,0,,4,0x08192250
0x001882e0,audio,14,11,BOIL;CAVE;EGGS;EVIL;FOOD;HEAD;MEGA;PHRO;SCIE;SNOW;TMPL,0,,5,0x001822d8
0x00248e52,audio,14,21,BOIL;BRG1;CAVE;CLOU;CRYS;CSTL;EGGS;EVIL;FOOD;GLID;HEAD;MEGA;MOSS;PHRO;SCIE;SEVN;SNOW;SOAR;TMPL;WEED;WIZZ,3,,4,0x012484d2
0x002e2414,sprite,13,1,FOOD,1,,6,0x00ce0610
0x00388110,sprite,11,21,BOIL;BRG1;CAVE;CLOU;CRYS;CSTL;EGGS;EVIL;FOOD;GLID;HEAD;MEGA;MOSS;PHRO;SCIE;SEVN;SNOW;SOAR;TMPL;WEED;WIZZ,4,2,4,0x08188300
0x004a981c,sprite,12,3,BOIL;CLOU;MOSS,0,,2,0x024e981c
0x004c9138,sprite,12,3,CLOU;CRYS;SOAR,0,,3,0x40489938
0x006b9a6f,sprite,18,2,FOOD;SNOW,2,11,6,0xa0299a4d
0x00880c1e,audio,13,1,MENU,3,,6,0x0408c01e
0x00ce0610,sprite,11,4,CSTL;FOOD;SEVN;TMPL,0,,2,0x09ce0610
0x00e2f188,sprite,10,26,BOIL;BRG1;CAVE;CLOU;CRYS;CSTL;EGGS;EVIL;FINN;FOOD;GLEN;GLID;HEAD;KLOG;MEGA;MENU;MOSS;PHRO;RUNN;SCIE;SEVN;SNOW;SOAR;TMPL;WEED;WIZZ,15,,7,0x08624580
0x00e49240,audio,11,22,BOIL;BRG1;CAVE;CLOU;CRYS;CSTL;EGGS;EVIL;FOOD;GLID;HEAD;MEGA;MOSS;PHRO;RUNN;SCIE;SEVN;SNOW;SOAR;TMPL;WEED;WIZZ,0,,5,0x40e0824c
0x0120e27a,audio,12,2,BRG1;SOAR,0,,6,0x0538a2ea
0x012484d2,audio,14,2,BRG1;SOAR,0,,4,0x00248e52
0x01680261,audio,13,1,KLOG,0,,6,0x40400270
0x01a5b0d3,audio,12,22,BOIL;BRG1;CAVE;CLOU;CRYS;CSTL;EGGS;EVIL;FOOD;GLID;HEAD;MEGA;MOSS;PHRO;RUNN;SCIE;SEVN;SNOW;SOAR;TMPL;WEED;WIZZ,1,,6,0x012484d2
0x02098010,sprite,10,1,TMPL,0,,5,0x00388110
0x02102152,audio,12,2,BOIL;FOOD,0,,5,0x0220a173
0x0220a173,audio,11,1,FOOD,0,,5,0x02102152
0x022e3442,sprite,17,1,WIZZ,1,20,6,0x002e2414
0x0239cb33,sprite,15,1,HEAD,1,,8,0x00388110
0x0244655d,sprite,11,1,WIZZ,2,,8,0x024d704e
0x024d704e,sprite,15,1,WIZZ,1,21,7,0x424d1840
0x024e981c,sprite,14,3,BOIL;CLOU;MOSS,0,,2,0x004a981c
0x02804e67,sprite,14,13,BRG1;CAVE;CLOU;CRYS;CSTL;EGGS;EVIL;GLID;MOSS;SEVN;SOAR;WEED;WIZZ,0,,4,0x02841e65
0x02841e65,sprite,16,13,BRG1;CAVE;CLOU;CRYS;CSTL;EGGS;EVIL;GLID;MOSS;SEVN;SOAR;WEED;WIZZ,1,,4,0x02804e67
0x02847462,audio,13,16,BRG1;CAVE;CLOU;CRYS;CSTL;EGGS;EVIL;FOOD;GLID;MOSS;PHRO;SCIE;SNOW;SOAR;TMPL;WEED,1,,5,0x428254e2
0x02a10c60,sprite,15,13,BRG1;CAVE;CLOU;CRYS;CSTL;EGGS;EVIL;GLID;MOSS;SEVN;SOAR;WEED;WIZZ,1,,5,0x02c00e64
0x02a48626,audio,15,1,FINN,0,,6,0x83248e62
0x02c00e64,sprite,14,13,BRG1;CAVE;CLOU;CRYS;CSTL;EGGS;EVIL;GLID;MOSS;SEVN;SOAR;WEED;WIZZ,1,,4,0x02804e67
0x02e900c0,audio,13,1,MENU,0,,6,0x02a10c60
0x02ed1470,sprite,15,1,WIZZ,1,20,6,0x02a10c60
0x0305a4f5,sprite,14,1,MENU,1,,8,0x012484d2
0x03ecb851,audio,11,1,BOIL,0,,6,0x826ca852
0x04041001,audio,11,1,WIZZ,0,,2,0x08041001
0x04084011,sprite,8,19,BOIL;BRG1;CAVE;CLOU;CRYS;CSTL;EGGS;EVIL;FOOD;GLID;HEAD;MEGA;MOSS;SEVN;SNOW;SOAR;TMPL;WEED;WIZZ,1,,5,0x04041001
0x0408c01e,sprite,11,4,EVIL;FOOD;MOSS;SOAR,0,,2,0x0428801e
0x040a2110,sprite,11,1,FINN,0,,5,0x04084011
0x0428801e,sprite,13,4,EVIL;FOOD;MOSS;SOAR,0,,2,0x0408c01e
0x0434ce72,audio,16,1,CLOU,0,,4,0x00248e52
0x0462e0bb,audio,10,11,BRG1;CAVE;CRYS;CSTL;EGGS;EVIL;FOOD;MEGA;PHRO;SCIE;TMPL,0,,6,0x2470e0f2
0x0478a37a,audio,15,3,BOIL;CSTL;TMPL,0,,5,0x0538a2ea
0x04835000,sprite,11,1,RUNN,2,,5,0x40815801
0x04a68e56,audio,16,11,BRG1;CAVE;CRYS;CSTL;EGGS;EVIL;FOOD;MEGA;PHRO;SCIE;TMPL,0,,4,0x00248e52
0x04dce858,audio,10,1,CLOU,0,,4,0x44d4c8d8
0x052aa082,sprite,14,1,EGGS,2,15,5,0x112ae088
0x0538a2ea,sprite,18,1,EGGS,1,16,5,0x0478a37a
0x06101db0,sprite,17,1,HEAD,1,,5,0x1e181d10
0x0628a800,sprite,12,1,EGGS,2,15,4,0x9629a000
0x069480a0,sprite,13,1,RUNN,0,,1,0x069580a0
0x069580a0,sprite,14,1,RUNN,1,,1,0x069480a0
0x06e0a824,audio,11,6,CAVE;CSTL;EGGS;EVIL;SCIE;WEED,1,,5,0x0628a800
0x0708a4a0,sprite,14,1,EGGS,3,15,6,0x052aa082
0x08041001,audio,9,1,WIZZ,0,,2,0x04041001
0x08089081,audio,9,1,WIZZ,0,,4,0x08041001
0x080c8300,sprite,11,1,EVIL,0,,2,0x08148300
0x08148300,sprite,11,3,EVIL;FINN;RUNN,0,,2,0x080c8300
0x08148ac2,audio,14,1,EGGS,0,,3,0x083488e2
0x08188300,sprite,11,3,EVIL;FINN;RUNN,0,,2,0x080c8300
0x08192250,sprite,11,1,MEGA,1,,4,0x001822d8
0x081c8302,sprite,13,3,EVIL;FINN;RUNN,0,,2,0x080c8300
0x081d8300,sprite,13,3,EVIL;FINN;RUNN,0,,2,0x080c8300
0x081e8300,sprite,13,3,EVIL;FINN;RUNN,0,,2,0x080c8300
0x08208902,sprite,11,22,BOIL;BRG1;CAVE;CLOU;CRYS;CSTL;EGGS;EVIL;FOOD;GLID;HEAD;MEGA;MOSS;PHRO;RUNN;SCIE;SEVN;SNOW;SOAR;TMPL;WEED;WIZZ,2,2,4,0x0aa18900
0x082c0536,sprite,15,2,EVIL;SCIE,1,,4,0x1a2c8516
0x082e03d8,sprite,16,1,EVIL,1,,6,0x08ba0250
0x083488e2,sprite,15,1,KLOG,2,,3,0x08148ac2
0x085860d4,sprite,9,1,MEGA,1,9,3,0x0a1820d4
0x085c8300,sprite,11,1,FINN,0,,2,0x080c8300
0x08624580,sprite,11,2,BRG1;SOAR,1,,4,0x086e44c0
0x086e44c0,audio,13,1,EVIL,1,,3,0x204e44c0
0x08814c64,sprite,12,13,BRG1;CAVE;CLOU;CRYS;CSTL;EGGS;EVIL;GLID;MOSS;SEVN;SOAR;WEED;WIZZ,1,,5,0x02a10c60
0x088c5011,sprite,7,1,FINN,1,,4,0x08041001
0x08b9135c,sprite,16,1,GLEN,1,,5,0x88b9833c
0x08ba0250,sprite,12,1,GLEN,1,,5,0x08192250
0x08bc8013,sprite,9,1,KLOG,1,,4,0x40b48011
0x08de7215,sprite,9,1,WIZZ,1,21,6,0x088c5011
0x092b8480,sprite,14,21,BOIL;BRG1;CAVE;CLOU;CRYS;CSTL;EGGS;EVIL;FOOD;GLID;HEAD;MEGA;MOSS;PHRO;SCIE;SEVN;SNOW;SOAR;TMPL;WEED;WIZZ,3,,3,0x292e8480
0x093080c8,sprite,13,5,BRG1;CAVE;CRYS;SNOW;SOAR,1,,5,0x0b2084d0
0x09382152,sprite,13,1,MEGA,1,9,4,0x193ca112
0x09406d8a,sprite,12,16,BOIL;BRG1;CAVE;CLOU;CRYS;CSTL;EGGS;EVIL;FOOD;GLID;MOSS;PHRO;SCIE;SNOW;TMPL;WEED,1,,7,0x08624580
0x09993072,sprite,13,1,MEGA,2,,6,0x08192250
0x09ce0610,sprite,11,4,CSTL;FOOD;SEVN;TMPL,0,,2,0x00ce0610
0x0a08c490,sprite,9,13,BRG1;CAVE;CLOU;CRYS;CSTL;EGGS;EVIL;GLID;MOSS;SEVN;SOAR;WEED;WIZZ,1,,5,0x02098010
0x0a1820d4,sprite,12,1,MEGA,1,10,3,0x085860d4
0x0a3a4051,sprite,11,21,BOIL;BRG1;CAVE;CLOU;CRYS;CSTL;EGGS;EVIL;FOOD;GLID;HEAD;MEGA;MOSS;PHRO;SCIE;SEVN;SNOW;SOAR;TMPL;WEED;WIZZ,1,3,5,0x08ba0250
0x0a409040,audio,9,10,CLOU;CRYS;CSTL;EGGS;EVIL;MOSS;SEVN;SOAR;WEED;WIZZ,0,,5,0x68009240
0x0a921e2c,sprite,17,13,BRG1;CAVE;CLOU;CRYS;CSTL;EGGS;EVIL;GLID;MOSS;SEVN;SOAR;WEED;WIZZ,1,,7,0x02841e65
0x0aa18900,sprite,11,1,KLOG,1,,4,0x08208902
0x0aabc010,sprite,9,21,BOIL;BRG1;CAVE;CLOU;CRYS;CSTL;EGGS;EVIL;FOOD;GLID;HEAD;MEGA;MOSS;PHRO;SCIE;SEVN;SNOW;SOAR;TMPL;WEED;WIZZ,1,,5,0x02098010
0x0ace0610,sprite,11,4,CSTL;FOOD;SEVN;TMPL,0,,2,0x00ce0610
0x0ad0f813,sprite,6,26,BOIL;BRG1;CAVE;CLOU;CRYS;CSTL;EGGS;EVIL;FINN;FOOD;GLEN;GLID;HEAD;KLOG;MEGA;MENU;MOSS;PHRO;RUNN;SCIE;SEVN;SNOW;SOAR;TMPL;WEED;WIZZ,1,,3,0x2ad0f011
0x0b0811bb,sprite,15,1,HEAD,1,,2,0x0b081dbb
0x0b081dbb,sprite,17,1,HEAD,1,,2,0x0b0811bb
0x0b2084d0,sprite,12,21,BOIL;BRG1;CAVE;CLOU;CRYS;CSTL;EGGS;EVIL;FOOD;GLID;HEAD;MEGA;MOSS;PHRO;SCIE;SEVN;SNOW;SOAR;TMPL;WEED;WIZZ,1,4,4,0x012484d2
0x0b290ba2,sprite,19,1,HEAD,2,,6,0x1a3109b2
0x0bbb70ac,sprite,17,16,BOIL;BRG1;CAVE;CLOU;CRYS;CSTL;EGGS;FOOD;GLID;MOSS;PHRO;SCIE;SNOW;SOAR;TMPL;WEED,1,,7,0x8ab92024
0x0c01c014,sprite,8,1,GLEN,1,,5,0x0408c01e
0x0c3082c3,audio,13,1,KLOG,1,,5,0x08148ac2
0x0c34aa22,sprite,14,1,KLOG,3,,5,0x083488e2
0x0c78005c,sprite,13,1,GLEN,1,,5,0x407801dc
0x0cce0610,sprite,11,4,CSTL;FOOD;SEVN;TMPL,0,,2,0x00ce0610
0x0e041001,audio,11,1,WIZZ,0,,2,0x04041001
0x0e0ac230,sprite,11,21,BOIL;BRG1;CAVE;CLOU;CRYS;CSTL;EGGS;EVIL;FOOD;GLID;HEAD;MEGA;MOSS;PHRO;SCIE;SEVN;SNOW;SOAR;TMPL;WEED;WIZZ,1,3,6,0x0a08c490
0x0e3889be,sprite,18,1,HEAD,1,,5,0x2b3889b2
0x1000c042,audio,10,9,BOIL;BRG1;CRYS;MOSS;PHRO;SCIE;SNOW;SOAR;TMPL,0,,4,0x30004240
0x10057441,sprite,12,1,WIZZ,1,,7,0x02847462
0x10094096,sprite,13,1,MENU,12,,5,0x98004092
0x1063bb49,audio,15,10,BOIL;BRG1;CLOU;FOOD;HEAD;MEGA;PHRO;SCIE;SNOW;TMPL,0,,7,0x006b9a6f
0x10882010,sprite,8,1,EVIL,1,,5,0x040a2110
0x10904443,audio,11,1,CRYS,0,,5,0x1000c042
0x10965446,audio,16,1,FOOD,0,,5,0x10904443
0x10b85810,sprite,12,1,FINN,0,,2,0x10b91810
0x10b91810,sprite,14,1,FINN,0,,2,0x10b85810
0x10b9181c,sprite,16,1,FINN,0,,2,0x10b91810
0x10b94810,sprite,12,1,FINN,0,,2,0x10b85810
0x10b9481c,sprite,14,1,FINN,0,,2,0x10b9181c
0x10b95010,sprite,12,1,FINN,0,,2,0x10b85810
0x10b9501c,sprite,14,1,FINN,0,,2,0x10b9181c
0x10b95a10,sprite,14,1,FINN,0,,2,0x10b85810
0x10b95a1c,sprite,16,1,FINN,0,,2,0x10b9181c
0x10b95c10,sprite,14,1,FINN,0,,2,0x10b85810
0x10b95c1c,sprite,16,1,FINN,0,,2,0x10b9181c
0x10b97810,sprite,12,1,FINN,0,,2,0x10b85810
0x10b9781c,sprite,14,1,FINN,0,,2,0x10b9181c
0x10b9d810,sprite,12,1,FINN,0,,2,0x10b85810
0x10b9d81c,sprite,14,1,FINN,0,,2,0x10b9181c
0x10bb5810,sprite,14,1,FINN,0,,2,0x10b85810
0x10f0e983,audio,10,1,TMPL,0,,7,0x91106183
0x112ae088,sprite,13,1,EGGS,1,,5,0x052aa082
0x11eac4c0,audio,13,1,EVIL,1,,6,0x086e44c0
0x12308128,sprite,15,1,RUNN,1,,6,0x00388110
0x12800031,sprite,9,9,BOIL;CAVE;CRYS;CSTL;EGGS;GLID;MOSS;SEVN;SNOW,1,,5,0x10882010
0x146ce002,audio,11,24,BOIL;BRG1;CAVE;CLOU;CRYS;CSTL;EGGS;EVIL;FOOD;GLEN;GLID;HEAD;KLOG;MEGA;MOSS;PHRO;RUNN;SCIE;SEVN;SNOW;SOAR;TMPL;WEED;WIZZ,4,,6,0x902c0002
0x1546b710,audio,14,2,PHRO;SCIE,0,,8,0xd144ab00
0x168254b5,sprite,14,1,FINN,2,,5,0x908254e5
0x181c3854,sprite,14,1,WIZZ,1,,6,0x0a1820d4
0x18248010,sprite,9,1,KLOG,1,,4,0x18298210
0x1828e640,audio,11,11,BRG1;CAVE;CRYS;CSTL;EGGS;EVIL;FOOD;MEGA;PHRO;SCIE;TMPL,0,,4,0x5860c640
0x18298210,sprite,11,21,BOIL;BRG1;CAVE;CLOU;CRYS;CSTL;EGGS;EVIL;FOOD;GLID;HEAD;MEGA;MOSS;PHRO;SCIE;SEVN;SNOW;SOAR;TMPL;WEED;WIZZ,1,,4,0x18248010
0x18ce0610,sprite,11,4,CSTL;FOOD;SEVN;TMPL,0,,2,0x00ce0610
0x18e88310,sprite,9,1,GLEN,1,,2,0x18e88510
0x18e88510,sprite,9,1,GLEN,1,,2,0x18e88310
0x18e88910,sprite,9,1,GLEN,1,,2,0x18e88310
0x18e8c704,sprite,11,1,GLEN,1,,4,0x18e88310
0x193ca112,sprite,13,1,KLOG,2,,4,0x09382152
0x1a202d81,sprite,13,1,RUNN,3,,7,0x3a186980
0x1a28c11a,sprite,12,21,BOIL;BRG1;CAVE;CLOU;CRYS;CSTL;EGGS;EVIL;FOOD;GLID;HEAD;MEGA;MOSS;PHRO;SCIE;SEVN;SNOW;SOAR;TMPL;WEED;WIZZ,1,3,5,0x1a2c8516
0x1a2ab594,sprite,15,22,BOIL;BRG1;CAVE;CLOU;CRYS;CSTL;EGGS;EVIL;FOOD;GLID;HEAD;MEGA;MOSS;PHRO;RUNN;SCIE;SEVN;SNOW;SOAR;TMPL;WEED;WIZZ,1,,6,0x1a2c8516
0x1a2c8516,sprite,15,1,KLOG,1,,4,0x082c0536
0x1a3109b2,sprite,17,1,HEAD,1,,5,0x3a3a49b2
0x1b280858,sprite,15,1,KLOG,1,,6,0x1b280c33
0x1b280c33,sprite,15,1,KLOG,1,,6,0x0b081dbb
0x1b301085,sprite,15,23,BOIL;BRG1;CAVE;CLOU;CRYS;CSTL;EGGS;EVIL;FOOD;GLEN;GLID;HEAD;MEGA;MOSS;PHRO;RUNN;SCIE;SEVN;SNOW;SOAR;TMPL;WEED;WIZZ,4,2,6,0xbb781481
0x1b610064,audio,15,19,BOIL;BRG1;CAVE;CLOU;CRYS;CSTL;EGGS;EVIL;FOOD;GLID;HEAD;MEGA;MOSS;SEVN;SNOW;SOAR;TMPL;WEED;WIZZ,0,,7,0x53608b64
0x1c395196,sprite,17,21,BOIL;BRG1;CAVE;CLOU;CRYS;CSTL;EGGS;EVIL;FOOD;GLID;HEAD;MEGA;MOSS;PHRO;SCIE;SEVN;SNOW;SOAR;TMPL;WEED;WIZZ,2,5,6,0x10094096
0x1c3aa013,sprite,11,21,BOIL;BRG1;CAVE;CLOU;CRYS;CSTL;EGGS;EVIL;FOOD;GLID;HEAD;MEGA;MOSS;PHRO;SCIE;SEVN;SNOW;SOAR;TMPL;WEED;WIZZ,5,,6,0x08bc8013
0x1c8c2437,sprite,12,10,CLOU;CRYS;CSTL;EGGS;EVIL;MOSS;SEVN;SOAR;WEED;WIZZ,1,,7,0x082c0536
0x1cf99931,sprite,13,21,BOIL;BRG1;CAVE;CLOU;CRYS;CSTL;EGGS;EVIL;FOOD;GLID;HEAD;MEGA;MOSS;PHRO;SCIE;SEVN;SNOW;SOAR;TMPL;WEED;WIZZ,1,6,1,0x1df99931
0x1d1811b3,sprite,16,19,BOIL;BRG1;CAVE;CLOU;CRYS;CSTL;EGGS;EVIL;FOOD;GLID;HEAD;MEGA;MOSS;SEVN;SNOW;SOAR;TMPL;WEED;WIZZ,1,,5,0x0b0811bb
0x1df99931,sprite,14,21,BOIL;BRG1;CAVE;CLOU;CRYS;CSTL;EGGS;EVIL;FOOD;GLID;HEAD;MEGA;MOSS;PHRO;SCIE;SEVN;SNOW;SOAR;TMPL;WEED;WIZZ,1,6,1,0x1cf99931
0x1e089010,sprite,11,21,BOIL;BRG1;CAVE;CLOU;CRYS;CSTL;EGGS;EVIL;FOOD;GLID;HEAD;MEGA;MOSS;PHRO;SCIE;SEVN;SNOW;SOAR;TMPL;WEED;WIZZ,2,3,5,0x02098010
0x1e1000b3,sprite,13,19,BOIL;BRG1;CAVE;CLOU;CRYS;CSTL;EGGS;EVIL;FOOD;GLID;HEAD;MEGA;MOSS;SEVN;SNOW;SOAR;TMPL;WEED;WIZZ,3,,5,0x1d1811b3
0x1e181d10,sprite,16,1,RUNN,1,,5,0x06101db0
0x1e28e0d4,sprite,12,17,BOIL;BRG1;CAVE;CLOU;CRYS;CSTL;EGGS;EVIL;FOOD;GLID;HEAD;MOSS;SEVN;SNOW;SOAR;WEED;WIZZ,3,,6,0x0a1820d4
0x1ef99931,sprite,14,21,BOIL;BRG1;CAVE;CLOU;CRYS;CSTL;EGGS;EVIL;FOOD;GLID;HEAD;MEGA;MOSS;PHRO;SCIE;SEVN;SNOW;SOAR;TMPL;WEED;WIZZ,0,6,1,0x1cf99931
0x20211e5f,sprite,16,2,FOOD;SNOW,1,,6,0xa0299a4d
0x204e44c0,audio,12,1,EVIL,1,,3,0x086e44c0
0x205e40c2,audio,13,1,EVIL,1,,3,0x204e44c0
0x21229c5c,sprite,15,2,FOOD;SNOW,1,12,5,0x212a9c2d
0x212a9c2d,sprite,16,1,TMPL,2,,5,0x21229c5c
0x21842018,sprite,8,1,FINN,2,,6,0x10882010
0x21a81d54,sprite,15,2,FOOD;SNOW,2,12,6,0x21229c5c
0x21e90ca0,audio,14,1,MENU,0,,7,0x02a10c60
0x222222d8,sprite,13,1,EVIL,1,,6,0x001822d8
0x2222b64a,audio,15,2,CSTL;MOSS,0,,6,0x022e3442
0x222cb0e2,audio,15,14,BOIL;CAVE;CLOU;CRYS;CSTL;EGGS;FOOD;GLID;MOSS;PHRO;SEVN;SNOW;TMPL;WEED,1,,6,0x022e3442
0x222d9098,sprite,14,2,EVIL;SCIE,1,,6,0x02098010
0x22a4aa42,audio,12,5,BRG1;CAVE;CRYS;SNOW;SOAR,0,,6,0x00248e52
0x23683294,sprite,13,22,BOIL;BRG1;CAVE;CLOU;CRYS;CSTL;EGGS;EVIL;FOOD;GLID;HEAD;MEGA;MOSS;PHRO;RUNN;SCIE;SEVN;SNOW;SOAR;TMPL;WEED;WIZZ,0,,8,0x222222d8
0x24002913,sprite,9,2,FOOD;SNOW,1,,6,0x040a2110
0x246166fa,audio,14,21,BOIL;BRG1;CAVE;CLOU;CRYS;CSTL;EGGS;EVIL;FOOD;GLID;HEAD;MEGA;MOSS;PHRO;SCIE;SEVN;SNOW;SOAR;TMPL;WEED;WIZZ,1,,6,0x2470e0f2
0x2470e0f2,audio,10,1,CLOU,0,,6,0x0462e0bb
0x2524e089,sprite,10,1,EGGS,1,,6,0x8524a880
0x25d2c8d8,audio,11,3,BOIL;CSTL;TMPL,0,,5,0x44d4c8d8
0x262e0319,sprite,15,1,EVIL,1,,6,0x62ee0118
0x282b8491,sprite,10,21,BOIL;BRG1;CAVE;CLOU;CRYS;CSTL;EGGS;EVIL;FOOD;GLID;HEAD;MEGA;MOSS;PHRO;SCIE;SEVN;SNOW;SOAR;TMPL;WEED;WIZZ,2,,4,0x092b8480
0x28a0c119,sprite,5,1,MENU,0,0,1,0x38a0c119
0x28c080df,sprite,7,26,BOIL;BRG1;CAVE;CLOU;CRYS;CSTL;EGGS;EVIL;FINN;FOOD;GLEN;GLID;HEAD;KLOG;MEGA;MENU;MOSS;PHRO;RUNN;SCIE;SEVN;SNOW;SOAR;TMPL;WEED;WIZZ,1,,6,0x682080cd
0x28ce0610,sprite,9,4,CSTL;FOOD;SEVN;TMPL,1,,2,0x00ce0610
0x292e8480,sprite,13,21,BOIL;BRG1;CAVE;CLOU;CRYS;CSTL;EGGS;EVIL;FOOD;GLID;HEAD;MEGA;MOSS;PHRO;SCIE;SEVN;SNOW;SOAR;TMPL;WEED;WIZZ,2,,3,0x092b8480
0x29808408,audio,8,22,BOIL;BRG1;CAVE;CLOU;CRYS;CSTL;EGGS;EVIL;FOOD;GLEN;GLID;HEAD;MEGA;MOSS;PHRO;SCIE;SEVN;SNOW;SOAR;TMPL;WEED;WIZZ,0,,5,0x3080840d
0x29c0e211,sprite,2,26,BOIL;BRG1;CAVE;CLOU;CRYS;CSTL;EGGS;EVIL;FINN;FOOD;GLEN;GLID;HEAD;KLOG;MEGA;MENU;MOSS;PHRO;RUNN;SCIE;SEVN;SNOW;SOAR;TMPL;WEED;WIZZ,1,,5,0x2ad0f011
0x2a6e0410,sprite,11,1,EGGS,0,16,2,0x326e0410
0x2ad0f011,sprite,3,26,BOIL;BRG1;CAVE;CLOU;CRYS;CSTL;EGGS;EVIL;FINN;FOOD;GLEN;GLID;HEAD;KLOG;MEGA;MENU;MOSS;PHRO;RUNN;SCIE;SEVN;SNOW;SOAR;TMPL;WEED;WIZZ,1,,3,0x0ad0f813
0x2b2ca36b,audio,15,16,BOIL;BRG1;CAVE;CLOU;CRYS;CSTL;EGGS;EVIL;FOOD;GLID;MOSS;PHRO;SCIE;SNOW;TMPL;WEED,0,,8,0x0220a173
0x2b3889b2,sprite,15,1,HEAD,1,,5,0x0e3889be
0x2b79835d,sprite,14,1,GLEN,1,18,7,0x2d688254
0x2c182010,sprite,8,1,MEGA,1,10,5,0x040a2110
0x2cda4604,sprite,11,3,BRG1;PHRO;SOAR,2,,6,0x0cce0610
0x2d688254,sprite,11,1,GLEN,1,18,6,0x0c78005c
0x2e809804,sprite,10,1,KLOG,2,,2,0x2e811804
0x2e811804,sprite,12,1,KLOG,2,,2,0x2e809804
0x2e839804,sprite,12,1,KLOG,2,,2,0x2e809804
0x30004240,audio,10,1,BRG1,0,,3,0x7000c248
0x302010c4,audio,14,3,BRG1;PHRO;TMPL,0,,2,0x302016c4
0x302016c4,audio,16,1,HEAD,0,,2,0x302010c4
0x3080820d,sprite,9,1,MENU,1,,2,0x3080840d
0x3080840d,sprite,9,1,MENU,1,,2,0x3080820d
0x30808e0d,sprite,11,1,MENU,1,,2,0x3080820d
0x3099991b,sprite,13,1,MENU,1,,7,0x10b91810
0x30a0c119,sprite,7,1,MENU,0,0,1,0x38a0c119
0x3128adf0,audio,15,10,BOIL;BRG1;CLOU;FOOD;HEAD;MEGA;PHRO;SCIE;SNOW;TMPL,0,,7,0xb01c25f0
0x323ac9be,sprite,18,1,HEAD,1,,4,0x3a3a49b2
0x326e0410,sprite,13,2,FOOD;TMPL,0,8,2,0x2a6e0410
0x33808e1b,sprite,12,1,MENU,1,,5,0x30808e0d
0x34014841,audio,11,2,KLOG;RUNN,1,,5,0x30004240
0x344210b1,sprite,11,1,FINN,1,,7,0x168254b5
0x35289fae,sprite,22,1,TMPL,1,,8,0x212a9c2d
0x3838801a,sprite,11,21,BOIL;BRG1;CAVE;CLOU;CRYS;CSTL;EGGS;EVIL;FOOD;GLID;HEAD;MEGA;MOSS;PHRO;SCIE;SEVN;SNOW;SOAR;TMPL;WEED;WIZZ,3,5,5,0x1a28c11a
0x38a0c119,sprite,6,1,MENU,1,,1,0x28a0c119
0x392cb014,sprite,11,19,BOIL;BRG1;CAVE;CLOU;CRYS;CSTL;EGGS;EVIL;FOOD;GLID;HEAD;MEGA;MOSS;SEVN;SNOW;SOAR;TMPL;WEED;WIZZ,1,,6,0x18248010
0x393c80c2,sprite,15,21,BOIL;BRG1;CAVE;CLOU;CRYS;CSTL;EGGS;EVIL;FOOD;GLID;HEAD;MEGA;MOSS;PHRO;SCIE;SEVN;SNOW;SOAR;TMPL;WEED;WIZZ,3,2,5,0x3d348056
0x39900619,sprite,10,1,MENU,6,,6,0x29808408
0x3a186940,sprite,12,4,CAVE;EGGS;GLID;WEED,0,,2,0x3a186980
0x3a186980,sprite,12,4,CAVE;EGGS;GLID;WEED,0,,2,0x3a186940
0x3a3a49b2,sprite,16,1,HEAD,1,,4,0x323ac9be
0x3c389550,sprite,14,1,RUNN,1,,6,0x1e181d10
0x3d348056,sprite,14,24,BOIL;BRG1;CAVE;CLOU;CRYS;CSTL;EGGS;EVIL;FOOD;GLEN;GLID;HEAD;KLOG;MEGA;MOSS;PHRO;RUNN;SCIE;SEVN;SNOW;SOAR;TMPL;WEED;WIZZ,5,,5,0x393c80c2
0x3da80d13,sprite,13,1,KLOG,2,,6,0x1b280c33
0x3eb98520,sprite,15,1,RUNN,1,,7,0x1ef99931
0x40023e30,audio,14,16,BOIL;CAVE;CLOU;CRYS;CSTL;EGGS;EVIL;FOOD;GLID;MOSS;SCIE;SEVN;SNOW;SOAR;TMPL;WEED,3,,5,0x408a1c10
0x40098a60,sprite,15,2,FOOD;TMPL,1,,5,0x001882e0
0x400c989d,sprite,14,8,BOIL;BRG1;CRYS;MOSS;SCIE;SNOW;SOAR;TMPL,0,,2,0x400c991d
0x400c991d,sprite,14,8,BOIL;BRG1;CRYS;MOSS;SCIE;SNOW;SOAR;TMPL,0,,2,0x400c989d
0x400c9a1d,sprite,14,2,PHRO;SCIE,1,,2,0x400c989d
0x40106054,sprite,10,1,MEGA,1,9,2,0x4c106054
0x401106da,audio,17,8,BOIL;CLOU;FOOD;HEAD;MEGA;PHRO;SCIE;SNOW,0,,5,0x421586c2
0x40110e26,audio,18,4,GLID;SCIE;SOAR;TMPL,0,,6,0x45310a04
0x40189a1d,sprite,14,8,BOIL;BRG1;CRYS;MOSS;SCIE;SNOW;SOAR;TMPL,0,,2,0x400c9a1d
0x402044c9,audio,13,1,MEGA,0,,5,0x502840c3
0x40400270,audio,11,2,BRG1;SOAR,0,,4,0x42c11270
0x40489938,sprite,13,3,CLOU;CRYS;SOAR,0,,3,0x004c9138
0x404c5919,sprite,12,2,SCIE;SNOW,0,,4,0x400c991d
0x407801d0,sprite,14,1,GLEN,1,19,2,0x407801dc
0x407801dc,sprite,16,1,GLEN,1,,2,0x407801d0
0x40784034,audio,12,1,RUNN,1,,4,0x40f8c274
0x40815801,audio,10,1,WIZZ,0,,5,0x04835000
0x40864668,audio,15,1,BRG1,1,,6,0x408a6461
0x408a1c10,sprite,13,1,CAVE,0,,2,0x408a2c10
0x408a2c10,sprite,11,1,FOOD,0,,2,0x408a1c10
0x408a6461,audio,11,3,BOIL;CLOU;TMPL,1,,2,0x428a6465
0x40b18011,sprite,9,1,MENU,1,1,2,0x40b28011
0x40b28011,sprite,9,1,MENU,0,,2,0x40b18011
0x40b48011,sprite,9,1,MENU,0,1,2,0x40b18011
0x40c0d0e4,audio,11,4,CAVE;EGGS;GLID;WEED,0,,6,0x4860c074
0x40c21c10,sprite,11,1,BRG1,0,,2,0x408a1c10
0x40c22c10,sprite,9,1,SCIE,0,,2,0x408a2c10
0x40da1c10,sprite,13,1,FINN,0,,2,0x408a1c10
0x40da2c10,sprite,11,1,EGGS,0,,2,0x408a2c10
0x40e0824c,audio,12,1,FINN,1,,4,0x40e28045
0x40e28045,audio,10,19,BOIL;BRG1;CAVE;CLOU;CRYS;CSTL;EGGS;EVIL;FOOD;GLID;HEAD;MEGA;MOSS;SEVN;SNOW;SOAR;TMPL;WEED;WIZZ,1,,4,0x40e0824c
0x40e9a362,audio,14,21,BOIL;BRG1;CAVE;CLOU;CRYS;CSTL;EGGS;EVIL;FOOD;GLID;HEAD;MEGA;MOSS;PHRO;SCIE;SEVN;SNOW;SOAR;TMPL;WEED;WIZZ,0,,7,0x0478a37a
0x40ea1c10,sprite,13,1,CLOU,0,,2,0x408a1c10
0x40ea2c10,sprite,11,1,WEED,0,,2,0x408a2c10
0x40f8c274,audio,12,1,RUNN,1,,4,0x40784034
0x410800f9,sprite,14,2,FOOD;TMPL,1,8,1,0x410808f9
0x410808f9,sprite,15,2,FOOD;TMPL,1,8,1,0x410800f9
0x410818f9,sprite,16,2,FOOD;TMPL,1,8,1,0x410808f9
0x412e8311,audio,14,13,BRG1;CAVE;CLOU;CRYS;CSTL;EGGS;EVIL;GLID;MOSS;SEVN;SOAR;WEED;WIZZ,0,,7,0x00388110
0x4148c374,audio,13,1,RUNN,0,,5,0x40f8c274
0x41ca1c10,sprite,13,1,CRYS,0,,2,0x408a1c10
0x421586c2,audio,18,2,EGGS;GLEN,2,,5,0x401106da
0x421d1000,audio,16,1,MENU,0,,4,0x424d1840
0x422a0225,sprite,16,1,CLOU,1,,7,0x01680261
0x424129a1,audio,13,1,WIZZ,1,,7,0x66017821
0x42464cc8,audio,16,4,CRYS;CSTL;PHRO;SNOW,1,,6,0x204e44c0
0x424d1840,sprite,16,1,WIZZ,1,22,4,0x421d1000
0x42590440,audio,15,1,MENU,0,,5,0x421d1000
0x425a399c,sprite,17,3,BOIL;CLOU;MOSS,0,,7,0x004a981c
0x4260c8b5,sprite,11,12,BOIL;CRYS;FOOD;HEAD;MEGA;PHRO;SCIE;SEVN;SNOW;TMPL;WEED;WIZZ,1,,6,0x4860c074
0x428254e2,audio,16,20,BOIL;BRG1;CAVE;CLOU;CRYS;CSTL;EGGS;EVIL;FINN;FOOD;GLID;MOSS;PHRO;RUNN;SCIE;SEVN;SNOW;SOAR;TMPL;WEED,2,,5,0x02847462
0x428a6465,audio,13,3,BOIL;CLOU;TMPL,1,,2,0x408a6461
0x42906465,audio,12,18,BOIL;BRG1;CAVE;CLOU;CRYS;CSTL;EGGS;FOOD;GLID;MENU;MOSS;PHRO;RUNN;SCIE;SNOW;SOAR;TMPL;WEED,2,,2,0xc2906565
0x42c11270,audio,13,1,CAVE,1,,4,0x40400270
0x42ca1c10,sprite,13,1,CLOU,0,,2,0x408a1c10
0x43234444,audio,17,1,GLEN,0,,7,0x51200640
0x4348b052,audio,12,10,BOIL;CAVE;CRYS;CSTL;EGGS;GLID;MOSS;SEVN;SNOW;WEED,0,,7,0x03ecb851
0x4428c941,audio,13,21,BOIL;BRG1;CAVE;CLOU;CRYS;CSTL;EGGS;EVIL;FOOD;GLID;HEAD;MEGA;MOSS;PHRO;SCIE;SEVN;SNOW;SOAR;TMPL;WEED;WIZZ,0,,6,0x4c2a8850
0x44c26454,audio,10,13,BOIL;BRG1;CAVE;CLOU;CRYS;CSTL;EGGS;EVIL;FINN;FOOD;MOSS;SNOW;TMPL,1,,5,0x40c22c10
0x44ca1c10,sprite,13,1,TMPL,0,,2,0x408a1c10
0x44d4c8d8,audio,12,21,BOIL;BRG1;CAVE;CLOU;CRYS;CSTL;EGGS;EVIL;FOOD;GLID;HEAD;MEGA;MOSS;PHRO;SCIE;SEVN;SNOW;SOAR;TMPL;WEED;WIZZ,2,,4,0x04dce858
0x44d6c8cd,audio,14,2,BRG1;SOAR,0,,4,0x44d4c8d8
0x45310a04,audio,18,4,GLID;SCIE;SOAR;TMPL,0,,6,0x40110e26
0x458b0320,sprite,17,2,BRG1;SOAR,1,,6,0xe4cb8330
0x46269090,sprite,15,1,WIZZ,0,22,2,0x5e269090
0x462c6040,sprite,14,10,BOIL;CAVE;CRYS;CSTL;EGGS;GLID;MOSS;SEVN;SNOW;WEED,1,,2,0x46346040
0x46346040,sprite,14,10,BOIL;CAVE;CRYS;CSTL;EGGS;GLID;MOSS;SEVN;SNOW;WEED,1,,2,0x462c6040
0x46386040,sprite,14,10,BOIL;CAVE;CRYS;CSTL;EGGS;GLID;MOSS;SEVN;SNOW;WEED,1,,2,0x462c6040
0x463e6040,sprite,16,10,BOIL;CAVE;CRYS;CSTL;EGGS;GLID;MOSS;SEVN;SNOW;WEED,1,,2,0x462c6040
0x48017101,audio,9,1,WIZZ,0,,5,0x40815801
0x48204012,sprite,9,21,BOIL;BRG1;CAVE;CLOU;CRYS;CSTL;EGGS;EVIL;FOOD;GLID;HEAD;MEGA;MOSS;PHRO;SCIE;SEVN;SNOW;SOAR;TMPL;WEED;WIZZ,3,,5,0x98004092
0x48209640,audio,13,1,KLOG,0,,2,0x49609640
0x4824c0c5,audio,11,1,MEGA,0,,4,0x682080cd
0x486002db,audio,12,3,BOIL;CSTL;TMPL,0,,7,0x0c3082c3
0x48608484,sprite,11,12,BOIL;CRYS;FOOD;HEAD;MEGA;PHRO;SCIE;SEVN;SNOW;TMPL;WEED;WIZZ,0,,5,0x486492c4
0x4860c074,audio,9,1,RUNN,0,,5,0x40784034
0x486492c4,audio,14,1,KLOG,1,,5,0x00e49240
0x48ca1c10,sprite,11,2,CAVE;CRYS,0,,2,0x408a1c10
0x48d81135,sprite,11,1,GLEN,1,,6,0xc8f90114
0x48f843d4,sprite,13,1,GLEN,1,,5,0x407801d0
0x49289c14,sprite,14,21,BOIL;BRG1;CAVE;CLOU;CRYS;CSTL;EGGS;EVIL;FOOD;GLID;HEAD;MEGA;MOSS;PHRO;SCIE;SEVN;SNOW;SOAR;TMPL;WEED;WIZZ,3,,4,0x6c289c1c
0x492c8430,sprite,13,1,WIZZ,0,20,2,0x512c8430
0x49609640,audio,13,1,KLOG,0,,2,0x48209640
0x49a09640,audio,13,1,KLOG,0,,2,0x48209640
0x4a1ea052,sprite,13,1,GLEN,0,19,4,0x4a3ea110
0x4a3ea110,sprite,13,1,MENU,0,1,2,0x523ea110
0x4a4ec094,sprite,11,1,GLEN,0,18,2,0x524ec094
0x4a60ca40,audio,11,21,BOIL;BRG1;CAVE;CLOU;CRYS;CSTL;EGGS;EVIL;FOOD;GLID;HEAD;MEGA;MOSS;PHRO;SCIE;SEVN;SNOW;SOAR;TMPL;WEED;WIZZ,0,,4,0x5860c640
0x4a806042,audio,9,20,BOIL;BRG1;CAVE;CLOU;CRYS;CSTL;EGGS;EVIL;FINN;FOOD;GLID;MOSS;PHRO;RUNN;SCIE;SEVN;SNOW;SOAR;TMPL;WEED,2,,6,0x02847462
0x4aee0118,sprite,13,1,MEGA,0,10,2,0x52ee0118
0x4baf8200,sprite,15,1,MEGA,0,9,2,0x53af8200
0x4c02d240,audio,12,1,KLOG,0,,1,0x4c22d240
0x4c106054,sprite,10,1,MEGA,1,,2,0x40106054
0x4c22d240,audio,13,1,KLOG,0,,1,0x4c02d240
0x4c2a8850,sprite,13,1,WIZZ,0,21,2,0x542a8850
0x4c60f249,audio,10,26,BOIL;BRG1;CAVE;CLOU;CRYS;CSTL;EGGS;EVIL;FINN;FOOD;GLEN;GLID;HEAD;KLOG;MEGA;MENU;MOSS;PHRO;RUNN;SCIE;SEVN;SNOW;SOAR;TMPL;WEED;WIZZ,1,,4,0x4c62d240
0x4c62d240,audio,12,1,KLOG,0,,1,0x4c22d240
0x4ca2d240,audio,12,1,KLOG,0,,1,0x4c22d240
0x4cddccd8,audio,14,11,BRG1;CAVE;CRYS;CSTL;EGGS;EVIL;FOOD;MEGA;PHRO;SCIE;TMPL,0,,4,0x44d4c8d8
0x4d09d01c,sprite,13,1,GLEN,1,,5,0x0c01c014
0x50008340,audio,13,19,BOIL;BRG1;CAVE;CLOU;CRYS;CSTL;EGGS;EVIL;FOOD;GLID;HEAD;MEGA;MOSS;SEVN;SNOW;SOAR;TMPL;WEED;WIZZ,0,,4,0x50408b61
0x502141c3,audio,15,1,MEGA,0,,3,0x502840c3
0x502840c3,audio,14,2,HEAD;MEGA,0,,3,0x502141c3
0x50408b61,audio,13,3,EVIL;GLEN;SCIE,0,,4,0x50008340
0x5050c643,audio,12,3,BOIL;CSTL;TMPL,0,,5,0x10904443
0x506e8654,audio,16,19,BOIL;BRG1;CAVE;CLOU;CRYS;CSTL;EGGS;EVIL;FOOD;GLID;HEAD;MEGA;MOSS;SEVN;SNOW;SOAR;TMPL;WEED;WIZZ,0,,7,0x002e2414
0x507883c3,audio,16,17,BOIL;BRG1;CAVE;CLOU;CRYS;CSTL;EGGS;EVIL;FOOD;GLID;HEAD;MOSS;SEVN;SNOW;SOAR;WEED;WIZZ,0,,6,0x407801d0
0x50f08207,audio,12,21,BOIL;BRG1;CAVE;CLOU;CRYS;CSTL;EGGS;EVIL;FOOD;GLID;HEAD;MEGA;MOSS;PHRO;SCIE;SEVN;SNOW;SOAR;TMPL;WEED;WIZZ,1,,6,0x40e0824c
0x5101c047,audio,13,1,GLEN,0,,5,0x1000c042
0x51200640,audio,16,1,FOOD,1,,2,0x61200640
0x512061c1,audio,13,1,MEGA,0,,4,0x502141c3
0x512c8430,sprite,15,21,BOIL;BRG1;CAVE;CLOU;CRYS;CSTL;EGGS;EVIL;FOOD;GLID;HEAD;MEGA;MOSS;PHRO;SCIE;SEVN;SNOW;SOAR;TMPL;WEED;WIZZ,0,4,2,0x492c8430
0x518b11b2,sprite,18,1,FOOD,1,,7,0x458b0320
0x51910816,audio,15,4,GLID;SCIE;SOAR;TMPL,0,,7,0x10b91810
0x52186e1c,sprite,16,1,FOOD,1,,7,0x5238cd10
0x5238cd10,sprite,15,1,RUNN,1,,5,0x5838cc16
0x523ea110,sprite,15,1,EGGS,0,17,2,0x4a3ea110
0x524ec094,sprite,13,23,BOIL;BRG1;CAVE;CLOU;CRYS;CSTL;EGGS;EVIL;FOOD;GLEN;GLID;HEAD;MEGA;MOSS;PHRO;RUNN;SCIE;SEVN;SNOW;SOAR;TMPL;WEED;WIZZ,0,2,2,0x4a4ec094
0x52a08394,sprite,14,7,BOIL;FOOD;HEAD;MEGA;PHRO;SCIE;SNOW,0,,7,0x18e88310
0x52ee0118,sprite,15,21,BOIL;BRG1;CAVE;CLOU;CRYS;CSTL;EGGS;EVIL;FOOD;GLID;HEAD;MEGA;MOSS;PHRO;SCIE;SEVN;SNOW;SOAR;TMPL;WEED;WIZZ,0,6,2,0x4aee0118
0x53209c1c,sprite,17,2,FOOD;SNOW,1,,5,0x49289c14
0x53608b64,audio,18,22,BOIL;BRG1;CAVE;CLOU;CRYS;CSTL;EGGS;EVIL;FOOD;GLEN;GLID;HEAD;MEGA;MOSS;PHRO;SCIE;SEVN;SNOW;SOAR;TMPL;WEED;WIZZ,0,,5,0x50408b61
0x53af8200,sprite,17,21,BOIL;BRG1;CAVE;CLOU;CRYS;CSTL;EGGS;EVIL;FOOD;GLID;HEAD;MEGA;MOSS;PHRO;SCIE;SEVN;SNOW;SOAR;TMPL;WEED;WIZZ,0,5,2,0x4baf8200
0x542a8850,sprite,15,21,BOIL;BRG1;CAVE;CLOU;CRYS;CSTL;EGGS;EVIL;FOOD;GLID;HEAD;MEGA;MOSS;PHRO;SCIE;SEVN;SNOW;SOAR;TMPL;WEED;WIZZ,0,3,2,0x4c2a8850
0x54608016,sprite,12,10,BOIL;CAVE;EVIL;FOOD;HEAD;MEGA;PHRO;SCIE;SNOW;TMPL,1,,5,0x0428801e
0x563ba142,audio,19,4,GLID;SCIE;SOAR;TMPL,0,,6,0x523ea110
0x56a1c2c0,audio,15,1,GLEN,0,,6,0x5821c242
0x5821c242,audio,13,1,CLOU,0,,4,0x5860c640
0x5822c080,sprite,11,1,TMPL,1,,6,0x08624580
0x5838cc16,sprite,14,10,BOIL;BRG1;CLOU;FOOD;HEAD;MEGA;PHRO;SCIE;SNOW;TMPL,1,,5,0x5238cd10
0x5860c640,audio,11,21,BOIL;BRG1;CAVE;CLOU;CRYS;CSTL;EGGS;EVIL;FOOD;GLID;HEAD;MEGA;MOSS;PHRO;SCIE;SEVN;SNOW;SOAR;TMPL;WEED;WIZZ,1,,4,0x1828e640
0x5862f614,audio,11,1,KLOG,0,,6,0x5860c640
0x5870c6e8,audio,15,2,BRG1;SOAR,0,,4,0x5860c640
0x5900c41e,sprite,12,21,BOIL;BRG1;CAVE;CLOU;CRYS;CSTL;EGGS;EVIL;FOOD;GLID;HEAD;MEGA;MOSS;PHRO;SCIE;SEVN;SNOW;SOAR;TMPL;WEED;WIZZ,2,,6,0x5838cc16
0x5a088840,sprite,13,1,KLOG,1,,6,0x0a409040
0x5a204c30,sprite,13,7,BOIL;FOOD;HEAD;MEGA;PHRO;SCIE;SNOW,0,,6,0x1b280c33
0x5a2082f2,sprite,15,13,BRG1;CAVE;CLOU;CRYS;CSTL;EGGS;EVIL;GLID;MOSS;SEVN;SOAR;WEED;WIZZ,1,,6,0x5821c242
0x5a89815f,sprite,14,13,BOIL;BRG1;CLOU;CRYS;CSTL;EVIL;FOOD;MOSS;PHRO;SCIE;SNOW;SOAR;TMPL,1,,2,0x5ab9815f
0x5ab9815f,sprite,16,13,BOIL;BRG1;CLOU;CRYS;CSTL;EVIL;FOOD;MOSS;PHRO;SCIE;SNOW;SOAR;TMPL,1,,2,0x5a89815f
0x5ad9815f,sprite,14,13,BOIL;BRG1;CLOU;CRYS;CSTL;EVIL;FOOD;MOSS;PHRO;SCIE;SNOW;SOAR;TMPL,1,,2,0x5a89815f
0x5d2ce434,sprite,14,10,BOIL;BRG1;CLOU;FOOD;HEAD;MEGA;PHRO;SCIE;SNOW;TMPL,0,,5,0x492c8430
0x5d40a249,audio,11,7,BOIL;BRG1;FOOD;MEGA;PHRO;SCIE;SNOW,0,,5,0x4c60f249
0x5e269090,sprite,15,1,MENU,0,0,2,0x46269090
0x60041650,audio,13,1,CSTL,0,,5,0x61200640
0x60181a0c,sprite,16,2,PHRO;SCIE,1,,2,0x61581a0c
0x603588e8,audio,17,1,HEAD,2,,6,0x083488e2
0x60680076,audio,13,1,RUNN,1,,5,0x40784034
0x606c8061,audio,11,1,KLOG,0,,6,0x01680261
0x6082c120,audio,9,4,GLID;SCIE;SOAR;TMPL,1,,6,0x60830860
0x60830860,audio,13,2,RUNN;SNOW,0,,6,0x02a10c60
0x60889602,audio,12,2,EVIL;SCIE,1,,6,0x68009240
0x60a91c9c,sprite,16,1,BRG1,0,13,1,0x61a91c9c
0x60aa1c9c,sprite,16,1,BRG1,0,14,1,0x62aa1c9c
0x60b8bc9c,sprite,14,3,BRG1;PHRO;TMPL,1,,3,0x60b9bcbd
0x60b93cbd,sprite,16,1,BRG1,1,,1,0x60b9bcbd
0x60b98cbd,sprite,15,3,BRG1;PHRO;TMPL,1,,2,0x60b9bcbd
0x60b9bcbd,sprite,15,1,BRG1,1,,1,0x60b93cbd
0x60de1050,sprite,12,1,WIZZ,1,,5,0x40da1c10
0x611c5804,sprite,15,2,PHRO;SCIE,1,,5,0x60181a0c
0x61200640,audio,14,2,FOOD;SNOW,1,,2,0x51200640
0x612010c9,audio,14,1,HEAD,0,,5,0x402044c9
0x612c8430,sprite,13,2,FOOD;SNOW,0,12,2,0x492c8430
0x61581a0c,sprite,16,8,BOIL;BRG1;CRYS;MOSS;SCIE;SNOW;SOAR;TMPL,0,,2,0x60181a0c
0x61841021,audio,11,3,EVIL;SCIE;WIZZ,0,,6,0x04041001
0x61981a0c,sprite,16,8,BOIL;BRG1;CRYS;MOSS;SCIE;SNOW;SOAR;TMPL,0,,2,0x60181a0c
0x61a91c9c,sprite,17,1,BRG1,1,,1,0x60a91c9c
0x62000441,audio,11,2,BRG1;SOAR,1,,5,0x61200640
0x620ec210,sprite,11,16,BOIL;BRG1;CAVE;CLOU;CRYS;CSTL;EGGS;EVIL;FOOD;GLID;MOSS;PHRO;SCIE;SNOW;TMPL;WEED,0,7,2,0x7a0ec210
0x6220a452,audio,11,2,CSTL;MOSS,0,,6,0x0220a173
0x62318245,audio,14,1,GLEN,1,,2,0x7a318245
0x62aa1c9c,sprite,17,1,BRG1,1,,1,0x60aa1c9c
0x62ee0118,sprite,13,1,BRG1,0,14,2,0x4aee0118
0x63848e59,sprite,13,1,MENU,6,,5,0x33808e1b
0x63af8200,sprite,15,2,FOOD;SNOW,0,11,2,0x4baf8200
0x64221e61,audio,17,22,BOIL;BRG1;CAVE;CLOU;CRYS;CSTL;EGGS;EVIL;FOOD;GLID;HEAD;MEGA;MENU;MOSS;PHRO;SCIE;SEVN;SNOW;SOAR;TMPL;WEED;WIZZ,7,,5,0x65281e40
0x646c2cc0,audio,15,26,BOIL;BRG1;CAVE;CLOU;CRYS;CSTL;EGGS;EVIL;FINN;FOOD;GLEN;GLID;HEAD;KLOG;MEGA;MENU;MOSS;PHRO;RUNN;SCIE;SEVN;SNOW;SOAR;TMPL;WEED;WIZZ,2,,7,0x204e44c0
0x64bb1cbe,sprite,21,3,BRG1;PHRO;TMPL,1,,5,0x60a91c9c
0x65281e40,audio,18,26,BOIL;BRG1;CAVE;CLOU;CRYS;CSTL;EGGS;EVIL;FINN;FOOD;GLEN;GLID;HEAD;KLOG;MEGA;MENU;MOSS;PHRO;RUNN;SCIE;SEVN;SNOW;SOAR;TMPL;WEED;WIZZ,1,,4,0x61200640
0x657c322c,sprite,18,6,CSTL;FOOD;HEAD;MOSS;PHRO;SNOW,2,,6,0x61581a0c
0x66017821,audio,12,1,WIZZ,1,,6,0x40815801
0x662096e9,audio,17,1,HEAD,0,,6,0x64221e61
0x68009240,audio,10,3,BOIL;CLOU;MOSS,2,,3,0x48209640
0x682080cd,audio,11,1,HEAD,0,,4,0x4824c0c5
0x686c1c97,audio,14,1,MENU,4,,7,0x6d209c95
0x68c01218,sprite,8,1,MENU,1,,6,0x68009240
0x68c0f413,sprite,4,26,BOIL;BRG1;CAVE;CLOU;CRYS;CSTL;EGGS;EVIL;FINN;FOOD;GLEN;GLID;HEAD;KLOG;MEGA;MENU;MOSS;PHRO;RUNN;SCIE;SEVN;SNOW;SOAR;TMPL;WEED;WIZZ,1,,4,0x69c8f473
0x69588258,sprite,11,1,GLEN,1,18,6,0x2d688254
0x69c04050,sprite,6,26,BOIL;BRG1;CAVE;CLOU;CRYS;CSTL;EGGS;EVIL;FINN;FOOD;GLEN;GLID;HEAD;KLOG;MEGA;MENU;MOSS;PHRO;RUNN;SCIE;SEVN;SNOW;SOAR;TMPL;WEED;WIZZ,1,,6,0x29c0e211
0x69c8f473,sprite,8,26,BOIL;BRG1;CAVE;CLOU;CRYS;CSTL;EGGS;EVIL;FINN;FOOD;GLEN;GLID;HEAD;KLOG;MEGA;MENU;MOSS;PHRO;RUNN;SCIE;SEVN;SNOW;SOAR;TMPL;WEED;WIZZ,1,,4,0x68c0f413
0x6a351094,sprite,15,26,BOIL;BRG1;CAVE;CLOU;CRYS;CSTL;EGGS;EVIL;FINN;FOOD;GLEN;GLID;HEAD;KLOG;MEGA;MENU;MOSS;PHRO;RUNN;SCIE;SEVN;SNOW;SOAR;TMPL;WEED;WIZZ,3,,2,0x6c351094
0x6ae1a244,audio,10,1,FINN,1,,6,0x40e0824c
0x6c22083a,sprite,14,13,BRG1;CAVE;CLOU;CRYS;CSTL;EGGS;EVIL;GLID;MOSS;SEVN;SOAR;WEED;WIZZ,1,,7,0x48204012
0x6c289c1c,sprite,14,1,CSTL,1,,4,0x49289c14
0x6c351094,sprite,15,26,BOIL;BRG1;CAVE;CLOU;CRYS;CSTL;EGGS;EVIL;FINN;FOOD;GLEN;GLID;HEAD;KLOG;MEGA;MENU;MOSS;PHRO;RUNN;SCIE;SEVN;SNOW;SOAR;TMPL;WEED;WIZZ,0,,2,0x6a351094
0x6d209c95,sprite,13,1,CSTL,1,,2,0xed209c94
0x7000c248,audio,11,2,PHRO;SCIE,0,,3,0x30004240
0x7003474c,audio,17,21,BOIL;BRG1;CAVE;CLOU;CRYS;CSTL;EGGS;EVIL;FOOD;GLID;HEAD;MEGA;MOSS;PHRO;SCIE;SEVN;SNOW;SOAR;TMPL;WEED;WIZZ,1,,6,0x7000c248
0x70204350,audio,12,2,BRG1;FOOD,0,,2,0x70404350
0x70404350,audio,10,3,BRG1;PHRO;TMPL,0,,2,0x70204350
0x70a09ce1,audio,14,1,HEAD,1,,6,0xd4a094c0
0x70d006d8,audio,13,21,BOIL;BRG1;CAVE;CLOU;CRYS;CSTL;EGGS;EVIL;FOOD;GLID;HEAD;MEGA;MOSS;PHRO;SCIE;SEVN;SNOW;SOAR;TMPL;WEED;WIZZ,2,,5,0xe0c00650
0x71030240,audio,15,1,BRG1,0,,5,0x30004240
0x72a7d455,audio,14,1,GLEN,0,,8,0x7623c165
0x74044081,audio,11,1,RUNN,1,,6,0x04041001
0x74182b40,audio,16,2,FOOD;TMPL,0,,6,0x3a186940
0x746048f1,audio,12,1,RUNN,1,,7,0x34014841
0x75189608,sprite,17,8,BOIL;BRG1;CRYS;MOSS;SCIE;SNOW;SOAR;TMPL,0,,7,0x60181a0c
0x760106c1,audio,16,19,BOIL;BRG1;CAVE;CLOU;CRYS;CSTL;EGGS;EVIL;FOOD;GLID;HEAD;MEGA;MOSS;SEVN;SNOW;SOAR;TMPL;WEED;WIZZ,0,,5,0x62000441
0x7622c165,audio,15,1,GLEN,0,,1,0x7623c165
0x7623c165,audio,16,1,GLEN,0,,1,0x7622c165
0x78100250,audio,11,2,PHRO;SCIE,0,,4,0x7c108242
0x78d909e0,sprite,15,1,SNOW,1,,8,0x60830860
0x7a0ec210,sprite,11,1,EGGS,0,15,2,0x620ec210
0x7a318245,audio,14,1,GLEN,1,,2,0x62318245
0x7c108242,audio,13,4,EVIL;FOOD;MOSS;SOAR,1,,2,0x7c108244
0x7c108244,audio,13,3,CLOU;CRYS;SOAR,1,,2,0x7c108242
0x800da102,sprite,13,1,KLOG,1,,2,0x800da116
0x800da116,sprite,13,1,KLOG,1,,2,0x800da102
0x800da11a,sprite,13,1,KLOG,1,,2,0x800da102
0x800da132,sprite,13,1,KLOG,1,,2,0x800da102
0x800da152,sprite,13,1,KLOG,1,,2,0x800da102
0x80282799,sprite,14,18,BOIL;BRG1;CAVE;CLOU;CRYS;CSTL;EGGS;EVIL;FOOD;GLID;MOSS;PHRO;SCIE;SEVN;SNOW;SOAR;TMPL;WEED,1,,6,0x88783718
0x804c881c,sprite,12,1,BRG1,1,,4,0x004a981c
0x8068815c,sprite,13,1,GLEN,1,19,5,0x407801dc
0x80729081,sprite,12,6,BRG1;GLID;SCIE;SNOW;TMPL;WEED,1,,4,0x88329285
0x80808846,audio,12,1,SEVN,0,,6,0x1000c042
0x80a0c240,audio,10,1,SNOW,0,,5,0x00e49240
0x80b92212,sprite,13,1,TMPL,1,,6,0x08192250
0x80e85ea0,sprite,15,26,BOIL;BRG1;CAVE;CLOU;CRYS;CSTL;EGGS;EVIL;FINN;FOOD;GLEN;GLID;HEAD;KLOG;MEGA;MENU;MOSS;PHRO;RUNN;SCIE;SEVN;SNOW;SOAR;TMPL;WEED;WIZZ,4,,7,0x21e90ca0
0x81100030,sprite,12,1,MENU,2,,6,0x815900d0
0x8139a088,sprite,15,1,EGGS,1,17,5,0x8569a090
0x81421850,sprite,13,1,WIZZ,1,22,2,0x82421850
0x815900d0,sprite,14,2,EVIL;SCIE,1,,6,0x407801d0
0x82421850,sprite,13,1,WIZZ,1,,2,0x81421850
0x826ca852,audio,13,1,BOIL,0,,6,0x03ecb851
0x82886816,sprite,11,10,BOIL;CAVE;CRYS;CSTL;EGGS;GLID;MOSS;SEVN;SNOW;WEED,1,,6,0x00880c1e
0x83248e62,audio,19,3,BOIL;CSTL;TMPL,0,,5,0x00248e52
0x84004480,sprite,12,1,BOIL,0,,6,0x04084011
0x8429153c,sprite,19,2,EVIL;SCIE,1,,7,0x883d14b4
0x8508000a,sprite,15,3,EVIL;FINN;RUNN,0,,6,0x0408c01e
0x8524a880,sprite,14,1,EGGS,1,,6,0x052aa082
0x8569a090,sprite,12,1,EGGS,2,,5,0x8139a088
0x880161a7,sprite,12,16,BOIL;BRG1;CAVE;CLOU;CRYS;CSTL;EGGS;EVIL;FOOD;GLID;MOSS;PHRO;SCIE;SNOW;TMPL;WEED,1,7,4,0x980861a3
0x8818a018,sprite,9,12,BRG1;CAVE;CRYS;CSTL;EGGS;FOOD;GLID;HEAD;MOSS;TMPL;WEED;WIZZ,4,,5,0x2c182010
0x88210498,sprite,13,2,CSTL;MOSS,3,,6,0x88a16190
0x88329285,sprite,14,6,BRG1;GLID;SCIE;SNOW;TMPL;WEED,1,,4,0x80729081
0x883d14b4,sprite,18,1,WIZZ,1,21,7,0x082c0536
0x88783718,sprite,14,10,CAVE;CRYS;EGGS;FOOD;GLID;HEAD;MEGA;SCIE;TMPL;WEED,3,,6,0x80282799
0x888da193,sprite,10,1,KLOG,1,,5,0x800da102
0x88a16190,sprite,9,1,SEVN,1,,6,0x88210498
0x88a28194,sprite,11,26,BOIL;BRG1;CAVE;CLOU;CRYS;CSTL;EGGS;EVIL;FINN;FOOD;GLEN;GLID;HEAD;KLOG;MEGA;MENU;MOSS;PHRO;RUNN;SCIE;SEVN;SNOW;SOAR;TMPL;WEED;WIZZ,2,,6,0x88a16190
0x88b9833c,sprite,15,21,BOIL;BRG1;CAVE;CLOU;CRYS;CSTL;EGGS;EVIL;FOOD;GLID;HEAD;MEGA;MOSS;PHRO;SCIE;SEVN;SNOW;SOAR;TMPL;WEED;WIZZ,3,4,5,0x08b9135c
0x8a1940e1,sprite,14,1,HEAD,1,,7,0x0a3a4051
0x8a3809f2,sprite,18,1,HEAD,1,,5,0x1a3109b2
0x8a7ce022,sprite,12,4,GLID;SCIE;SOAR;TMPL,1,,3,0x8b7ce0b2
0x8ab92024,sprite,14,26,BOIL;BRG1;CAVE;CLOU;CRYS;CSTL;EGGS;EVIL;FINN;FOOD;GLEN;GLID;HEAD;KLOG;MEGA;MENU;MOSS;PHRO;RUNN;SCIE;SEVN;SNOW;SOAR;TMPL;WEED;WIZZ,1,,7,0x0bbb70ac
0x8b603980,sprite,14,3,EVIL;GLEN;SCIE,4,,7,0x1a202d81
0x8b7ce0b2,sprite,13,4,GLID;SCIE;SOAR;TMPL,1,,3,0x8a7ce022
0x8c29e08c,sprite,13,1,GLEN,1,,6,0x8139a088
0x8c30008c,sprite,15,1,BRG1,1,,6,0x093080c8
0x8c510186,sprite,15,26,BOIL;BRG1;CAVE;CLOU;CRYS;CSTL;EGGS;EVIL;FINN;FOOD;GLEN;GLID;HEAD;KLOG;MEGA;MENU;MOSS;PHRO;RUNN;SCIE;SEVN;SNOW;SOAR;TMPL;WEED;WIZZ,2,,6,0x8c30008c
0x8d01c734,sprite,14,21,BOIL;BRG1;CAVE;CLOU;CRYS;CSTL;EGGS;EVIL;FOOD;GLID;HEAD;MEGA;MOSS;PHRO;SCIE;SEVN;SNOW;SOAR;TMPL;WEED;WIZZ,4,5,6,0x0c01c014
0x902c0002,sprite,15,26,BOIL;BRG1;CAVE;CLOU;CRYS;CSTL;EGGS;EVIL;FINN;FOOD;GLEN;GLID;HEAD;KLOG;MEGA;MENU;MOSS;PHRO;RUNN;SCIE;SEVN;SNOW;SOAR;TMPL;WEED;WIZZ,2,,6,0x146ce002
0x90805c51,audio,11,1,EGGS,0,,5,0x9980d651
0x90810000,audio,11,26,BOIL;BRG1;CAVE;CLOU;CRYS;CSTL;EGGS;EVIL;FINN;FOOD;GLEN;GLID;HEAD;KLOG;MEGA;MENU;MOSS;PHRO;RUNN;SCIE;SEVN;SNOW;SOAR;TMPL;WEED;WIZZ,0,,5,0x10882010
0x908254e5,audio,15,1,PHRO,0,,5,0x168254b5
0x90985240,audio,14,1,TMPL,0,,6,0x10b85810
0x90a19011,sprite,10,4,GLID;SCIE;SOAR;TMPL,1,,5,0x40b18011
0x90b102a1,sprite,15,4,GLID;SCIE;SOAR;TMPL,1,,6,0x90810000
0x90c24401,audio,9,1,SEVN,0,,5,0xa0824440
0x90d85954,audio,14,1,PHRO,0,,6,0x10b85810
0x91106183,sprite,13,16,BOIL;BRG1;CAVE;CLOU;CRYS;CSTL;EGGS;EVIL;FOOD;GLID;MOSS;PHRO;SCIE;SNOW;TMPL;WEED,1,7,5,0x980861a3
0x9158a0f6,sprite,15,26,BOIL;BRG1;CAVE;CLOU;CRYS;CSTL;EGGS;EVIL;FINN;FOOD;GLEN;GLID;HEAD;KLOG;MEGA;MENU;MOSS;PHRO;RUNN;SCIE;SEVN;SNOW;SOAR;TMPL;WEED;WIZZ,3,,5,0x9918a8e2
0x9180d446,audio,14,1,CAVE,0,,5,0xb0807444
0x91a9d01d,sprite,13,2,PHRO;SCIE,1,,5,0x10b9501c
0x9291d400,audio,13,1,TMPL,0,,6,0x90810000
0x9299c307,sprite,15,1,MOSS,1,,8,0x0239cb33
0x92af8810,sprite,15,1,BRG1,0,13,6,0x0aabc010
0x92f8f1c0,audio,14,1,MEGA,0,,8,0x00e2f188
0x93043811,sprite,13,9,BOIL;CAVE;CSTL;EGGS;GLID;MOSS;SEVN;SNOW;WEED,1,,7,0xd2801814
0x9389b8c4,sprite,17,18,BOIL;BRG1;CAVE;CLOU;CRYS;CSTL;EGGS;EVIL;FOOD;GLID;MOSS;PHRO;SCIE;SEVN;SNOW;SOAR;TMPL;WEED,1,,7,0x9b0ab1c6
0x9629a000,sprite,14,1,EGGS,1,,4,0x0628a800
0x98004092,sprite,10,23,BOIL;BRG1;CAVE;CLOU;CRYS;CSTL;EGGS;EVIL;FOOD;GLEN;GLID;HEAD;KLOG;MEGA;MOSS;PHRO;SCIE;SEVN;SNOW;SOAR;TMPL;WEED;WIZZ,9,,5,0x10094096
0x980861a3,sprite,12,16,BOIL;BRG1;CAVE;CLOU;CRYS;CSTL;EGGS;EVIL;FOOD;GLID;MOSS;PHRO;SCIE;SNOW;TMPL;WEED,1,,4,0x880161a7
0x980c6211,sprite,9,4,CAVE;EGGS;GLID;WEED,0,,6,0x088c5011
0x987101b9,sprite,14,4,GLID;SCIE;SOAR;TMPL,1,,6,0x987140d0
0x987140d0,sprite,12,1,BRG1,0,,6,0x815900d0
0x98f8221e,sprite,13,16,BOIL;CAVE;CRYS;CSTL;EGGS;FOOD;GLID;HEAD;MEGA;MOSS;PHRO;SCIE;SEVN;SNOW;TMPL;WEED,3,,6,0x80b92212
0x991003c2,audio,17,9,BOIL;BRG1;CRYS;MOSS;PHRO;SCIE;SNOW;SOAR;TMPL,0,,6,0x91106183
0x9918a8e2,sprite,16,19,BOIL;BRG1;CAVE;CLOU;CRYS;CSTL;EGGS;EVIL;FOOD;GLID;HEAD;MEGA;MOSS;SEVN;SNOW;SOAR;TMPL;WEED;WIZZ,1,,5,0x9158a0f6
0x9940bb40,audio,13,12,BOIL;CRYS;FOOD;HEAD;MEGA;PHRO;SCIE;SEVN;SNOW;TMPL;WEED;WIZZ,0,,5,0x9d406340
0x9980d651,audio,10,2,BOIL;EVIL,0,,5,0x90805c51
0x9b0ab1c6,sprite,18,22,BOIL;BRG1;CAVE;CLOU;CRYS;CSTL;EGGS;EVIL;FOOD;GLID;HEAD;MEGA;MOSS;PHRO;RUNN;SCIE;SEVN;SNOW;SOAR;TMPL;WEED;WIZZ,1,,7,0x1a2ab594
0x9b2204a0,sprite,17,1,BOIL,2,,6,0xfb260440
0x9c6584d2,sprite,15,1,BRG1,1,,7,0x012484d2
0x9cc87050,audio,9,1,SCIE,0,,7,0x10882010
0x9d406340,audio,12,12,BOIL;CRYS;FOOD;HEAD;MEGA;PHRO;SCIE;SEVN;SNOW;TMPL;WEED;WIZZ,0,,5,0x9940bb40
0x9d4dc260,audio,15,21,BOIL;BRG1;CAVE;CLOU;CRYS;CSTL;EGGS;EVIL;FOOD;GLID;HEAD;MEGA;MOSS;PHRO;SCIE;SEVN;SNOW;SOAR;TMPL;WEED;WIZZ,0,,7,0x9d406340
0xa00a0c30,sprite,13,1,CAVE,0,,6,0x408a1c10
0xa0149114,sprite,12,1,WIZZ,1,,7,0x00388110
0xa0299a4d,sprite,16,2,FOOD;SNOW,1,11,6,0x006b9a6f
0xa06088c9,audio,11,1,HEAD,0,,6,0x682080cd
0xa0824440,audio,10,1,FOOD,0,,5,0x90c24401
0xa0cc18d0,sprite,12,1,WIZZ,1,,1,0xa0cc1cd0
0xa0cc1cd0,sprite,13,1,WIZZ,2,,1,0xa0cc18d0
0xa116220c,sprite,15,1,HEAD,1,,7,0x21842018
0xa2034840,audio,13,1,WEED,0,,5,0xa0824440
0xa628e009,sprite,10,1,EGGS,1,16,6,0x0628a800
0xa8482860,sprite,10,1,MEGA,1,,6,0xb84968b0
0xa89d0ad0,sprite,14,5,BRG1;CAVE;CRYS;SNOW;SOAR,1,,6,0xa0cc18d0
0xa9228088,sprite,12,5,BRG1;CAVE;CRYS;SNOW;SOAR,1,,5,0x093080c8
0xa9240484,sprite,14,26,BOIL;BRG1;CAVE;CLOU;CRYS;CSTL;EGGS;EVIL;FINN;FOOD;GLEN;GLID;HEAD;KLOG;MEGA;MENU;MOSS;PHRO;RUNN;SCIE;SEVN;SNOW;SOAR;TMPL;WEED;WIZZ,4,,5,0x292e8480
0xa9387d8c,sprite,17,1,CLOU,1,,2,0xc9387d8c
0xb0107444,audio,13,1,TMPL,0,,2,0xb0807444
0xb01c25f0,sprite,16,10,CLOU;CRYS;CSTL;EGGS;EVIL;MOSS;SEVN;SOAR;WEED;WIZZ,1,,7,0x3128adf0
0xb0807444,audio,11,1,TMPL,0,,2,0xb0107444
0xb0b07444,audio,13,1,TMPL,0,,2,0xb0107444
0xb0d07444,audio,11,1,TMPL,0,,2,0xb0107444
0xb12c0854,sprite,16,3,EGGS;GLID;WEED,0,,3,0xb92c4850
0xb1907444,audio,13,1,TMPL,0,,2,0xb0107444
0xb2907444,audio,13,1,TMPL,0,,2,0xb0107444
0xb4011101,sprite,13,3,BRG1;PHRO;SOAR,1,,6,0x04041001
0xb468d0c6,sprite,15,23,BOIL;BRG1;CAVE;CLOU;CRYS;CSTL;EGGS;EVIL;FOOD;GLEN;GLID;HEAD;MEGA;MOSS;PHRO;RUNN;SCIE;SEVN;SNOW;SOAR;TMPL;WEED;WIZZ,6,,2,0xb868d0c6
0xb69c8356,sprite,17,1,CSTL,1,,7,0xb7cce25e
0xb6c35cc0,audio,16,2,PHRO;RUNN,0,,7,0xa2034840
0xb7cce25e,sprite,14,1,CSTL,1,,7,0xb69c8356
0xb84968b0,sprite,10,4,CAVE;EGGS;GLID;WEED,0,,5,0xf8494814
0xb868d0c6,sprite,13,23,BOIL;BRG1;CAVE;CLOU;CRYS;CSTL;EGGS;EVIL;FOOD;GLEN;GLID;HEAD;MEGA;MOSS;PHRO;RUNN;SCIE;SEVN;SNOW;SOAR;TMPL;WEED;WIZZ,6,,2,0xb468d0c6
0xb8700ca1,sprite,13,26,BOIL;BRG1;CAVE;CLOU;CRYS;CSTL;EGGS;EVIL;FINN;FOOD;GLEN;GLID;HEAD;KLOG;MEGA;MENU;MOSS;PHRO;RUNN;SCIE;SEVN;SNOW;SOAR;TMPL;WEED;WIZZ,5,,5,0xfa700ce7
0xb92c4850,sprite,13,3,EGGS;GLID;WEED,0,,3,0xb12c0854
0xba094800,sprite,12,4,CAVE;EGGS;GLID;WEED,0,,5,0xa2034840
0xbb781481,sprite,15,16,BOIL;CAVE;CLOU;CRYS;CSTL;EGGS;EVIL;FOOD;GLID;MOSS;SCIE;SEVN;SNOW;SOAR;TMPL;WEED,1,,6,0x1b301085
0xbe68d0c6,sprite,15,23,BOIL;BRG1;CAVE;CLOU;CRYS;CSTL;EGGS;EVIL;FOOD;GLEN;GLID;HEAD;MEGA;MOSS;PHRO;RUNN;SCIE;SEVN;SNOW;SOAR;TMPL;WEED;WIZZ,6,,2,0xb468d0c6
0xbebce258,sprite,13,2,CSTL;SOAR,1,,7,0xb7cce25e
0xc00200c9,audio,14,1,MEGA,1,,5,0x402044c9
0xc0034658,audio,15,15,BOIL;BRG1;CAVE;CLOU;CRYS;CSTL;EGGS;EVIL;FINN;FOOD;MOSS;SEVN;SNOW;SOAR;TMPL,1,,6,0x401106da
0xc0099011,audio,11,1,WIZZ,2,,5,0x02098010
0xc0608a40,audio,13,19,BOIL;BRG1;CAVE;CLOU;CRYS;CSTL;EGGS;EVIL;FOOD;GLID;HEAD;MEGA;MOSS;SEVN;SNOW;SOAR;TMPL;WEED;WIZZ,0,,4,0x4a60ca40
0xc2820c70,audio,15,3,EGGS;GLID;WEED,1,,6,0x02a10c60
0xc2906565,audio,14,17,BOIL;BRG1;CAVE;CLOU;CRYS;CSTL;EGGS;FOOD;GLID;MOSS;PHRO;RUNN;SCIE;SNOW;SOAR;TMPL;WEED,1,,2,0x42906465
0xc2911461,audio,16,8,BOIL;FOOD;HEAD;MEGA;MENU;PHRO;SCIE;SNOW,0,,6,0x42906465
0xc305034b,audio,19,3,BRG1;PHRO;SOAR,0,,8,0xd914004f
0xc473c624,audio,17,21,BOIL;BRG1;CAVE;CLOU;CRYS;CSTL;EGGS;EVIL;FOOD;GLID;HEAD;MEGA;MOSS;PHRO;SCIE;SEVN;SNOW;SOAR;TMPL;WEED;WIZZ,0,,2,0xc672c624
0xc48c7158,sprite,14,1,EVIL,1,,7,0x9cc87050
0xc672c624,audio,17,21,BOIL;BRG1;CAVE;CLOU;CRYS;CSTL;EGGS;EVIL;FOOD;GLID;HEAD;MEGA;MOSS;PHRO;SCIE;SEVN;SNOW;SOAR;TMPL;WEED;WIZZ,0,,2,0xc473c624
0xc8099196,sprite,15,21,BOIL;BRG1;CAVE;CLOU;CRYS;CSTL;EGGS;EVIL;FOOD;GLID;HEAD;MEGA;MOSS;PHRO;SCIE;SEVN;SNOW;SOAR;TMPL;WEED;WIZZ,2,,6,0x800da116
0xc8648260,audio,13,1,KLOG,0,,2,0xc864b260
0xc864b260,audio,13,1,KLOG,0,,2,0xc8648260
0xc864d260,audio,13,1,KLOG,0,,2,0xc8648260
0xc87ca082,sprite,13,4,GLID;SCIE;SOAR;TMPL,2,,5,0x8a7ce022
0xc8830661,audio,14,2,BRG1;SOAR,1,,6,0xc2911461
0xc88a346a,audio,16,9,BRG1;CAVE;CLOU;CRYS;CSTL;EGGS;EVIL;GLID;MOSS,1,,7,0x408a6461
0xc89e9158,sprite,15,1,EVIL,1,,7,0x60de1050
0xc8f90114,sprite,13,1,GLEN,1,,6,0x48d81135
0xc92884e2,audio,17,19,BOIL;BRG1;CAVE;CLOU;CRYS;CSTL;EGGS;EVIL;FOOD;GLID;HEAD;MEGA;MOSS;SEVN;SNOW;SOAR;TMPL;WEED;WIZZ,0,,6,0x492c8430
0xc9387d8c,sprite,19,1,CLOU,1,,2,0xa9387d8c
0xca1006c0,audio,16,8,BOIL;FOOD;HEAD;MEGA;MENU;PHRO;SCIE;SNOW,0,,6,0x421586c2
0xca1b20cb,sprite,17,23,BOIL;BRG1;CAVE;CLOU;CRYS;CSTL;EGGS;EVIL;FOOD;GLEN;GLID;HEAD;MEGA;MOSS;PHRO;RUNN;SCIE;SEVN;SNOW;SOAR;TMPL;WEED;WIZZ,5,,7,0x8a1940e1
0xca223f46,audio,20,1,TMPL,0,,8,0xca282402
0xca282402,sprite,14,1,WIZZ,1,,7,0x022e3442
0xcaadc032,sprite,13,1,KLOG,1,,6,0x0aabc010
0xcc6c8070,audio,13,2,GLEN;KLOG,1,,4,0xc8648260
0xd02dc3d5,sprite,17,21,BOIL;BRG1;CAVE;CLOU;CRYS;CSTL;EGGS;EVIL;FOOD;GLID;HEAD;MEGA;MOSS;PHRO;SCIE;SEVN;SNOW;SOAR;TMPL;WEED;WIZZ,2,3,8,0x4824c0c5
0xd0a14440,audio,14,1,BRG1,0,,3,0xd0b04444
0xd0a5f094,sprite,13,4,GLID;SCIE;SOAR;TMPL,1,,7,0x90a19011
0xd0b04444,audio,15,1,FINN,0,,3,0xd0a14440
0xd0cc5442,audio,15,2,HEAD;SOAR,1,,6,0xd4865c40
0xd144ab00,audio,14,7,BOIL;FOOD;HEAD;MEGA;PHRO;SCIE;SNOW,0,,5,0x9940bb40
0xd167c005,sprite,14,2,PHRO;SCIE,1,,6,0xd305d045
0xd2801814,sprite,14,4,CAVE;CRYS;EGGS;MOSS,1,,7,0x12800031
0xd305d045,sprite,16,2,PHRO;SCIE,1,,5,0x5101c047
0xd4865c40,audio,17,1,GLID,0,,4,0xd68e3c40
0xd4a094c0,audio,16,1,FOOD,0,,6,0x70a09ce1
0xd68e3c40,audio,19,1,WEED,0,,4,0xd4865c40
0xd6bc2450,sprite,17,10,BOIL;CAVE;CRYS;CSTL;EGGS;GLID;MOSS;SEVN;SNOW;WEED,1,,6,0xd68e3c40
0xd70880a4,sprite,18,1,EGGS,1,17,6,0x0708a4a0
0xd89c319a,sprite,16,1,EVIL,1,,7,0xc89e9158
0xd914004f,audio,17,3,BRG1;PHRO;SOAR,0,,8,0x5101c047
0xe00e989d,sprite,15,8,BOIL;BRG1;CRYS;MOSS;SCIE;SNOW;SOAR;TMPL,0,,2,0xe00e991d
0xe00e991d,sprite,15,8,BOIL;BRG1;CRYS;MOSS;SCIE;SNOW;SOAR;TMPL,0,,2,0xe00e989d
0xe0880448,audio,13,14,BOIL;BRG1;CAVE;CRYS;CSTL;EGGS;EVIL;FOOD;GLID;MOSS;PHRO;SCIE;SNOW;TMPL,1,,5,0xa0824440
0xe0c00650,audio,10,8,BOIL;BRG1;CRYS;MOSS;SCIE;SNOW;SOAR;TMPL,1,,5,0x40400270
0xe289c059,sprite,10,1,MENU,3,,7,0xc0099011
0xe398d28d,sprite,15,8,BOIL;BRG1;CRYS;MOSS;SCIE;SNOW;SOAR;TMPL,0,,7,0x61981a0c
0xe4834384,sprite,15,3,BRG1;PHRO;SOAR,1,,5,0xe48744c4
0xe48744c4,audio,16,5,CLOU;CSTL;EVIL;MOSS;WEED,1,,5,0xe4834384
0xe4cb8330,sprite,13,2,BRG1;SOAR,1,,6,0x458b0320
0xe6182b56,audio,18,2,FOOD;SNOW,0,,6,0x74182b40
0xe6830101,sprite,13,3,BRG1;PHRO;SOAR,1,,6,0xb4011101
0xe7443a6f,sprite,19,5,CSTL;FOOD;MOSS;PHRO;SNOW,2,,9,0x657c322c
0xe8628689,sprite,12,26,BOIL;BRG1;CAVE;CLOU;CRYS;CSTL;EGGS;EVIL;FINN;FOOD;GLEN;GLID;HEAD;KLOG;MEGA;MENU;MOSS;PHRO;RUNN;SCIE;SEVN;SNOW;SOAR;TMPL;WEED;WIZZ,2,,6,0xa9228088
0xec000027,sprite,12,3,BRG1;PHRO;SOAR,1,,6,0xfa100225
0xec95689b,sprite,12,1,MENU,3,,10,0x44d4c8d8
0xed209c94,sprite,15,1,CSTL,2,,2,0x6d209c95
0xf03391e9,audio,19,1,HEAD,2,,2,0xf033a1e9
0xf033a1e9,audio,17,1,HEAD,1,,2,0xf03391e9
0xf175320e,sprite,19,5,CSTL;FOOD;MOSS;PHRO;SNOW,1,,7,0x657c322c
0xf2810224,audio,15,1,HEAD,1,,5,0xfa100225
0xf8494814,sprite,11,4,CAVE;EGGS;GLID;WEED,0,,5,0xb84968b0
0xf936c015,sprite,12,10,BOIL;CAVE;EVIL;FOOD;HEAD;MEGA;PHRO;SCIE;SNOW;TMPL,0,,6,0xd167c005
0xfa100225,sprite,14,13,BOIL;CAVE;CRYS;CSTL;EGGS;FOOD;GLID;MOSS;SCIE;SEVN;SOAR;TMPL;WEED,1,,5,0xf2810224
0xfa20cd14,sprite,13,10,BOIL;CSTL;FOOD;HEAD;MEGA;MOSS;PHRO;SCIE;SNOW;TMPL,0,,6,0x5238cd10
0xfa700ce7,sprite,18,26,BOIL;BRG1;CAVE;CLOU;CRYS;CSTL;EGGS;EVIL;FINN;FOOD;GLEN;GLID;HEAD;KLOG;MEGA;MENU;MOSS;PHRO;RUNN;SCIE;SEVN;SNOW;SOAR;TMPL;WEED;WIZZ,0,,5,0xb8700ca1
0xfb260440,sprite,17,1,BOIL,0,,6,0x9b2204a0
0xfc82d540,audio,13,2,CLOU;WEED,0,,6,0xd4865c40
