function,file,n_ids,ids,n_intra_cluster_edges,top_cluster_classes,first_examples
EntityTick_ShadowMirror,export/SLES_010.90.c,12,0x052aa082;0x0538a2ea;0x0628a800;0x0708a4a0;0x112ae088;0x2524e089;0x8139a088;0x8524a880;0x8569a090;0x9629a000;0xa628e009;0xd70880a4,66,0x0002404d(6);0x0c488923(2);0x002020c3(2);0x01810441(1);0x01110211(1);0x00100285(1),0x0708a4a0: if (uVar8 == 0x708a4a0) { || 0xd70880a4: nSpriteId = 0xd70880a4; || 0x052aa082: if (uVar8 == 0x52aa082) {
CreateMenuEntities,export/SLES_010.90.c,8,0x00e2f188;0x80e85ea0;0x88a28194;0x902c0002;0x9158a0f6;0xa9240484;0xb8700ca1;0xe8628689,28,0x00155e51(1);0x01c07221(1);0x0cef18a9(1);0x17e91ba5(1);0x0ca9c6f5(1);0x125fa537(1),"0xb8700ca1: InitEntitySprite(pSVar4,0xb8700ca1,10000,0x18,-0x20,'\x01'); || 0x00e2f188: InitEntitySprite(pSVar4,0xe2f188,10000,0x25,-0x20,'\x01'); || 0x00e2f188: InitEntitySprite(pSVar4,0xe2f188,10000,0x31,-0x20,'\x01');"
ToggleMenuOptionState,export/SLES_010.90.c,7,0x0ad0f813;0x29c0e211;0x2ad0f011;0x68c0f413;0x69c04050;0x69c8f473;0x90810000,21,0x0111880d(1);0x00004011(1);0x00188403(1);0x086c6217(1);0x018c0c63(1);0x02734a3f(1),"0x90810000: PlaySoundEffect(0x90810000,0xa0,'\x01'); || 0x69c8f473: SetEntitySpriteId(*(SpriteEntity **)(menuParent + 0x94),0x69c8f473,1); || 0x2ad0f011: SetEntitySpriteId(*(SpriteEntity **)(menuParent + 0x98),0x2ad0f011,1);"
InitMenuStage1,export/SLES_010.90.c,7,0x10094096;0x3080820d;0x3080840d;0x30808e0d;0x38a0c119;0x40b18011;0x68c01218,21,0x00000003(2);0x044e14d9(1);0x044e24d9(1);0x044e74d9(1);0x031e5153(1);0x021d42e3(1),"0x68c01218: pEVar8 = InitEntitySprite(pSVar7,0x68c01218,2000,0xa0,0xa8,'\0'); || 0x3080840d: pEVar8 = InitEntitySprite(pSVar7,0x3080840d,2000,0xa0,0xa8,'\0'); || 0x3080820d: pEVar8 = InitEntitySprite(pSVar7,0x3080820d,2000,0xa0,0xa8,'\0');"
KloggDeathEventHandler,export/SLES_010.90.c,6,0x800da102;0x800da116;0x800da11a;0x800da132;0x800da152;0x888da193,15,0x00000003(4);0x00000005(3);0x00000009(2);0x00012211(1);0x00000011(1);0x00010a11(1),"0x800da116: (pEVar3,0x800da116,pEntity->worldX,pEntity->worldY,pEntity->scaleRender,0x10000, || 0x888da193: InitParticleEntity(pEVar3,0x888da193,uVar1,pEntity->facing,pEntity->scaleRender, || 0x800da11a: (pEVar3,0x800da11a,worldX,worldY,(int)pEVar4,0x7fffffff,0x7fffffff,0x7fffffff);"
ClayballState_DestroyWithDebris,export/SLES_010.90.c,5,0x462c6040;0x46346040;0x46386040;0x463e6040;0xd6bc2450,10,0x00000003(3);0x00000005(2);0x00000009(1);0x04242411(1);0x04242211(1);0x04242111(1),"0xd6bc2450: InitParticleEntity(pEVar2,0xd6bc2450,local_58,pEntity->facing,pEntity->scaleRend || 0x463e6040: (pEVar2,0x463e6040, || 0x46386040: (pEVar2,0x46386040,"
PlayerCallback_DeathDebrisSpawner,export/SLES_010.90.c,5,0x146ce002;0x3d348056;0xb468d0c6;0xb868d0c6;0xbe68d0c6,10,0x00000003(2);0x02a14ac3(1);0x00218625(1);0x010c312b(1);0x02186255(1);0x0895c509(1),"0x146ce002: if (in_a2 == 0x146ce002) { || 0xbe68d0c6: (pEVar7,0xbe68d0c6,player->worldX,player->worldY + -0x32,(int)pEVar8,0x7fffffff, || 0xb868d0c6: (pEVar7,0xb868d0c6,player->worldX,player->worldY + -0x32,(int)pEVar8,0x7fffffff,"
RunnEvent_CutsceneDebrisAndLevel,export/SLES_010.90.c,5,0x146ce002;0x3d348056;0xb468d0c6;0xb868d0c6;0xbe68d0c6,10,0x00000003(2);0x02a14ac3(1);0x00218625(1);0x010c312b(1);0x02186255(1);0x0895c509(1),"0x146ce002: if (spriteId == 0x146ce002) { || 0xbe68d0c6: (pEVar3,0xbe68d0c6,sVar7,sVar9,(int)pEVar4,0x7fffffff,0x7fffffff,0x7fffffff); || 0xb868d0c6: (pEVar3,0xb868d0c6,sVar7,sVar9,(int)pEVar4,0x7fffffff,0x7fffffff,0x7fffffff);"
BossCollision_SpawnDebrisAndLayers,export/SLES_010.90.c,5,0x146ce002;0x3d348056;0xb468d0c6;0xb868d0c6;0xbe68d0c6,10,0x00000003(2);0x02a14ac3(1);0x00218625(1);0x010c312b(1);0x02186255(1);0x0895c509(1),"0x146ce002: if (sourceCode == 0x146ce002) { || 0xbe68d0c6: (pEVar2,0xbe68d0c6,*(short *)(entity + 0x68),*(short *)(entity + 0x6a) + -0x1e, || 0xb868d0c6: (pEVar2,0xb868d0c6,*(short *)(entity + 0x68),*(short *)(entity + 0x6a) + -0x1e,"
FinnDamageEventHandler,export/SLES_010.90.c,5,0x146ce002;0x2e809804;0x2e811804;0x2e839804;0x3d348056,10,0x00000003(2);0x00c75d8f(1);0x00c75dbf(1);0x00c75def(1);0x02a14ac3(1);0x061484ed(1),"0x146ce002: if (in_a2 == 0x146ce002) { || 0x2e811804: (pEVar2,0x2e811804,*(short *)(in_a0 + 0x68),*(short *)(in_a0 + 0x6a) + -0x1e, || 0x2e809804: (pEVar2,0x2e809804,*(short *)(in_a0 + 0x68),*(short *)(in_a0 + 0x6a) + -0x1e,"
PlaySoundEffect,export/SLES_010.90.c,5,0x00248e52;0x246166fa;0x44d4c8d8;0x5860c640;0x70d006d8,10,0x0488bd15(1);0x0468a44f(1);0x024b0889(1);0x0f4888a7(1);0x05ad7113(1);0x00682e9f(1),0x44d4c8d8: if (param_1 == 0x44d4c8d8) { || 0x00248e52: if (param_1 == 0x248e52) { || 0x246166fa: if (param_1 == 0x246166fa) {
Callback_800570a4,disks/SLES_010.90.c,5,0x462c6040;0x46346040;0x46386040;0x463e6040;0xd6bc2450,10,0x00000003(3);0x00000005(2);0x00000009(1);0x04242411(1);0x04242211(1);0x04242111(1),"0xd6bc2450: iVar2 = InitParticleEntity(puVar1,0xd6bc2450,local_58,*(undefined1 *)(param_1 +  || 0x463e6040: (puVar1,0x463e6040,*(short *)(param_1 + 0x1a) + *(short *)(param_1 + 0x4b), || 0x46386040: (puVar1,0x46386040,*(short *)(param_1 + 0x1a) + *(short *)(param_1 + 0x4b),"
PlayerCallback_8005cce0,disks/SLES_010.90.c,5,0x4260c8b5;0x54608016;0x5838cc16;0x91a9d01d;0xd167c005,10,0x0024518b(1);0x0094634b(1);0x151a7923(1);0x0708b093(1);0x00031613(1);0x00bc5c95(1),"0x54608016: SpawnPlayerColoredParticle(param_1,0x54608016); || 0x4260c8b5: SpawnPlayerColoredParticle(param_1,0x4260c8b5); || 0xd167c005: uVar3 = 0xd167c005;"
PlayerCallback_8005d404,disks/SLES_010.90.c,5,0x146ce002;0x3d348056;0xb468d0c6;0xb868d0c6;0xbe68d0c6,10,0x00000003(2);0x02a14ac3(1);0x00218625(1);0x010c312b(1);0x02186255(1);0x0895c509(1),"0x146ce002: if (param_3 == 0x146ce002) { || 0xbe68d0c6: (puVar8,0xbe68d0c6,*(undefined2 *)(param_1 + 0x68), || 0xb868d0c6: (puVar8,0xb868d0c6,*(undefined2 *)(param_1 + 0x68),"
EntityInitCallback_80070850,disks/SLES_010.90.c,5,0x146ce002;0x3d348056;0xb468d0c6;0xb868d0c6;0xbe68d0c6,10,0x00000003(2);0x02a14ac3(1);0x00218625(1);0x010c312b(1);0x02186255(1);0x0895c509(1),"0x146ce002: if (param_3 == 0x146ce002) { || 0xbe68d0c6: (puVar3,0xbe68d0c6,uVar5,uVar7,*(int *)(param_1 + 0x50),0x7fffffff, || 0xb868d0c6: (puVar3,0xb868d0c6,uVar5,uVar7,*(int *)(param_1 + 0x50),0x7fffffff,"
SpawnCollectibleParticles,export/SLES_010.90.c,4,0x5a89815f;0x5ab9815f;0x5ad9815f;0x98004092,6,0x00000003(2);0x00000005(1);0x07370a27(1);0x07370ae7(1);0x07370b67(1),"0x98004092: InitParticleEntity(pEVar4,0x98004092,local_40,entity->facing,entity->scaleRender || 0x5a89815f: (pEVar4,0x5a89815f,worldX,worldY,(int)pEVar7,0x7fffffff,0x7fffffff,0x7fffffff); || 0x5ab9815f: (pEVar4,0x5ab9815f,worldX,worldY,(int)pEVar7,0x7fffffff,0x7fffffff,0x7fffffff);"
GlennYntisDeathEventHandler,export/SLES_010.90.c,4,0x18e88310;0x18e88510;0x18e88910;0x18e8c704,6,0x00000003(2);0x00000005(1);0x00001105(1);0x00001085(1);0x00001385(1),"0x18e8c704: (pEVar3,0x18e8c704,pEntity->worldX,pEntity->worldY + -0xa0,pEntity->scaleRender, || 0x18e88310: (pEVar3,0x18e88310,worldX,worldY,(int)pEVar4,0x7fffffff,0x7fffffff,0x7fffffff); || 0x18e88510: (pEVar3,0x18e88510,worldX,worldY,(int)pEVar4,0x7fffffff,0x7fffffff,0x7fffffff);"
JoeHeadJoeMoveAndCheckAttack,export/SLES_010.90.c,4,0x0b290ba2;0x0e3889be;0x603588e8;0xf2810224,6,0x01446087(1);0x0694d639(1);0x0130df35(1);0x01566e0d(1);0x1735f973(1);0x15992569(1),"0x0e3889be: SetEntitySpriteId(pEntity,0xe3889be,1); || 0xf2810224: pEVar3 = (EntityCallbackTableBase *)PlayEntityPositionSound((Entity *)pEntity,0x || 0x0b290ba2: SetEntitySpriteId(pEntity,0xb290ba2,1);"
ShrineyGuardSoundUpdateTick,export/SLES_010.90.c,4,0x086e44c0;0x11eac4c0;0x204e44c0;0x205e40c2,6,0x00003309(1);0x00000141(1);0x00402283(1);0x00006349(1);0x008c6d21(1);0x00080201(1),"0x204e44c0: PlayEntityPositionSound(entity,0x204e44c0); || 0x11eac4c0: uVar3 = PlayEntityPositionSound(entity,0x11eac4c0); || 0x205e40c2: voiceHandle = (undefined *)0x205e40c2;"
InitEntityWithChildSprite,export/SLES_010.90.c,3,0x222d9098;0x60889602;0x8429153c,3,0x069a42a5(1);0x0242d253(1);0x067dc943(1),"0x222d9098: InitEntitySprite((SpriteEntity *)entity,0x222d9098,0x3ca,*(short *)(in_a1 + 8), || 0x8429153c: pEVar2 = InitEntitySprite(entity_00,0x8429153c,0x3cb,*(short *)(entity[2].tickMa || 0x60889602: pEVar4 = (EntityCallbackTableBase *)PlayEntityPositionSound(entity,0x60889602);"
TeleporterActivate,export/SLES_010.90.c,3,0x0bbb70ac;0x9389b8c4;0xc9387d8c,3,0x06590d13(1);0x06141869(1);0x0b5638a9(1),"0x0bbb70ac: iVar3 = 0xbbb70ac; || 0x9389b8c4: SetEntitySpriteId((int)param_1,0x9389b8c4,1); || 0x0bbb70ac: uVar4 = 0xbbb70ac;"
InitMonkeyMageBoss,export/SLES_010.90.c,3,0x0244655d;0x181c3854;0x8818a018,3,0x091a585d(1);0x14b98a8b(1);0x004984c9(1),"0x181c3854: InitBonusItemEntity(pEVar6,0x181c3854,0); || 0x8818a018: (pEVar6,0x8818a018,param_1->worldX + (&null_FF60h_8009b860)[iVar8 * 2], || 0x0244655d: InitEntitySprite(entity_00,0x244655d,0x3c0,param_1->worldX,param_1->worldY,'\0')"
GlennYntisDamageEventHandler,export/SLES_010.90.c,3,0x8b603980;0x98004092;0xe0c00650,3,0x03c8909b(1);0x01fe835d(1);0x011b09e3(1),"0x8b603980: uVar7 = 0x8b603980; || 0xe0c00650: PlaySoundEffect(0xe0c00650,0xa0,'\0'); || 0x98004092: uVar7 = 0x98004092;"
KloggSpawnProjectilesCallback,export/SLES_010.90.c,3,0x083488e2;0x0c34aa22;0x1a2c8516,3,0x0008b001(1);0x01be8243(1);0x05860bcd(1),0x083488e2: dwProjSpriteHash = 0x83488e2; || 0x0c34aa22: dwProjSpriteHash = 0xc34aa22; || 0x083488e2: dwProjSpriteHash = 0x83488e2;
ClayballSpawnSwitchBlock,export/SLES_010.90.c,3,0x082e03d8;0x222222d8;0x262e0319,3,0x002a0c21(1);0x00006097(1);0x03087041(1),0x222222d8: uVar9 = 0x222222d8; || 0x082e03d8: uVar9 = 0x82e03d8; || 0x262e0319: uVar9 = 0x262e0319;
PlayerProcessTileCollision,export/SLES_010.90.c,3,0x00248e52;0x092b8480;0x7003474c,3,0x04878569(1);0x027c91e7(1);0x0f31e4a3(1),"0x7003474c: PlayEntityPositionSound((Entity *)player,0x7003474c); || 0x092b8480: (player->currentSpriteId == 0x92b8480)) { || 0x00248e52: uVar4 = PlaySoundEffect(0x248e52,0xa0,'\0');"
PlayerTickCallback,export/SLES_010.90.c,3,0x1e28e0d4;0x40e28045;0xe0880448,3,0x048af653(1);0x0724e7f5(1);0x0354206d(1),"0x1e28e0d4: (iVar9._0_2_ = player[1].screenX2, iVar9._2_2_ = player[1].screenY2, iVar9 != 0x || 0x40e28045: PlayEntityPositionSound(player,0x40e28045); || 0xe0880448: PlayEntityPositionSound(player,0xe0880448);"
PlayerCallback_DeathAnimSetStateHandler,export/SLES_010.90.c,3,0x02a10c60;0x02c00e64;0x08814c64,3,0x00184081(1);0x00102881(1);0x000520a1(1),"0x08814c64: InitParticleEntity(pEVar10,0x8814c64,uVar4,unaff_s2->facing, || 0x02a10c60: InitParticleEntity(pEVar10,0x2a10c60,uStack00000050,unaff_s2->facing, || 0x02c00e64: InitParticleEntity(pEVar10,0x2c00e64,_sStack00000028,unaff_s2->facing,"
PlayerState_Falling,export/SLES_010.90.c,3,0x092b8480;0x0b2084d0;0x88b9833c,3,0x0020b005(1);0x03240f79(1);0x07320fd9(1),"0x092b8480: if ((entity->currentSpriteId == 0x92b8480) || (entity->currentSpriteId == 0x88b9 || 0x88b9833c: if ((entity->currentSpriteId == 0x92b8480) || (entity->currentSpriteId == 0x88b9 || 0x0b2084d0: SetEntitySpriteId((SpriteEntity *)entity,0xb2084d0,1);"
PlayerState_StandingIdle,export/SLES_010.90.c,3,0x00388110;0x1c395196;0x3838801a,3,0x00742187(1);0x00002147(1);0x00746309(1),0x3838801a: nSpriteId = 0x3838801a; || 0x00388110: if (param_1->currentSpriteId == 0x388110) { || 0x1c395196: nSpriteId = 0x1c395196;
PlayerState_PickupItem,export/SLES_010.90.c,3,0x1c395196;0x1c3aa013;0x3838801a,3,0x0003f185(1);0x00746309(1);0x00492011(1),"0x1c3aa013: SetEntitySpriteId((SpriteEntity *)param_1,0x1c3aa013,1); || 0x1c395196: if ((param_1->currentSpriteId == 0x1c395196) || (param_1->currentSpriteId == 0x3 || 0x3838801a: if ((param_1->currentSpriteId == 0x1c395196) || (param_1->currentSpriteId == 0x3"
RunnEntityDamageEffect,export/SLES_010.90.c,3,0x1b301085;0x1e181d10;0x40784034,3,0x01b2a0a5(1);0x0a162b69(1);0x02e922f3(1),"0x1e181d10: SetEntitySpriteId((SpriteEntity *)runn,0x1e181d10,1); || 0x40784034: PlayEntityPositionSound(runn,0x40784034); || 0x1b301085: InitEntitySprite(entity,0x1b301085,1000,runn->worldX,runn->worldY + -0x1e,'\0');"
PlayerCallback_8005e574,disks/SLES_010.90.c,3,0x02a10c60;0x02c00e64;0x08814c64,3,0x00184081(1);0x00102881(1);0x000520a1(1),"0x08814c64: iVar8 = InitParticleEntity(puVar9,0x8814c64,uVar3,*(undefined1 *)(param_1 + 0x74 || 0x02a10c60: iVar8 = InitParticleEntity(puVar9,0x2a10c60,uVar3,*(undefined1 *)(param_1 + 0x74 || 0x02c00e64: iVar10 = InitParticleEntity(puVar9,0x2c00e64,local_c8,*(undefined1 *)(param_1 + "
PlayerCallback_8005e650,disks/SLES_010.90.c,3,0x02a10c60;0x02c00e64;0x08814c64,3,0x00184081(1);0x00102881(1);0x000520a1(1),"0x08814c64: iVar8 = InitParticleEntity(puVar9,0x8814c64,uVar3,*(undefined1 *)(unaff_s2 + 0x7 || 0x02a10c60: iVar8 = InitParticleEntity(puVar9,0x2a10c60,uStack00000050, || 0x02c00e64: iVar10 = InitParticleEntity(puVar9,0x2c00e64,_sStack00000028,"
Callback_80072de0,disks/SLES_010.90.c,3,0x1b301085;0x1e181d10;0x40784034,3,0x01b2a0a5(1);0x0a162b69(1);0x02e922f3(1),"0x1e181d10: SetEntitySpriteId((int)param_1,0x1e181d10,1); || 0x40784034: PlayEntityPositionSound((int)param_1,0x40784034); || 0x1b301085: InitEntitySprite(puVar1,0x1b301085,1000,*(undefined2 *)(param_1 + 0x1a),"
InitPhartHeadCollectible,export/SLES_010.90.c,2,0x8c510186;0xa9240484,1,0x02257505(1),"0x8c510186: InitEntitySprite((SpriteEntity *)param_1,0x8c510186,0x3de,param_2[4],param_2[5], || 0xa9240484: InitEntitySprite(entity,0xa9240484,0x3de,spawn_data[4],spawn_data[5],'\0');"
Collectible1970IconTickCallback,export/SLES_010.90.c,2,0x408a6461;0x428a6465,1,0x00000201(1),0x408a6461: uVar2 = 0x408a6461; || 0x428a6465: uVar2 = 0x428a6465;
CollectibleHamsterShieldTickCallback,export/SLES_010.90.c,2,0x42906465;0xc2906565,1,0x00000201(1),0x42906465: uVar1 = 0x42906465; || 0xc2906565: uVar1 = 0xc2906565;
DecorPlaySoundAndAnimate,export/SLES_010.90.c,2,0x40023e30;0xbb781481,1,0x1558fdbd(1),"0x40023e30: PlayEntityPositionSound(entity,0x40023e30); || 0x40023e30: PlayEntityPositionSound((int)param_1,0x40023e30); || 0xbb781481: SetEntitySpriteId((int)param_1,0xbb781481,1);"
EntityEventHandlerSpawnProjectile,export/SLES_010.90.c,2,0x24002913;0x61200640,1,0x017a9a29(1),"0x61200640: if ((((uint)evCode & 0xffff) == 1) && (evArg == 0x61200640)) { || 0x24002913: InitParticleEntity(pEVar2,0x24002913,local_28,*(undefined1 *)(entity + 0x74),"
InitPathFollowingHazard,export/SLES_010.90.c,2,0x12308128;0x74044081,1,0x06a598d3(1),"0x12308128: InitEntitySprite((SpriteEntity *)entity,0x12308128,0x3ca,*(short *)(spawnData +  || 0x74044081: uVar3 = PlayEntityPositionSound(entity,0x74044081); || 0x12308128: InitEntitySprite(param_1,0x12308128,0x3ca,*(undefined2 *)(param_2 + 8),"
InitEnemyAnimatedWithDeathSpawn,export/SLES_010.90.c,2,0x400c9a1d;0x44d4c8d8,1,0x04d852c5(1),"0x400c9a1d: SetEntitySpriteId(entity,0x400c9a1d,1); || 0x44d4c8d8: SetAnimationSpriteCallback(entity,0x44d4c8d8);"
EntityEventHandlerSpawnMultipleProjectiles,export/SLES_010.90.c,2,0x082c0536;0x8b603980,1,0x0698796d(1),"0x8b603980: InitParticleEntity(pEVar3,0x8b603980,uVar1,*(undefined1 *)(entity + 0x74), || 0x082c0536: InitParticleEntity(pEVar3,0x82c0536,uVar1,*(undefined1 *)(entity + 0x74),"
InitCheckpointEntity,export/SLES_010.90.c,2,0x80729081;0x88329285,1,0x00081021(1),"0x80729081: InitEntitySprite((SpriteEntity *)entity,0x80729081,0x3de,*(short *)((int)spawnDa || 0x88329285: entity_01 = InitEntitySprite(entity_00,0x88329285,0x3dd, || 0x80729081: InitEntitySprite(param_1,0x80729081,0x3de,*(short *)(param_2 + 8) + -0x1e,"
CollectibleScaledTickCallback,export/SLES_010.90.c,2,0x2cda4604;0xec000027,1,0x0369188f(1),"0xec000027: InitParticleEntity(pEVar6,0xec000027,uVar2,param_1->facing,param_1->scaleRender, || 0x2cda4604: InitParticleEntity(pEVar6,0x2cda4604,local_68,param_1->facing,param_1->scaleRend"
EntityDestroyWithEffects,export/SLES_010.90.c,2,0x02ed1470;0xc0099011,1,0x08c385c9(1),"0xc0099011: uVar1 = PlayEntityPositionSound((Entity *)entity,0xc0099011); || 0x02ed1470: SetEntitySpriteId((SpriteEntity *)entity,0x2ed1470,1); || 0xc0099011: uVar3 = PlayEntityPositionSound((int)param_1,0xc0099011);"
BossState_SpawnDeathParticle,export/SLES_010.90.c,2,0x60de1050;0xa0cc18d0,1,0x00482203(1),"0xa0cc18d0: pEVar2 = (Entity *)InitParticleEntity(pEVar2,0xa0cc18d0,uVar1,0,0x10000,0x3d4,0) || 0x60de1050: SetEntitySpriteId((SpriteEntity *)pEntity,0x60de1050,1);"
BossState_DefeatedWithParticles,export/SLES_010.90.c,2,0x424d1840;0xa0cc1cd0,1,0x020921c5(1),"0xa0cc1cd0: InitEntitySprite(entity,0xa0cc1cd0,0x3d6,sVar3,y,'\0'); || 0x424d1840: SetEntitySpriteId((SpriteEntity *)pEntity,0x424d1840,1);"
CollectibleRiseState,export/SLES_010.90.c,2,0x424129a1;0x81421850,1,0x0331f1c3(1),"0x424129a1: uVar1 = PlayEntityPositionSound((Entity *)collectible,0x424129a1); || 0x424129a1: uVar2 = PlayEntityPositionSound((int)param_1,0x424129a1); || 0x81421850: SetEntitySpriteId((int)param_1,0x81421850,1);"
CollectibleFloatState,export/SLES_010.90.c,2,0x66017821;0x82421850,1,0x038f221b(1),"0x66017821: uVar1 = PlayEntityPositionSound((Entity *)collectible,0x66017821); || 0x66017821: uVar2 = PlayEntityPositionSound((int)param_1,0x66017821); || 0x82421850: SetEntitySpriteId((int)param_1,0x82421850,1);"
HazardActivateWithSound,export/SLES_010.90.c,2,0x7a318245;0x8068815c,1,0x0319fa59(1),"0x7a318245: pEVar1 = (EntityCallbackTableBase *)PlayEntityPositionSound((Entity *)pEntity,0x || 0x7a318245: uVar1 = PlayEntityPositionSound((int)param_1,0x7a318245); || 0x8068815c: SetEntitySpriteId((int)param_1,0x8068815c,1);"
HazardIdleWithSound,export/SLES_010.90.c,2,0x407801d0;0x62318245,1,0x072a4493(1),"0x62318245: pEVar1 = (EntityCallbackTableBase *)PlayEntityPositionSound((Entity *)pEntity,0x || 0x407801d0: SetEntitySpriteId(pEntity,0x407801d0,1); || 0x62318245: uVar1 = PlayEntityPositionSound((int)param_1,0x62318245);"
ShrineyGuardSetLoopingAttackState,export/SLES_010.90.c,2,0x40106054;0xc00200c9,1,0x0024c13b(1),"0x40106054: SetEntitySpriteId(pEntity,0x40106054,1); || 0x40106054: SetEntitySpriteId((int)param_1,0x40106054,1); || 0xc00200c9: SetAnimationLoopFrame((int)param_1,0xc00200c9);"
JoeHeadJoeAttackEventHandler,export/SLES_010.90.c,2,0xf03391e9;0xf033a1e9,1,0x00000003(1),0xf03391e9: dwEventOrHash = 0xf03391e9; || 0xf03391e9: dwEventOrHash = 0xf03391e9; || 0xf033a1e9: dwEventOrHash = 0xf033a1e9;
JoeHeadJoeSetIdleState,export/SLES_010.90.c,2,0x0b290ba2;0x603588e8,1,0x0694d639(1),"0x0b290ba2: SetEntitySpriteId(param_1,0xb290ba2,1); || 0x603588e8: pEVar2 = (EntityCallbackTableBase *)PlayEntityPositionSound((Entity *)param_1,0x || 0x0b290ba2: SetEntitySpriteId((int)param_1,0xb290ba2,1);"
InitKloggBoss,export/SLES_010.90.c,2,0x486492c4;0xcaadc032,1,0x0592a5ed(1),"0xcaadc032: InitEntitySprite(pHPBarEntity,0xcaadc032,10000,0xa2,0xf4,'\0'); || 0x486492c4: uVar1 = PlayEntityPositionSound(pEntity,0x486492c4); || 0xcaadc032: InitEntitySprite(puVar2,0xcaadc032,10000,0xa2,0xf4,0);"
EnemyHitMessageHandler,export/SLES_010.90.c,2,0x0c3082c3;0x98004092,1,0x094650c3(1),"0x98004092: InitParticleEntity(pEVar5,0x98004092,uVar4,pEntity->facing,pEntity->scaleRender, || 0x0c3082c3: uVar7 = 0xc3082c3; || 0x98004092: iVar3 = InitParticleEntity(puVar2,0x98004092,uVar1,*(undefined1 *)(param_1 + 0x7"
JoeHeadJoeBallFallCallback,export/SLES_010.90.c,2,0x069580a0;0x34014841,1,0x0994a647(1),"0x34014841: PlayEntityPositionSound((Entity *)entity,0x34014841); || 0x069580a0: SetEntitySpriteId(entity,0x69580a0,1);"
JoeHeadJoeBallStartRolling,export/SLES_010.90.c,2,0x0239cb33;0x70a09ce1,1,0x2729957d(1),"0x70a09ce1: uVar1 = PlayEntityPositionSound((Entity *)pEntity,0x70a09ce1); || 0x0239cb33: SetEntitySpriteId(pEntity,0x239cb33,1);"
SpawnSwirlPortalEntity,export/SLES_010.90.c,2,0x3d348056;0xca1b20cb,1,0x04efb97d(1),0xca1b20cb: dwSpriteHash = 0xca1b20cb; || 0x3d348056: dwSpriteHash = 0x3d348056; || 0xca1b20cb: uVar4 = 0xca1b20cb;
SpawnPlayerDeathEffect,export/SLES_010.90.c,2,0x422a0225;0x5860c640,1,0x1194692b(1),"0x5860c640: PlayEntityPositionSound(player,0x5860c640); || 0x422a0225: InitParticleEntity(pEVar4,0x422a0225,uVar1,player->facing,player->scalePowerupX, || 0x5860c640: PlayEntityPositionSound(param_1,0x5860c640);"
PlayerState_PlayRandomIdleAnimation,export/SLES_010.90.c,2,0x5900c41e;0xd305d045,1,0x028a2dc5(1),0x5900c41e: uVar7 = 0x5900c41e; || 0xd305d045: if (uVar7 == 0xd305d045) {
PlayerState_Jump,export/SLES_010.90.c,2,0x00248e52;0x092b8480,1,0x04878569(1),"0x00248e52: uVar1 = PlayEntityPositionSound((Entity *)param_1,0x248e52); || 0x092b8480: SetEntitySpriteId((SpriteEntity *)param_1,0x92b8480,1); || 0x00248e52: uVar1 = PlayEntityPositionSound((int)param_1,0x248e52);"
PlayerStateInit_Walking,export/SLES_010.90.c,2,0x1e089010;0x70d006d8,1,0x0ddb12d9(1),"0x1e089010: SetEntitySpriteId((SpriteEntity *)pEntity,0x1e089010,1); || 0x70d006d8: SetAnimationLoopFrame((SpriteEntity *)pEntity,0x70d006d8);"
PlayerState_StartSwimming,export/SLES_010.90.c,2,0x00388110;0x06e0a824,1,0x01b60a4d(1),"0x06e0a824: PlayEntityPositionSound((Entity *)param_1,0x6e0a824); || 0x00388110: SetEntitySpriteId((SpriteEntity *)param_1,0x388110,1);"
FinnDeathExplosion,export/SLES_010.90.c,2,0x088c5011;0x344210b1,1,0x01e67205(1),"0x344210b1: pEVar4 = (Entity *)InitParticleEntity(pEVar4,0x344210b1,uVar1,0,0x10000,0x3d4,0) || 0x088c5011: SetEntitySpriteId((SpriteEntity *)param_1,0x88c5011,1); || 0x344210b1: iVar3 = InitParticleEntity(puVar2,0x344210b1,uVar1,0,0x10000,0x3d4,0);"
PlatformStateInit_ResumeWithSound,export/SLES_010.90.c,2,0x3c389550;0x40f8c274,1,0x015c91f3(1),"0x40f8c274: uVar1 = PlayEntityPositionSound((Entity *)pEntity,0x40f8c274); || 0x3c389550: SetEntitySpriteId((SpriteEntity *)pEntity,0x3c389550,1);"
PlatformStateInit_LandFromFlight,export/SLES_010.90.c,2,0x1a202d81;0x60680076,1,0x05beef49(1),"0x1a202d81: SetEntitySpriteId((SpriteEntity *)pEntity,0x1a202d81,1); || 0x60680076: SetAnimationFrameCallback((SpriteEntity *)pEntity,0x60680076);"
CreateFinnPlayerEntity,export/SLES_010.90.c,2,0x3da80d13;0xcc6c8070,1,0x12358fc7(1),"0x3da80d13: pEVar2 = InitEntitySprite(entity_00,0x3da80d13,0x3e9,x,y,'\0'); || 0xcc6c8070: uVar3 = PlayEntityPositionSound((Entity *)entity,0xcc6c8070);"
FinnState_Spawn,export/SLES_010.90.c,2,0x1b280c33;0x3da80d13,1,0x0002404d(1),"0x1b280c33: SetEntitySpriteId(entity,0x1b280c33,1); || 0x3da80d13: SetEntitySpriteId((SpriteEntity *)entity[1].tickCallback,0x3da80d13,1);"
InitMenuSkullIconButton,export/SLES_010.90.c,2,0x10094096;0x81100030,1,0x029a4465(1),"0x10094096: InitEntitySprite(parent,0x10094096,1000,x,y,'\0'); || 0x81100030: pEVar3 = InitEntitySprite(entity,0x81100030,2000,0xe8,0xac,'\0');"
PasswordSubmitEventHandler,export/SLES_010.90.c,2,0x42906465;0x64221e61,1,0x0213593d(1),"0x64221e61: PlaySoundEffect(0x64221e61,0xa0,'\0'); || 0x42906465: PlaySoundEffect(0x42906465,0xa0,'\0');"
InitMenuStage3,export/SLES_010.90.c,2,0x10094096;0x81100030,1,0x029a4465(1),"0x10094096: InitEntitySprite(pSVar3,0x10094096,1000,0x5f,0x9b,'\0'); || 0x81100030: pEVar4 = InitEntitySprite(entity,0x81100030,2000,0xe8,0xac,'\0'); || 0x10094096: InitEntitySprite(pSVar3,0x10094096,1000,0x59,0xb7,'\0');"
InitMenuStage4,export/SLES_010.90.c,2,0x10094096;0xe289c059,1,0x01019fe5(1),"0x10094096: InitEntitySprite(pSVar3,0x10094096,1000,0x29,0x41,'\0'); || 0xe289c059: pEVar6 = InitEntitySprite(pSVar4,0xe289c059,2000,*psVar5,psVar5[1],'\0'); || 0x10094096: InitEntitySprite(pSVar3,0x10094096,1000,0x2b,0x5e,'\0');"
InitGroundPatrolEnemy,disks/SLES_010.90.c,2,0x8c510186;0xa9240484,1,0x02257505(1),"0x8c510186: InitEntitySprite(param_1,0x8c510186,0x3de,param_2[4],param_2[5],0); || 0xa9240484: InitEntitySprite(puVar4,0xa9240484,0x3de,psVar6[4],psVar6[5],0);"
Callback_80048f40,disks/SLES_010.90.c,2,0x60de1050;0xa0cc18d0,1,0x00482203(1),"0xa0cc18d0: iVar3 = InitParticleEntity(puVar2,0xa0cc18d0,uVar1,0,0x10000,0x3d4,0); || 0x60de1050: SetEntitySpriteId((int)param_1,0x60de1050,1);"
Callback_8004906c,disks/SLES_010.90.c,2,0x424d1840;0xa0cc1cd0,1,0x020921c5(1),"0xa0cc1cd0: InitEntitySprite(puVar8,0xa0cc1cd0,0x3d6,uVar3,uVar4,0); || 0x424d1840: SetEntitySpriteId((int)param_1,0x424d1840,1);"
Callback_80067fc8,disks/SLES_010.90.c,2,0x1e089010;0x70d006d8,1,0x0ddb12d9(1),"0x1e089010: SetEntitySpriteId((int)param_1,0x1e089010,1); || 0x70d006d8: SetAnimationLoopFrame((int)param_1,0x70d006d8);"
Callback_8006b4f4,disks/SLES_010.90.c,2,0x421586c2;0x8569a090,1,0x0994b1df(1),"0x421586c2: uVar1 = PlaySoundEffect(0x421586c2,0xa0,'\0'); || 0x8569a090: SetEntitySpriteId((int)param_1,0x8569a090,1);"
Callback_8006d724,disks/SLES_010.90.c,2,0x00388110;0x06e0a824,1,0x01b60a4d(1),"0x06e0a824: PlayEntityPositionSound((int)param_1,0x6e0a824); || 0x00388110: SetEntitySpriteId((int)param_1,0x388110,1);"
EntityInitCallback_800726c8,disks/SLES_010.90.c,2,0x3c389550;0x40f8c274,1,0x015c91f3(1),"0x40f8c274: uVar1 = PlayEntityPositionSound((int)param_1,0x40f8c274); || 0x3c389550: SetEntitySpriteId((int)param_1,0x3c389550,1);"
Callback_80072ce8,disks/SLES_010.90.c,2,0x1a202d81;0x60680076,1,0x05beef49(1),"0x1a202d81: SetEntitySpriteId((int)param_1,0x1a202d81,1); || 0x60680076: SetAnimationFrameCallback((int)param_1,0x60680076);"
EnemyPatrolState,export/SLES_010.90.c,2,0x60b93cbd;0x60b9bcbd,0,,0x60b9bcbd: nSpriteId = 0x60b9bcbd; || 0x60b93cbd: nSpriteId = 0x60b93cbd; || 0x60b9bcbd: uVar1 = 0x60b9bcbd;
InitPlayerEntity,export/SLES_010.90.c,1,0x21842018,0,,"0x21842018: AllocSpriteRenderContext((int)entity,10000,0x21842018); || 0x21842018: SetEntitySpriteId((SpriteEntity *)entity,0x21842018,1); || 0x21842018: AllocSpriteRenderContext((int)param_1,10000,0x21842018);"
AddPlayerOrbs,export/SLES_010.90.c,1,0x428254e2,0,,"0x428254e2: PlaySoundEffect(0x428254e2,0xa0,'\0'); || 0x428254e2: PlaySoundEffect(0x428254e2,0xa0,'\0');"
InitEntity_8c510186,export/SLES_010.90.c,1,0x8c510186,0,,"0x8c510186: InitEntitySprite((SpriteEntity *)entity,0x8c510186,10000,0x18,y,'\0'); || 0x8c510186: InitEntitySprite(param_1,0x8c510186,10000,0x18,sVar1 + 0x20,0);"
InitTimerDisplayEntity,export/SLES_010.90.c,1,0x6a351094,0,,"0x6a351094: InitEntitySprite((SpriteEntity *)param_1,0x6a351094,10000,0x120,y,'\0'); || 0x6a351094: InitEntitySprite(param_1,0x6a351094,10000,0x120,sVar1 + 0x20,0);"
ToggleMenuSelectionHighlight,export/SLES_010.90.c,1,0x646c2cc0,0,,"0x646c2cc0: PlaySoundEffect(0x646c2cc0,0xa0,'\x01'); || 0x646c2cc0: PlaySoundEffect(0x646c2cc0,0xa0,'\x01');"
InitGreenBulletsCollectible,export/SLES_010.90.c,1,0xe8628689,0,,"0xe8628689: InitEntitySprite((SpriteEntity *)entity,0xe8628689,0x3de,spawn_data[4],spawn_dat"
DecorEntity_CollectWithSwirlyEffect,export/SLES_010.90.c,1,0x02847462,0,,"0x02847462: PlayEntityPositionSound(entity,0x2847462);"
InitDecorEntityWithHUDIcon,export/SLES_010.90.c,1,0xb8700ca1,0,,"0xb8700ca1: InitEntitySprite((SpriteEntity *)entity,0xb8700ca1,0x3de,spawn[4],spawn[5],'\x01 || 0xb8700ca1: InitEntitySprite(param_1,0xb8700ca1,0x3de,param_2[4],param_2[5],1);"
InitYellowBirdCollectible,export/SLES_010.90.c,1,0xc87ca082,0,,"0xc87ca082: InitEntitySprite((SpriteEntity *)entity,0xc87ca082,0x3de,spawn[4],spawn[5],'\0')"
CollectibleYellowBirdTickCallback,export/SLES_010.90.c,1,0x6082c120,0,,"0x6082c120: PlayEntityPositionSound(entity,0x6082c120);"
InitClayballWithRandomColor,export/SLES_010.90.c,1,0xb8700ca1,0,,"0xb8700ca1: InitEntitySprite((SpriteEntity *)entity,0xb8700ca1,0x3de,spawn[4],spawn[5],'\x01"
CollectibleClaySingleTickCallback,export/SLES_010.90.c,1,0x4a806042,0,,"0x4a806042: PlayEntityPositionSound(entity,0x4a806042);"
DecorSetSpriteIdle,export/SLES_010.90.c,1,0x09406d8a,0,,"0x09406d8a: SetEntitySpriteId((SpriteEntity *)entity,0x9406d8a,1); || 0x09406d8a: SetEntitySpriteId((int)param_1,0x9406d8a,1);"
InitTransparentDecorEntity,export/SLES_010.90.c,1,0xa9240484,0,,"0xa9240484: InitEntitySprite((SpriteEntity *)entity,0xa9240484,0x3de,spawnData[4],spawnData[ || 0xa9240484: InitEntitySprite(param_1,0xa9240484,0x3de,param_2[4],param_2[5],1);"
CollectibleExtraLifeTickCallback,export/SLES_010.90.c,1,0x428254e2,0,,"0x428254e2: PlayEntityPositionSound(entity,0x428254e2);"
InitPhoenixHandCollectible,export/SLES_010.90.c,1,0x9158a0f6,0,,"0x9158a0f6: InitEntitySprite((SpriteEntity *)entity,0x9158a0f6,0x3de,spawnData[4],spawnData["
CollectiblePhoenixHandTickCallback,export/SLES_010.90.c,1,0x44c26454,0,,"0x44c26454: PlayEntityPositionSound(entity,0x44c26454);"
CollectiblePhartHeadTickCallback,export/SLES_010.90.c,1,0xc0034658,0,,"0xc0034658: PlayEntityPositionSound(entity,0xc0034658);"
InitUniverseEnemaCollectible,export/SLES_010.90.c,1,0x6a351094,0,,"0x6a351094: InitEntitySprite((SpriteEntity *)entity,0x6a351094,0x3de,spawn[4],spawn[5],'\0')"
CollectibleUniverseEnemaTickCallback,export/SLES_010.90.c,1,0xc88a346a,0,,"0xc88a346a: PlayEntityPositionSound(param_1,0xc88a346a);"
InitSingleFrameDecorEntity,export/SLES_010.90.c,1,0x08624580,0,,"0x08624580: InitEntitySprite((SpriteEntity *)entity,0x8624580,0x3de,spawn[4],spawn[5],'\0'); || 0x08624580: InitEntitySprite(param_1,0x8624580,0x3de,param_2[4],param_2[5],0);"
TriggerCollectible100CTickCallback,export/SLES_010.90.c,1,0x62000441,0,,"0x62000441: PlayEntityPositionSound((Entity *)pEntity,0x62000441);"
InitScaleResetCollectible,export/SLES_010.90.c,1,0x8c30008c,0,,"0x8c30008c: InitEntitySprite((SpriteEntity *)entity,0x8c30008c,0x3de,spawn[4],spawn[5],'\0')"
CollectibleScaleResetTickCallback,export/SLES_010.90.c,1,0x40864668,0,,"0x40864668: PlayEntityPositionSound(entity,0x40864668);"
Init1970IconEntity,export/SLES_010.90.c,1,0x88a28194,0,,"0x88a28194: InitEntitySprite((SpriteEntity *)entity,0x88a28194,0x3de,spawn[4],spawn[5],'\x01"
InitHamsterShieldCollectible,export/SLES_010.90.c,1,0x80e85ea0,0,,"0x80e85ea0: InitEntitySprite((SpriteEntity *)entity,0x80e85ea0,0x3de,spawn[4],spawn[5],'\x01"
InitSuperWillieCollectible,export/SLES_010.90.c,1,0x902c0002,0,,"0x902c0002: InitEntitySprite((SpriteEntity *)entity,0x902c0002,0x3de,spawn[4],spawn[5],'\x01"
CollectibleSuperWillieTickCallback,export/SLES_010.90.c,1,0xe48744c4,0,,"0xe48744c4: PlayEntityPositionSound(entity,0xe48744c4);"
DecorCollisionTickWithSpawnAndSound,export/SLES_010.90.c,1,0x4a806042,0,,"0x4a806042: PlayEntityPositionSound(entity,0x4a806042);"
DecorStartWithRandomTimer,export/SLES_010.90.c,1,0x093080c8,0,,"0x093080c8: SetEntitySpriteId((SpriteEntity *)entity,0x93080c8,1); || 0x093080c8: SetEntitySpriteId(param_1,0x93080c8,1);"
InitEntityType0x3DE,export/SLES_010.90.c,1,0xfa100225,0,,"0xfa100225: InitEntitySprite((SpriteEntity *)entity,0xfa100225,0x3de,in_a1,in_a2,'\0'); || 0xfa100225: InitEntitySprite(param_1,0xfa100225,0x3de,param_2,param_3,0);"
InitPasswordEntity,export/SLES_010.90.c,1,0x28ce0610,0,,"0x28ce0610: InitEntitySprite((SpriteEntity *)param_1,0x28ce0610,700,*(short *)(param_2 + 8), || 0x28ce0610: InitEntitySprite(param_1,0x28ce0610,700,*(undefined2 *)(param_2 + 8),*(short *)("
InitEntity_168254b5,export/SLES_010.90.c,1,0x168254b5,0,,"0x168254b5: InitEntitySprite((SpriteEntity *)entity,0x168254b5,0x3bf,in_a2,in_a3,'\x01');"
InitScalableTimerEntity,export/SLES_010.90.c,1,0x6a351094,0,,"0x6a351094: InitEntitySprite((SpriteEntity *)param_1,0x6a351094,2000,x,y,'\0'); || 0x6a351094: InitEntitySprite(param_1,0x6a351094,2000,uVar4,uVar3,0);"
InitLoadingScreenEntity,export/SLES_010.90.c,1,0x0a921e2c,0,,"0x0a921e2c: InitEntitySprite((SpriteEntity *)param_1,0xa921e2c,2000,x,y,'\0'); || 0x0a921e2c: InitEntitySprite(param_1,0xa921e2c,2000,uVar3,uVar2,0);"
CollectibleTickFinnMode,export/SLES_010.90.c,1,0x2cda4604,0,,"0x2cda4604: InitParticleEntity(pEVar5,0x2cda4604,local_40,*(undefined1 *)(collectible + 0x74 || 0x2cda4604: iVar3 = InitParticleEntity(puVar5,0x2cda4604,local_40,*(undefined1 *)(param_1 + "
CollectibleSparkleTickCallback,export/SLES_010.90.c,1,0x5822c080,0,,"0x5822c080: InitParticleEntity(pEVar7,0x5822c080,local_20,*(undefined1 *)(collectible + 0x74 || 0x5822c080: iVar5 = InitParticleEntity(puVar6,0x5822c080,local_20,*(undefined1 *)(param_1 + "
EnemyStartMovingWithSound,export/SLES_010.90.c,1,0x68009240,0,,"0x68009240: puVar1 = (undefined *)PlayEntityPositionSound(entity,0x68009240); || 0x68009240: uVar1 = PlayEntityPositionSound((int)param_1,0x68009240);"
LaserMonkeyWalkState,export/SLES_010.90.c,1,0x60b98cbd,0,,"0x60b98cbd: SetEntitySpriteId((SpriteEntity *)param_1,0x60b98cbd,1); || 0x60b98cbd: SetEntitySpriteId((int)param_1,0x60b98cbd,1);"
InitTripleLaserMonkeyAttackState,export/SLES_010.90.c,1,0x64bb1cbe,0,,"0x64bb1cbe: SetEntitySpriteId(entity,0x64bb1cbe,1);"
LaserMonkeyIdleState,export/SLES_010.90.c,1,0x60b8bc9c,0,,"0x60b8bc9c: SetEntitySpriteId((SpriteEntity *)entity,0x60b8bc9c,1); || 0x60b8bc9c: SetEntitySpriteId((int)param_1,0x60b8bc9c,1);"
EntityEventHandlerSpawnParticle,export/SLES_010.90.c,1,0x804c881c,0,,"0x804c881c: InitParticleEntity(pEVar1,0x804c881c,local_28,entity->facing,entity->scaleRender"
InitCollectibleTimer0x1e_SpriteC,export/SLES_010.90.c,1,0x006b9a6f,0,,"0x006b9a6f: SetEntitySpriteId(entity,0x6b9a6f,1);"
InitCollectibleTimer0x1e,export/SLES_010.90.c,1,0x21a81d54,0,,"0x21a81d54: SetEntitySpriteId((SpriteEntity *)entity,0x21a81d54,1);"
InitCollectibleTimer0x3c_SpriteA,export/SLES_010.90.c,1,0x006b9a6f,0,,"0x006b9a6f: SetEntitySpriteId(entity,0x6b9a6f,1);"
InitCollectibleTimer0x3c_SpriteB,export/SLES_010.90.c,1,0x21a81d54,0,,"0x21a81d54: SetEntitySpriteId(entity,0x21a81d54,1);"
InitShooterEnemyStateB,export/SLES_010.90.c,1,0x21229c5c,0,,"0x21229c5c: SetEntitySpriteId(entity,0x21229c5c,1);"
InitCollectibleIdleState,export/SLES_010.90.c,1,0x53209c1c,0,,"0x53209c1c: SetEntitySpriteId((SpriteEntity *)entity,0x53209c1c,1);"
InitCollectibleIdleStateB,export/SLES_010.90.c,1,0x20211e5f,0,,"0x20211e5f: SetEntitySpriteId(entity,0x20211e5f,1);"
AnimatedEntityToggleSpriteA,export/SLES_010.90.c,1,0x35289fae,0,,"0x35289fae: SetEntitySpriteId(param_1,0x35289fae,1);"
AnimatedEntityToggleSpriteB,export/SLES_010.90.c,1,0x212a9c2d,0,,"0x212a9c2d: SetEntitySpriteId((SpriteEntity *)entity,0x212a9c2d,1);"
EnemySetLoopingAnimation,export/SLES_010.90.c,1,0x212a9c2d,0,,"0x212a9c2d: SetEntitySpriteId((SpriteEntity *)entity,0x212a9c2d,1); || 0x212a9c2d: SetEntitySpriteId(param_1,0x212a9c2d,1);"
EnemySpawnerTickCallback,export/SLES_010.90.c,1,0x51200640,0,,"0x51200640: PlaySoundEffect(0x51200640,*(short *)(spawner + 0x1c) - g_pGameState->camera_x,'"
EntityPathFollowerWithTriggerZone,export/SLES_010.90.c,1,0x746048f1,0,,"0x746048f1: PlayEntityPositionSound(follower,0x746048f1);"
InitConditionalCollectibleEntity,export/SLES_010.90.c,1,0x6d209c95,0,,"0x6d209c95: SetEntitySpriteId(param_1,0x6d209c95,1);"
CollectibleIdleState,export/SLES_010.90.c,1,0x6c289c1c,0,,"0x6c289c1c: SetEntitySpriteId((SpriteEntity *)entity,0x6c289c1c,1); || 0x6c289c1c: SetEntitySpriteId((int)param_1,0x6c289c1c,1);"
InitAnimatedTimedCollectible,export/SLES_010.90.c,1,0x52186e1c,0,,"0x52186e1c: InitEntitySprite((SpriteEntity *)entity,0x52186e1c,0x3ca,*(short *)((int)def + 8 || 0x52186e1c: InitEntitySprite(param_1,0x52186e1c,0x3ca,*(undefined2 *)(param_2 + 8),"
InitEntityState_Idle,export/SLES_010.90.c,1,0x60181a0c,0,,"0x60181a0c: SetEntitySpriteId((SpriteEntity *)entity,0x60181a0c,1); || 0x60181a0c: SetEntitySpriteId((int)param_1,0x60181a0c,1);"
InitEntityState_Animated,export/SLES_010.90.c,1,0x611c5804,0,,"0x611c5804: SetEntitySpriteId((SpriteEntity *)entity,0x611c5804,1); || 0x611c5804: SetEntitySpriteId((int)param_1,0x611c5804,1);"
InitProjectilePathEntity,export/SLES_010.90.c,1,0xb8700ca1,0,,"0xb8700ca1: InitEntitySprite((SpriteEntity *)pEntity,0xb8700ca1,0x3de,nX,nY,'\x01');"
InitCollectibleEntity_Alt,export/SLES_010.90.c,1,0x88210498,0,,"0x88210498: InitEntitySprite((SpriteEntity *)entity,0x88210498,0x3ca,*(short *)((int)spawnDa"
BounceClay_DestroyingState,export/SLES_010.90.c,1,0x657c322c,0,,"0x657c322c: SetEntitySpriteId((SpriteEntity *)entity,0x657c322c,1);"
InitScaledMovingEntity,export/SLES_010.90.c,1,0x9b2204a0,0,,"0x9b2204a0: InitEntitySprite((SpriteEntity *)entity,0x9b2204a0,0x3ca,*(short *)(spawnRecord  || 0x9b2204a0: InitEntitySprite(param_1,0x9b2204a0,0x3ca,*(undefined2 *)(param_2 + 8),"
TeleporterActivateTickCallback,export/SLES_010.90.c,1,0x80282799,0,,"0x80282799: InitParticleEntity(pEVar4,0x80282799,uVar1,param_1->facing,param_1[2].eventMarke"
TeleporterPortalEventHandler,export/SLES_010.90.c,1,0x01a5b0d3,0,,0x01a5b0d3: if ((eventArg == 0x4a212247) || (eventArg == 0x1a5b0d3)) { || 0x01a5b0d3: if ((param_3 == 0x4a212247) || (param_3 == 0x1a5b0d3)) {
TeleporterExitState,export/SLES_010.90.c,1,0x1a2ab594,0,,"0x1a2ab594: SetEntitySpriteId((SpriteEntity *)entity,0x1a2ab594,1); || 0x1a2ab594: SetEntitySpriteId((int)param_1,0x1a2ab594,1);"
InitPathFollowingEntity_Alt,export/SLES_010.90.c,1,0xc8830661,0,,"0xc8830661: pEVar2 = (EntityCallbackTableBase *)PlayEntityPositionSound(entity,0xc8830661);"
EnemySetIdleSprite,export/SLES_010.90.c,1,0x458b0320,0,,"0x458b0320: SetEntitySpriteId((SpriteEntity *)entity,0x458b0320,1); || 0x458b0320: SetEntitySpriteId(param_1,0x458b0320,1);"
InitBackgroundParticleEmitter,export/SLES_010.90.c,1,0xa0cc1cd0,0,,"0xa0cc1cd0: InitEntitySprite(entity,0xa0cc1cd0,0x3d6,local_res4,sStackX_6,'\0');"
ParticleEmitterTickCallback,export/SLES_010.90.c,1,0xa0149114,0,,"0xa0149114: pEVar2 = (Entity *)InitParticleEntity(pEVar2,0xa0149114,local_30,0,0x10000,0x3d4 || 0xa0149114: iVar2 = InitParticleEntity(puVar1,0xa0149114,local_30,0,0x10000,0x3d4,0);"
InitBackgroundSparkleEntity,export/SLES_010.90.c,1,0x0244655d,0,,"0x0244655d: InitEntitySprite(entity,0x244655d,0x3c0,x,y,'\0');"
GliderSetActiveState,export/SLES_010.90.c,1,0x10057441,0,,"0x10057441: SetEntitySpriteId((SpriteEntity *)entity,0x10057441,1); || 0x10057441: SetEntitySpriteId((int)param_1,0x10057441,1);"
GliderLandedState,export/SLES_010.90.c,1,0x024d704e,0,,"0x024d704e: SetEntitySpriteId((SpriteEntity *)entity,0x24d704e,1); || 0x024d704e: SetEntitySpriteId((int)param_1,0x24d704e,1);"
GliderStateInit_ResetAtSpawn,export/SLES_010.90.c,1,0x08de7215,0,,"0x08de7215: SetEntitySpriteId((SpriteEntity *)pEntity,0x8de7215,1);"
EntityMessageHandler,export/SLES_010.90.c,1,0xc0099011,0,,"0xc0099011: uVar2 = PlayEntityPositionSound((Entity *)param_1,0xc0099011); || 0xc0099011: uVar4 = PlayEntityPositionSound(param_1,0xc0099011);"
InitKloggChaseState,export/SLES_010.90.c,1,0x022e3442,0,,"0x022e3442: SetEntitySpriteId((SpriteEntity *)entity,0x22e3442,1);"
InitGlennYntisBoss,export/SLES_010.90.c,1,0x48d81135,0,,"0x48d81135: InitEntitySprite(entity,0x48d81135,10000,0xa2,0xf4,'\0'); || 0x48d81135: InitEntitySprite(puVar3,0x48d81135,10000,0xa2,0xf4,0);"
GlennYntisEventHandler,export/SLES_010.90.c,1,0x8b603980,0,,"0x8b603980: InitParticleEntity(pEVar4,0x8b603980,local_38,entity->facing,entity->scaleRender"
CollectibleActiveState,export/SLES_010.90.c,1,0x407801dc,0,,"0x407801dc: SetEntitySpriteId(pEntity,0x407801dc,1); || 0x407801dc: SetEntitySpriteId((int)param_1,0x407801dc,1);"
GlennYntisIdleAnimState,export/SLES_010.90.c,1,0x2d688254,0,,"0x2d688254: SetEntitySpriteId(pEntity,0x2d688254,1);"
GlennYntisAnimStateB,export/SLES_010.90.c,1,0x2b79835d,0,,"0x2b79835d: SetEntitySpriteId(pEntity,0x2b79835d,1);"
GlennYntisAnimStateC,export/SLES_010.90.c,1,0x69588258,0,,"0x69588258: SetEntitySpriteId(pEntity,0x69588258,1);"
GlennYntisDefeatedState,export/SLES_010.90.c,1,0x0c78005c,0,,"0x0c78005c: SetEntitySpriteId(pEntity,0xc78005c,1);"
InitShrineyGuardBoss,export/SLES_010.90.c,1,0xa8482860,0,,"0xa8482860: InitEntitySprite(pHPBarEntity,0xa8482860,10000,0xa2,0xf0,'\0'); || 0xa8482860: InitEntitySprite(puVar5,0xa8482860,10000,0xa2,0xf0,0);"
EnemyUpdateWithCollisionAndDeath,export/SLES_010.90.c,1,0x98004092,0,,"0x98004092: InitParticleEntity(pParticle,0x98004092,dwSpawnPosXY,pEntity->facing, || 0x98004092: iVar5 = InitParticleEntity(puVar3,0x98004092,local_40,*(undefined1 *)(param_1 + "
ShrineyGuardSetAttackState,export/SLES_010.90.c,1,0x4c106054,0,,"0x4c106054: SetEntitySpriteId(pEntity,0x4c106054,1); || 0x4c106054: SetEntitySpriteId((int)param_1,0x4c106054,1);"
ShrineyGuardIdleState,export/SLES_010.90.c,1,0x09382152,0,,"0x09382152: SetEntitySpriteId(pEntity,0x9382152,1); || 0x09382152: SetEntitySpriteId((int)param_1,0x9382152,1);"
ShrineyGuardAttackAnimState,export/SLES_010.90.c,1,0x085860d4,0,,"0x085860d4: SetEntitySpriteId(pEntity,0x85860d4,1); || 0x085860d4: SetEntitySpriteId((int)param_1,0x85860d4,1);"
ShrineyGuardReadyAttackState,export/SLES_010.90.c,1,0x08192250,0,,"0x08192250: SetEntitySpriteId(pEntity,0x8192250,1); || 0x08192250: SetEntitySpriteId((int)param_1,0x8192250,1);"
ShrineyGuardStartLoopingAttackState,export/SLES_010.90.c,1,0x2c182010,0,,"0x2c182010: SetEntitySpriteId(pEntity,0x2c182010,1); || 0x2c182010: SetEntitySpriteId((int)param_1,0x2c182010,1);"
ShrineyGuardDeathState,export/SLES_010.90.c,1,0x0a1820d4,0,,"0x0a1820d4: SetEntitySpriteId((SpriteEntity *)entity,0xa1820d4,1); || 0x0a1820d4: SetEntitySpriteId((int)param_1,0xa1820d4,1);"
InitJoeHeadJoeBoss,export/SLES_010.90.c,1,0x06101db0,0,,"0x06101db0: InitEntitySprite(entity,0x6101db0,10000,0xa2,0xf4,'\0'); || 0x06101db0: InitEntitySprite(puVar4,0x6101db0,10000,0xa2,0xf4,0);"
JoeHeadJoeUpdateWithCollisionCheck,export/SLES_010.90.c,1,0x98004092,0,,"0x98004092: InitParticleEntity(pParticle,0x98004092,dwSpawnPosXY,pEntity->facing, || 0x98004092: iVar6 = InitParticleEntity(puVar5,0x98004092,local_70,*(undefined1 *)(param_1 + "
JoeHeadJoeEnterActiveState,export/SLES_010.90.c,1,0x1a3109b2,0,,"0x1a3109b2: SetEntitySpriteId(param_1,0x1a3109b2,1); || 0x1a3109b2: SetEntitySpriteId((int)param_1,0x1a3109b2,1);"
JoeHeadJoeReturnToIdleState,export/SLES_010.90.c,1,0x0b081dbb,0,,"0x0b081dbb: SetEntitySpriteId(param_1,0xb081dbb,1); || 0x0b081dbb: SetEntitySpriteId((int)param_1,0xb081dbb,1);"
JoeHeadJoeReturnToIdleStateAlt,export/SLES_010.90.c,1,0x0b0811bb,0,,"0x0b0811bb: SetEntitySpriteId(param_1,0xb0811bb,1); || 0x0b0811bb: SetEntitySpriteId((int)param_1,0xb0811bb,1);"
JoeHeadJoeDeathAnimState,export/SLES_010.90.c,1,0x2b3889b2,0,,"0x2b3889b2: SetEntitySpriteId(param_1,0x2b3889b2,1); || 0x2b3889b2: SetEntitySpriteId((int)param_1,0x2b3889b2,1);"
SpawnParticleAndMenuEntity,export/SLES_010.90.c,1,0x98004092,0,,"0x98004092: InitParticleEntity(pEVar4,0x98004092,local_40,pEntity->facing,pEntity->scaleRend || 0x98004092: iVar2 = InitParticleEntity(puVar1,0x98004092,local_40,*(undefined1 *)(param_1 + "
KloggSetMoveState,export/SLES_010.90.c,1,0x193ca112,0,,"0x193ca112: SetEntitySpriteId(entity,0x193ca112,1);"
EnemyIdleTimerState,export/SLES_010.90.c,1,0x193ca112,0,,"0x193ca112: SetEntitySpriteId((SpriteEntity *)entity,0x193ca112,1); || 0x193ca112: SetEntitySpriteId((int)param_1,0x193ca112,1);"
EnemySpriteState,export/SLES_010.90.c,1,0x08bc8013,0,,"0x08bc8013: SetEntitySpriteId((SpriteEntity *)entity,0x8bc8013,1); || 0x08bc8013: SetEntitySpriteId((int)param_1,0x8bc8013,1);"
EnemyDefeatState,export/SLES_010.90.c,1,0x18248010,0,,"0x18248010: SetEntitySpriteId((SpriteEntity *)entity,0x18248010,1); || 0x18248010: SetEntitySpriteId((int)param_1,0x18248010,1);"
InitEntity_ScaledSprite1,export/SLES_010.90.c,1,0x518b11b2,0,,"0x518b11b2: InitEntitySprite((SpriteEntity *)pEntity,0x518b11b2,0x3c8,nX,nY,'\0');"
InitEntity_ScaledAnimated1,export/SLES_010.90.c,1,0x78d909e0,0,,"0x78d909e0: InitEntitySprite((SpriteEntity *)pEntity,0x78d909e0,0x3cb,nX,nY,'\0');"
EntityTick_WithParticleSpawn,export/SLES_010.90.c,1,0x98004092,0,,"0x98004092: InitParticleEntity(pParticle,0x98004092,dwSpawnPosXY,pEntity->facing,"
ProjectileState_HomingActive,export/SLES_010.90.c,1,0x410818f9,0,,"0x410818f9: SetEntitySpriteId((SpriteEntity *)pEntity,0x410818f9,1);"
ProjectileState_HomingActiveVariant2,export/SLES_010.90.c,1,0x410808f9,0,,"0x410808f9: SetEntitySpriteId((SpriteEntity *)pEntity,0x410808f9,1);"
ProjectileState_HomingActiveVariant3,export/SLES_010.90.c,1,0x410800f9,0,,"0x410800f9: SetEntitySpriteId((SpriteEntity *)pEntity,0x410800f9,1);"
ProjectileHomingTickState,export/SLES_010.90.c,1,0x98004092,0,,"0x98004092: InitParticleEntity(pEVar6,0x98004092,local_40,pEntity->facing,pEntity->scaleRend"
ProjectileState_HomingMissileTrack,export/SLES_010.90.c,1,0x40098a60,0,,"0x40098a60: SetEntitySpriteId((SpriteEntity *)pEntity,0x40098a60,1);"
InitAuraEffectAtPlayer,export/SLES_010.90.c,1,0xa89d0ad0,0,,"0xa89d0ad0: InitEntitySprite((SpriteEntity *)pEntity,0xa89d0ad0,0x3e9,0xa0,0x78,'\0');"
InitAnimatedDirectionalEntity,export/SLES_010.90.c,1,0xb01c25f0,0,,"0xb01c25f0: InitEntitySprite((SpriteEntity *)pEntity,0xb01c25f0,9000,nX,nY,'\0');"
InitDirectionalPositionEntity,export/SLES_010.90.c,1,0x09993072,0,,"0x09993072: InitEntitySprite((SpriteEntity *)pEntity,0x9993072,0x3ca,nX,nY,'\0'); || 0x09993072: SetEntitySpriteId((SpriteEntity *)pEntity,0x9993072,1);"
JoeHeadJoeBallRegularInitState,export/SLES_010.90.c,1,0x3a3a49b2,0,,"0x3a3a49b2: SetEntitySpriteId(param_1,0x3a3a49b2,1); || 0x3a3a49b2: SetEntitySpriteId((int)param_1,0x3a3a49b2,1);"
JoeHeadJoeState_EnterCollisionState,export/SLES_010.90.c,1,0x323ac9be,0,,"0x323ac9be: SetEntitySpriteId(pEntity,0x323ac9be,1);"
JoeHeadJoeState_IdleAfterCollision,export/SLES_010.90.c,1,0x657c322c,0,,"0x657c322c: SetEntitySpriteId((SpriteEntity *)pEntity,0x657c322c,1);"
InitNegativeVelocityEntity,export/SLES_010.90.c,1,0x0c34aa22,0,,"0x0c34aa22: InitEntitySprite((SpriteEntity *)param_1,0xc34aa22,0x3cc,param_2,param_3,'\0'); || 0x0c34aa22: InitEntitySprite(param_1,0xc34aa22,0x3cc,param_2,param_3,0);"
InitEntity_ScaledSprite2,export/SLES_010.90.c,1,0x815900d0,0,,"0x815900d0: InitEntitySprite((SpriteEntity *)entity,0x815900d0,0x3c8,posX,posY,'\0');"
InitClockPlatformWithTimer,export/SLES_010.90.c,1,0x82886816,0,,"0x82886816: pEVar10 = InitEntitySprite(entity,0x82886816,0x3c5,param_1->worldX + (short)para"
ShrineyGuardDeactivateWithSound,export/SLES_010.90.c,1,0x222cb0e2,0,,"0x222cb0e2: PlayEntityPositionSound((Entity *)param_1,0x222cb0e2);"
ShrineyGuardEventHandler,export/SLES_010.90.c,1,0x42464cc8,0,,"0x42464cc8: PlayEntityPositionSound(guard,0x42464cc8);"
ClayballTickWithParticleSpawn,export/SLES_010.90.c,1,0x98004092,0,,"0x98004092: InitParticleEntity(pEVar3,0x98004092,local_38,entity->facing,entity->scaleRender"
PlayerProcessBounceCollision,export/SLES_010.90.c,1,0x002e2414,0,,"0x002e2414: InitParticleEntity(pEVar3,0x2e2414,uVar1,player->facing,player->scalePowerupX,0x || 0x002e2414: iVar3 = InitParticleEntity(puVar2,0x2e2414,uVar4,*(undefined1 *)(param_1 + 0x74)"
PlayerSpawnDustParticle,export/SLES_010.90.c,1,0x49289c14,0,,"0x49289c14: InitParticleEntity(pEVar2,0x49289c14,local_18,entity->facing,entity->scalePoweru"
PlayerState_TransitionToPickup,export/SLES_010.90.c,1,0x1e28e0d4,0,,0x1e28e0d4: if (player->currentSpriteId == 0x1e28e0d4) {
PlayerCallback_CheckpointSaveAndSpawnHUD,export/SLES_010.90.c,1,0x1d1811b3,0,,"0x1d1811b3: SetEntitySpriteId(unaff_s0,0x1d1811b3,1);"
SpawnPlayerTrailParticle,export/SLES_010.90.c,1,0x02841e65,0,,"0x02841e65: InitParticleEntity(pEVar3,0x2841e65,local_20,player->facing,player->scalePowerup || 0x02841e65: iVar4 = InitParticleEntity(puVar3,0x2841e65,local_20,*(undefined1 *)(param_1 + 0"
PlayerCallback_CollisionDamageSetup,export/SLES_010.90.c,1,0x00388110,0,,"0x00388110: SetEntitySpriteId((SpriteEntity *)entity,0x388110,1);"
TryActivatePowerup,export/SLES_010.90.c,1,0x64221e61,0,,"0x64221e61: PlayEntityPositionSound((Entity *)player,0x64221e61); || 0x64221e61: PlayEntityPositionSound(param_1,0x64221e61);"
PlayerPlaySoundOnDirectionInput,export/SLES_010.90.c,1,0x64221e61,0,,"0x64221e61: PlayEntityPositionSound(player,0x64221e61);"
PlayerCallback_JumpInputAndCounters,export/SLES_010.90.c,1,0x64221e61,0,,"0x64221e61: PlayEntityPositionSound((Entity *)param_1,0x64221e61);"
PlayerCallback_JumpTickHandler,export/SLES_010.90.c,1,0x64221e61,0,,"0x64221e61: PlayEntityPositionSound((Entity *)param_1,0x64221e61);"
PlayerCallback_CrouchClimbInputHandler,export/SLES_010.90.c,1,0x64221e61,0,,"0x64221e61: PlayEntityPositionSound((Entity *)pPlayer,0x64221e61);"
PlayerCallback_CrouchClimbTickHandler,export/SLES_010.90.c,1,0x64221e61,0,,"0x64221e61: PlayEntityPositionSound(entity,0x64221e61);"
PlayerCallback_FallingPhysicsMain,export/SLES_010.90.c,1,0x50f08207,0,,"0x50f08207: PlayEntityPositionSound((Entity *)param_1,0x50f08207);"
PlayerCallback_FallingPhysicsContinue,export/SLES_010.90.c,1,0x50f08207,0,,"0x50f08207: PlayEntityPositionSound((Entity *)unaff_s0,0x50f08207);"
PlayerCallback_JumpingPhysicsMain,export/SLES_010.90.c,1,0x50f08207,0,,"0x50f08207: PlayEntityPositionSound((Entity *)unaff_s0,0x50f08207);"
PlayerStateInit_Idle,export/SLES_010.90.c,1,0x48204012,0,,"0x48204012: SetEntitySpriteId((SpriteEntity *)entity,0x48204012,1);"
PlayerCallback_SetIdleStateCallbacks,export/SLES_010.90.c,1,0x48204012,0,,"0x48204012: SetEntitySpriteId((SpriteEntity *)player,0x48204012,1);"
PlayerState_IdleLookAround,export/SLES_010.90.c,1,0x5900c41e,0,,"0x5900c41e: SetEntitySpriteId((SpriteEntity *)player,0x5900c41e,1);"
PlayerState_WalkingRight,export/SLES_010.90.c,1,0x292e8480,0,,"0x292e8480: SetEntitySpriteId((SpriteEntity *)entity,0x292e8480,1); || 0x292e8480: SetEntitySpriteId((int)param_1,0x292e8480,1);"
PlayerState_WalkingLeft,export/SLES_010.90.c,1,0x18298210,0,,"0x18298210: SetEntitySpriteId((SpriteEntity *)entity,0x18298210,1); || 0x18298210: SetEntitySpriteId((int)param_1,0x18298210,1);"
PlayerState_Running,export/SLES_010.90.c,1,0x292e8480,0,,"0x292e8480: SetEntitySpriteId((SpriteEntity *)entity,0x292e8480,1); || 0x292e8480: SetEntitySpriteId((int)param_1,0x292e8480,1);"
PlayerEnterLandingState,export/SLES_010.90.c,1,0x282b8491,0,,"0x282b8491: SetEntitySpriteId((SpriteEntity *)entity,0x282b8491,1);"
PlayerSetupIdleState,export/SLES_010.90.c,1,0x282b8491,0,,"0x282b8491: SetEntitySpriteId(param_1,0x282b8491,1);"
PlayerStateInit_ResumeWalking,export/SLES_010.90.c,1,0x1e089010,0,,"0x1e089010: SetEntitySpriteId((SpriteEntity *)pEntity,0x1e089010,1);"
PlayerStateInit_IdleWithZoneTrigger,export/SLES_010.90.c,1,0x5a2082f2,0,,"0x5a2082f2: SetEntitySpriteId((SpriteEntity *)pEntity,0x5a2082f2,1);"
PlayerStateInit_IdleStanding,export/SLES_010.90.c,1,0x0a08c490,0,,"0x0a08c490: SetEntitySpriteId((SpriteEntity *)pEntity,0xa08c490,1);"
PlayerStateCallback_2,export/SLES_010.90.c,1,0x00388110,0,,"0x00388110: SetEntitySpriteId((SpriteEntity *)pEntity,0x388110,1); || 0x00388110: SetEntitySpriteId((int)param_1,0x388110,1);"
PlayerState_LandingFromRide,export/SLES_010.90.c,1,0x1c3aa013,0,,"0x1c3aa013: SetEntitySpriteId((SpriteEntity *)param_1,0x1c3aa013,1); || 0x1c3aa013: SetEntitySpriteId((int)param_1,0x1c3aa013,1);"
PlayerStateInit_JumpFromPlatform,export/SLES_010.90.c,1,0x1ef99931,0,,0x1ef99931: uVar7 = 0x1ef99931;
PlayerStateInit_BounceJumpAnimation,export/SLES_010.90.c,1,0x1c3aa013,0,,"0x1c3aa013: SetEntitySpriteId((SpriteEntity *)pEntity,0x1c3aa013,1);"
PlayerStateInit_BounceActive,export/SLES_010.90.c,1,0x1c3aa013,0,,"0x1c3aa013: SetEntitySpriteId((SpriteEntity *)pEntity,0x1c3aa013,1);"
PlayerSetupDeathState,export/SLES_010.90.c,1,0x393c80c2,0,,"0x393c80c2: SetEntitySpriteId((SpriteEntity *)player,0x393c80c2,1);"
PlayerState_DeathStart,export/SLES_010.90.c,1,0x1e28e0d4,0,,"0x1e28e0d4: SetEntitySpriteId((SpriteEntity *)param_1,0x1e28e0d4,1);"
PlayerState_Death,export/SLES_010.90.c,1,0x1b301085,0,,"0x1b301085: SetEntitySpriteId((SpriteEntity *)player,0x1b301085,1); || 0x1b301085: SetEntitySpriteId((int)param_1,0x1b301085,1);"
PlayerState_CheckpointExit,export/SLES_010.90.c,1,0x08208902,0,,"0x08208902: SetEntitySpriteId((SpriteEntity *)player,0x8208902,1); || 0x08208902: SetEntitySpriteId((int)param_1,0x8208902,1);"
PlayerStateInit_FallFromLedge,export/SLES_010.90.c,1,0x0a3a4051,0,,"0x0a3a4051: SetEntitySpriteId((SpriteEntity *)pEntity,0xa3a4051,1);"
PlayerStateInit_FallingWithInput,export/SLES_010.90.c,1,0x0e0ac230,0,,"0x0e0ac230: SetEntitySpriteId((SpriteEntity *)pEntity,0xe0ac230,1);"
PlayerStateInit_Falling,export/SLES_010.90.c,1,0x0aabc010,0,,"0x0aabc010: SetEntitySpriteId((SpriteEntity *)pEntity,0xaabc010,1);"
PlayerStateInit_TeleportLanding,export/SLES_010.90.c,1,0x1a28c11a,0,,"0x1a28c11a: SetEntitySpriteId((SpriteEntity *)pEntity,0x1a28c11a,1);"
PlayerSetupBounceAnimation,export/SLES_010.90.c,1,0x393c80c2,0,,"0x393c80c2: SetEntitySpriteId((SpriteEntity *)player,0x393c80c2,1); || 0x393c80c2: SetEntitySpriteId((SpriteEntity *)player,0x393c80c2,1); || 0x393c80c2: SetEntitySpriteId((int)param_1,0x393c80c2,1);"
PlayerStateInit_ClimbIdle,export/SLES_010.90.c,1,0x0708a4a0,0,,"0x0708a4a0: SetEntitySpriteId((SpriteEntity *)pEntity,0x708a4a0,1);"
PlayerStateInit_DamageKnockback,export/SLES_010.90.c,1,0x052aa082,0,,"0x052aa082: SetEntitySpriteId((SpriteEntity *)pEntity,0x52aa082,1);"
PlayerState_DamageKnockback,export/SLES_010.90.c,1,0x421586c2,0,,"0x421586c2: uVar1 = PlaySoundEffect(0x421586c2,0xa0,'\0');"
PlayerState_CrouchOrClimbTransition,export/SLES_010.90.c,1,0x0708a4a0,0,,"0x0708a4a0: SetEntitySpriteId((SpriteEntity *)pEntity,0x708a4a0,1);"
PlayerStateInit_ClimbWithMirror,export/SLES_010.90.c,1,0x0628a800,0,,"0x0628a800: SetEntitySpriteId((SpriteEntity *)pEntity,0x628a800,1);"
PlayerStateInit_HeavyDamageLaunch,export/SLES_010.90.c,1,0x1c3aa013,0,,"0x1c3aa013: SetEntitySpriteId((SpriteEntity *)pEntity,0x1c3aa013,1);"
PlayerStateInit_ThrowProjectile,export/SLES_010.90.c,1,0x04084011,0,,"0x04084011: SetEntitySpriteId((SpriteEntity *)pEntity,0x4084011,1);"
PlayerStateInit_CheckpointRestore,export/SLES_010.90.c,1,0x1e1000b3,0,,"0x1e1000b3: SetEntitySpriteId((SpriteEntity *)pEntity,0x1e1000b3,1);"
UniverseEnemaActivate,export/SLES_010.90.c,1,0x6c22083a,0,,"0x6c22083a: SetEntitySpriteId((SpriteEntity *)pPlayer,0x6c22083a,1); || 0x6c22083a: SetEntitySpriteId((int)param_1,0x6c22083a,1);"
PlayerStateInit_CheckpointEntry,export/SLES_010.90.c,1,0x1c8c2437,0,,"0x1c8c2437: SetEntitySpriteId((SpriteEntity *)pEntity,0x1c8c2437,1);"
PlayerStateInit_ProjectileThrowAnim,export/SLES_010.90.c,1,0x3838801a,0,,"0x3838801a: SetEntitySpriteId((SpriteEntity *)pEntity,0x3838801a,1);"
PlayerStateInit_PostThrowRecovery,export/SLES_010.90.c,1,0x48204012,0,,"0x48204012: SetEntitySpriteId((SpriteEntity *)pEntity,0x48204012,1);"
PlayerEnterNormalState,export/SLES_010.90.c,1,0x392cb014,0,,"0x392cb014: SetEntitySpriteId((SpriteEntity *)entity,0x392cb014,1);"
PlayerStateInit_RespawnAtCheckpoint,export/SLES_010.90.c,1,0x1e1000b3,0,,"0x1e1000b3: SetEntitySpriteId((SpriteEntity *)pEntity,0x1e1000b3,1);"
InitHUDAnimatedEntity,export/SLES_010.90.c,1,0x1e1000b3,0,,"0x1e1000b3: InitEntitySprite((SpriteEntity *)entity,0x1e1000b3,999,x,y,'\0');"
FinnMainTickHandler,export/SLES_010.90.c,1,0x40e0824c,0,,"0x40e0824c: param2 = 0x40e0824c; || 0x40e0824c: uVar2 = PlayEntityPositionSound((Entity *)param_1,0x40e0824c); || 0x40e0824c: uVar3 = 0x40e0824c;"
FinnVehicleMovementUpdate,export/SLES_010.90.c,1,0x6ae1a244,0,,"0x6ae1a244: PlayEntityPositionSound((Entity *)param_1,0x6ae1a244); || 0x6ae1a244: PlayEntityPositionSound(param_1,0x6ae1a244);"
InitEntity_FinnSpawnCountdown,export/SLES_010.90.c,1,0xca1b20cb,0,,"0xca1b20cb: InitEntitySprite(param_1,0xca1b20cb,2000,param_2,param_3,'\0');"
InitEntity_FinnScaledSprite,export/SLES_010.90.c,1,0x1b301085,0,,"0x1b301085: InitEntitySprite((SpriteEntity *)entity,0x1b301085,1000,posX,posY,'\0');"
PlatformStateInit_BounceWithGravity,export/SLES_010.90.c,1,0x1a202d81,0,,"0x1a202d81: SetEntitySpriteId((SpriteEntity *)pEntity,0x1a202d81,1);"
PlatformStateInit_IdleNoGravity,export/SLES_010.90.c,1,0x1a202d81,0,,"0x1a202d81: SetEntitySpriteId((SpriteEntity *)pEntity,0x1a202d81,1);"
SoarStateInit_BeginFlightMode,export/SLES_010.90.c,1,0x08208902,0,,"0x08208902: SetEntitySpriteId((SpriteEntity *)pEntity,0x8208902,1);"
SoarState_BeginFlight,export/SLES_010.90.c,1,0x3eb98520,0,,"0x3eb98520: SetEntitySpriteId((SpriteEntity *)pPlayer,0x3eb98520,1);"
EntityEnterAnimatedIdleState,export/SLES_010.90.c,1,0x5238cd10,0,,"0x5238cd10: SetEntitySpriteId((SpriteEntity *)entity,0x5238cd10,1);"
PlatformStateInit_FadeAndTimer,export/SLES_010.90.c,1,0x04835000,0,,"0x04835000: SetEntitySpriteId((SpriteEntity *)pEntity,0x4835000,1);"
InitScaledSpriteEntity,export/SLES_010.90.c,1,0x1b301085,0,,"0x1b301085: InitEntitySprite((SpriteEntity *)entity,0x1b301085,1000,w,h,'\0'); || 0x1b301085: InitEntitySprite(param_1,0x1b301085,1000,param_2,param_3,0);"
RunnVerticalMovementUpdate,export/SLES_010.90.c,1,0x421586c2,0,,"0x421586c2: puVar4 = (undefined *)PlayEntityPositionSound(entity,0x421586c2);"
RunnSetIdleState,export/SLES_010.90.c,1,0x0c01c014,0,,"0x0c01c014: SetEntitySpriteId((SpriteEntity *)pPlayer,0xc01c014,1);"
RunnSetActiveState,export/SLES_010.90.c,1,0x4d09d01c,0,,"0x4d09d01c: SetEntitySpriteId(runn,0x4d09d01c,1);"
FinnSetTurnState,export/SLES_010.90.c,1,0x1b280858,0,,"0x1b280858: SetEntitySpriteId((SpriteEntity *)finn,0x1b280858,1);"
FinnSetActiveState,export/SLES_010.90.c,1,0x0aa18900,0,,"0x0aa18900: SetEntitySpriteId((SpriteEntity *)entity,0xaa18900,1);"
InitRunnLevelEntity,export/SLES_010.90.c,1,0x0305a4f5,0,,"0x0305a4f5: SetEntitySpriteId(param_1,0x305a4f5,1);"
SetupMenuButtonAnimation,export/SLES_010.90.c,1,0x63848e59,0,,"0x63848e59: SetEntitySpriteId((SpriteEntity *)entity,0x63848e59,1);"
MenuSetEntityIdle,export/SLES_010.90.c,1,0x39900619,0,,"0x39900619: SetEntitySpriteId(param_1,0x39900619,1);"
MenuSetEntityIdle2,export/SLES_010.90.c,1,0x33808e1b,0,,"0x33808e1b: SetEntitySpriteId(param_1,0x33808e1b,1);"
MenuActivateButton,export/SLES_010.90.c,1,0x63848e59,0,,"0x63848e59: SetEntitySpriteId(pEntity,0x63848e59,1);"
MenuDeactivateButton,export/SLES_010.90.c,1,0x39900619,0,,"0x39900619: SetEntitySpriteId(pEntity,0x39900619,1);"
Menu_PlayConfirmSound,export/SLES_010.90.c,1,0x90810000,0,,"0x90810000: PlaySoundEffect(0x90810000,0xa0,'\0');"
MenuActivateButtonWithReset,export/SLES_010.90.c,1,0x63848e59,0,,"0x63848e59: SetEntitySpriteId(pEntity,0x63848e59,1);"
FINN_ClearSubentityState,export/SLES_010.90.c,1,0x39900619,0,,"0x39900619: SetEntitySpriteId(pEntity,0x39900619,1);"
Menu_PlaySelectSoundIfEnabled,export/SLES_010.90.c,1,0x90810000,0,,"0x90810000: PlaySoundEffect(0x90810000,0xa0,'\0');"
Menu_PlayConfirmSoundIfEnabled,export/SLES_010.90.c,1,0x90810000,0,,"0x90810000: PlaySoundEffect(0x90810000,0xa0,'\0');"
MenuActivateLevelSelectButton,export/SLES_010.90.c,1,0x63848e59,0,,"0x63848e59: SetEntitySpriteId(pEntity,0x63848e59,1);"
MenuDeactivateLevelSelectButton,export/SLES_010.90.c,1,0x39900619,0,,"0x39900619: SetEntitySpriteId(pEntity,0x39900619,1);"
Menu_IncrementSelection,export/SLES_010.90.c,1,0x686c1c97,0,,"0x686c1c97: PlaySoundEffect(0x686c1c97,0xa0,'\0');"
Menu_DecrementAndPlaySound,export/SLES_010.90.c,1,0x686c1c97,0,,"0x686c1c97: PlaySoundEffect(0x686c1c97,0xa0,'\0');"
MenuActivateSkullIconButton,export/SLES_010.90.c,1,0x63848e59,0,,"0x63848e59: SetEntitySpriteId(pEntity,0x63848e59,1);"
MenuDeactivateSkullIconButton,export/SLES_010.90.c,1,0x39900619,0,,"0x39900619: SetEntitySpriteId(pEntity,0x39900619,1);"
Menu_CycleOptionAndPlaySound,export/SLES_010.90.c,1,0x686c1c97,0,,"0x686c1c97: PlaySoundEffect(0x686c1c97,0xa0,'\0');"
Menu_DecrementCounter,export/SLES_010.90.c,1,0x686c1c97,0,,"0x686c1c97: PlaySoundEffect(0x686c1c97,0xa0,'\0');"
PasswordDigitSelectActive,export/SLES_010.90.c,1,0x63848e59,0,,"0x63848e59: SetEntitySpriteId(pEntity,0x63848e59,1);"
PasswordDigitSelectInactive,export/SLES_010.90.c,1,0x39900619,0,,"0x39900619: SetEntitySpriteId(pEntity,0x39900619,1);"
PasswordBackspaceHandler,export/SLES_010.90.c,1,0x00880c1e,0,,"0x00880c1e: PlaySoundEffect(0x880c1e,0xa0,'\0');"
PasswordDigitInputHandler,export/SLES_010.90.c,1,0x00880c1e,0,,"0x00880c1e: PlaySoundEffect(0x880c1e,0xa0,'\0');"
InitMenuEntity,export/SLES_010.90.c,1,0xb8700ca1,0,,"0xb8700ca1: InitEntitySprite((SpriteEntity *)entity,0xb8700ca1,1000,0,0,'\x01');"
InitMenuStage2,export/SLES_010.90.c,1,0x10094096,0,,"0x10094096: InitEntitySprite(entity,0x10094096,1000,0x20,0x85,'\0'); || 0x10094096: InitEntitySprite(puVar1,0x10094096,1000,0x20,0x85,0);"
MenuInputHandler,export/SLES_010.90.c,1,0x646c2cc0,0,,"0x646c2cc0: PlaySoundEffect(0x646c2cc0,0xa0,'\0'); || 0x646c2cc0: PlaySoundEffect(0x646c2cc0,0xa0,'\0');"
CreateResultsScreenEntity,export/SLES_010.90.c,1,0xec95689b,0,,"0xec95689b: InitEntitySprite((SpriteEntity *)pEntity,0xec95689b,1000,0xa0,0x78,'\0'); || 0xec95689b: pEVar9 = InitEntitySprite(pSVar8,0xec95689b,2000,(&null_00C0h_8009cb7c)[uVar12 *"
TriggerEndingSequence,export/SLES_010.90.c,1,0x40023e30,0,,"0x40023e30: PlaySoundEffect(0x40023e30,0xa0,'\0'); || 0x40023e30: PlaySoundEffect(0x40023e30,0xa0,'\0');"
EndingCreditsRevealTick,export/SLES_010.90.c,1,0x00880c1e,0,,"0x00880c1e: PlaySoundEffect(0x880c1e,0xa0,'\0');"
EndingCreditsCompleteTick,export/SLES_010.90.c,1,0x40023e30,0,,"0x40023e30: PlaySoundEffect(0x40023e30,0xa0,'\0');"
SetupAndStartLevel,export/SLES_010.90.c,1,0x28c080df,0,,"0x28c080df: entity_00 = InitEntitySprite(entity,0x28c080df,30000,0xa0,0x20,'\0'); || 0x28c080df: puVar11 = InitEntitySprite(puVar11,0x28c080df,30000,0xa0,0x20,0);"
DisplayTransitionSprite,export/SLES_010.90.c,1,0x8ab92024,0,,"0x8ab92024: pEVar2 = InitEntitySprite(entity,0x8ab92024,30000,0xa0,0x7c,'\0'); || 0x8ab92024: psVar3 = (short *)InitEntitySprite(puVar2,0x8ab92024,30000,0xa0,0x7c,0);"
PauseGameAndShowMenu,export/SLES_010.90.c,1,0x65281e40,0,,"0x65281e40: PlaySoundEffect(0x65281e40,0xa0,'\x01'); || 0x65281e40: PlaySoundEffect(0x65281e40,0xa0,'\x01');"
PauseGameWithFadeOut,export/SLES_010.90.c,1,0x4c60f249,0,,"0x4c60f249: PlaySoundEffect(0x4c60f249,0xa0,'\x01'); || 0x4c60f249: PlaySoundEffect(0x4c60f249,0xa0,'\x01');"
EntityType001_BossEntity_Init,export/SLES_010.90.c,1,0x98f8221e,0,,"0x98f8221e: entity = (Entity *)InitGenericSpriteEntity(puVar1,levelParam,0x98f8221e,0,0); || 0x98f8221e: puVar1 = InitClayballEntity(puVar1,param_2,0x98f8221e,0,0);"
EntityType005_MovingPlatformA_Init,export/SLES_010.90.c,1,0x88783718,0,,"0x88783718: entity = (Entity *)InitGenericSpriteEntity(puVar1,levelParam,0x88783718,0,0);"
EntityType006_MovingPlatformB_Init,export/SLES_010.90.c,1,0x8818a018,0,,"0x8818a018: entity = (Entity *)InitGenericSpriteEntity(puVar1,levelParam,0x8818a018,0,0);"
EntityType012_MovingPlatformC_Init,export/SLES_010.90.c,1,0x9299c307,0,,"0x9299c307: entity = (Entity *)InitGenericSpriteEntity(puVar1,levelParam,0x9299c307,1,0);"
EntityType019_ClockPlatformA_Init,export/SLES_010.90.c,1,0x93043811,0,,"0x93043811: pEVar1 = (Entity *)InitClockPlatformWithTimer(pEVar1,levelParam,0x93043811,0);"
EntityType020_ClockPlatformB_Init,export/SLES_010.90.c,1,0xd2801814,0,,"0xd2801814: pEVar1 = (Entity *)InitClockPlatformWithTimer(pEVar1,levelParam,0xd2801814,0);"
EntityType021_ClockPlatformC_Init,export/SLES_010.90.c,1,0x12800031,0,,"0x12800031: pEVar1 = (Entity *)InitClockPlatformWithTimer(pEVar1,levelParam,0x12800031,0);"
EntityType049_BossRelated_Init,export/SLES_010.90.c,1,0x98f8221e,0,,"0x98f8221e: entity_00 = (Entity *)InitClayballOnPath(entity,levelParam,0x98f8221e,'\0'); || 0x98f8221e: puVar1 = InitClayballOnPath(puVar1,param_2,0x98f8221e,0);"
EntityType050_BossMain_Init,export/SLES_010.90.c,1,0x88783718,0,,"0x88783718: entity_00 = (Entity *)InitClayballOnPath(entity,param_2,0x88783718,'\0'); || 0x88783718: puVar1 = InitClayballOnPath(puVar1,param_2,0x88783718,0);"
EntityType051_BossPart_Init,export/SLES_010.90.c,1,0x8818a018,0,,"0x8818a018: entity_00 = (Entity *)InitClayballOnPath(entity,param_2,0x8818a018,'\0'); || 0x8818a018: puVar1 = InitClayballOnPath(puVar1,param_2,0x8818a018,0);"
EntityType057_WaypointClayballA_Init,export/SLES_010.90.c,1,0x98f8221e,0,,"0x98f8221e: InitClayballAtWaypoint(entity,param_2,0x98f8221e,'\0'); || 0x98f8221e: iVar2 = InitClayballAtWaypoint(puVar1,param_2,0x98f8221e,0);"
EntityType058_WaypointClayballB_Init,export/SLES_010.90.c,1,0x88783718,0,,"0x88783718: InitClayballAtWaypoint(entity,param_2,0x88783718,'\0'); || 0x88783718: iVar2 = InitClayballAtWaypoint(puVar1,param_2,0x88783718,0);"
EntityType059_WaypointClayballC_Init,export/SLES_010.90.c,1,0x8818a018,0,,"0x8818a018: InitClayballAtWaypoint(entity,param_2,0x8818a018,'\0'); || 0x8818a018: iVar2 = InitClayballAtWaypoint(puVar1,param_2,0x8818a018,0);"
EntityType062_ClayballVariantA_Init,export/SLES_010.90.c,1,0x88a16190,0,,"0x88a16190: entity = (Entity *)InitGenericSpriteEntity(puVar1,spawnData,0x88a16190,0,0); || 0x88a16190: puVar1 = InitClayballEntity(puVar1,param_2,0x88a16190,0,0);"
EntityType064_Particle_Init,export/SLES_010.90.c,1,0x80b92212,0,,"0x80b92212: entity = (Entity *)InitGenericSpriteEntity(puVar1,param_2,0x80b92212,0,0); || 0x80b92212: puVar1 = InitClayballEntity(puVar1,param_2,0x80b92212,0,0);"
EntityType066_ClayballVariantC_Init,export/SLES_010.90.c,1,0xb69c8356,0,,"0xb69c8356: entity = (Entity *)InitGenericSpriteEntity(puVar1,param_2,0xb69c8356,0,1); || 0xb69c8356: puVar1 = InitClayballEntity(puVar1,param_2,0xb69c8356,0,1);"
EntityType067_ClayballVariantD_Init,export/SLES_010.90.c,1,0xb7cce25e,0,,"0xb7cce25e: entity = (Entity *)InitGenericSpriteEntity(puVar1,param_2,0xb7cce25e,0,1); || 0xb7cce25e: puVar1 = InitClayballEntity(puVar1,param_2,0xb7cce25e,0,1);"
EntityType068_ClayballVariantE_Init,export/SLES_010.90.c,1,0xbebce258,0,,"0xbebce258: entity = (Entity *)InitGenericSpriteEntity(puVar1,param_2,0xbebce258,0,1); || 0xbebce258: puVar1 = InitClayballEntity(puVar1,param_2,0xbebce258,0,1);"
EntityType090_SwitchClayballA_Init,export/SLES_010.90.c,1,0xd89c319a,0,,"0xd89c319a: entity_00 = (Entity *)InitClayballWithSwitchBlock(entity,nSpawnIndex,0xd89c319a, || 0xd89c319a: puVar1 = InitClayballWithSwitchBlock(puVar1,param_2,0xd89c319a,0);"
EntityType091_SwitchClayballB_Init,export/SLES_010.90.c,1,0xc89e9158,0,,"0xc89e9158: entity_00 = (Entity *)InitClayballWithSwitchBlock(entity,param_2,0xc89e9158,0); || 0xc89e9158: puVar1 = InitClayballWithSwitchBlock(puVar1,param_2,0xc89e9158,0);"
EntityType092_SwitchClayballC_Init,export/SLES_010.90.c,1,0xc48c7158,0,,"0xc48c7158: entity_00 = (Entity *)InitClayballWithSwitchBlock(entity,param_2,0xc48c7158,0); || 0xc48c7158: puVar1 = InitClayballWithSwitchBlock(puVar1,param_2,0xc48c7158,0);"
EntityType093_BonusClayball_Init,export/SLES_010.90.c,1,0x10882010,0,,"0x10882010: entity = (Entity *)InitBonusClayballEntity(puVar1,param_2,0x10882010,0); || 0x10882010: iVar2 = InitBonusClayballEntity(puVar1,param_2,0x10882010,0);"
LoadLevelSpriteAssets,export/SLES_010.90.c,1,0x168254b5,0,,"0x168254b5: LoadSpriteFramesToVRAM((int)g_pOrderingTableBase,0x168254b5); || 0x168254b5: LoadSpriteFramesToVRAM((int)g_pOrderingTableBase,0x168254b5);"
CheckCheatCodeInput,export/SLES_010.90.c,1,0x90810000,0,,"0x90810000: PlaySoundEffect(0x90810000,0xa0,'\x01'); || 0x90810000: PlaySoundEffect(0x90810000,0xa0,'\x01');"
InitDecorEntityWithSprite,disks/SLES_010.90.c,1,0xe8628689,0,,"0xe8628689: InitEntitySprite(param_1,0xe8628689,0x3de,param_2[4],param_2[5],1);"
InitSimpleDecorEntity,disks/SLES_010.90.c,1,0xc87ca082,0,,"0xc87ca082: InitEntitySprite(param_1,0xc87ca082,0x3de,param_2[4],param_2[5],0);"
InitRandomColorDecorEntity,disks/SLES_010.90.c,1,0xb8700ca1,0,,"0xb8700ca1: InitEntitySprite(param_1,0xb8700ca1,0x3de,param_2[4],param_2[5],1);"
DecorSetSpriteActive,disks/SLES_010.90.c,1,0x980861a3,0,,"0x980861a3: SetEntitySpriteId((int)param_1,0x980861a3,1);"
DecorStartAnimation,disks/SLES_010.90.c,1,0x880161a7,0,,"0x880161a7: SetEntitySpriteId((int)param_1,0x880161a7,1);"
DecorStartAnimationAlt,disks/SLES_010.90.c,1,0x91106183,0,,"0x91106183: SetEntitySpriteId((int)param_1,0x91106183,1);"
InitScaledDecorEntity,disks/SLES_010.90.c,1,0x9158a0f6,0,,"0x9158a0f6: InitEntitySprite(param_1,0x9158a0f6,0x3de,param_2[4],param_2[5],1);"
InitSparkleEntity,disks/SLES_010.90.c,1,0x6a351094,0,,"0x6a351094: InitEntitySprite(param_1,0x6a351094,0x3de,param_2[4],param_2[5],0);"
InitAnimatedDecorEntityA,disks/SLES_010.90.c,1,0x8c30008c,0,,"0x8c30008c: InitEntitySprite(param_1,0x8c30008c,0x3de,param_2[4],param_2[5],0);"
InitFadeableDecorEntity,disks/SLES_010.90.c,1,0x88a28194,0,,"0x88a28194: InitEntitySprite(param_1,0x88a28194,0x3de,param_2[4],param_2[5],1);"
InitEntity_PathDecor1,disks/SLES_010.90.c,1,0x80e85ea0,0,,"0x80e85ea0: InitEntitySprite(param_1,0x80e85ea0,0x3de,param_2[4],param_2[5],1);"
InitAnimatedDecorEntityB,disks/SLES_010.90.c,1,0x902c0002,0,,"0x902c0002: InitEntitySprite(param_1,0x902c0002,0x3de,param_2[4],param_2[5],1);"
DecorSetRandomTimer,disks/SLES_010.90.c,1,0xa9228088,0,,"0xa9228088: SetEntitySpriteId(param_1,0xa9228088,1);"
CollectibleWalkState,disks/SLES_010.90.c,1,0xed209c94,0,,"0xed209c94: SetEntitySpriteId((int)param_1,0xed209c94,1);"
InitSimpleEntity,disks/SLES_010.90.c,1,0xb8700ca1,0,,"0xb8700ca1: InitEntitySprite(param_1,0xb8700ca1,0x3de,param_2,param_3,1);"
InitCollectibleEntity,disks/SLES_010.90.c,1,0x88210498,0,,"0x88210498: InitEntitySprite(param_1,0x88210498,0x3ca,*(undefined2 *)(param_2 + 8), || 0x88210498: SetEntitySpriteId((int)param_1,0x88210498,1);"
HazardIdleState,disks/SLES_010.90.c,1,0xf175320e,0,,"0xf175320e: SetEntitySpriteId((int)param_1,0xf175320e,1);"
HazardTimerState,disks/SLES_010.90.c,1,0x657c322c,0,,"0x657c322c: SetEntitySpriteId((int)param_1,0x657c322c,1);"
HazardActiveState,disks/SLES_010.90.c,1,0xe7443a6f,0,,"0xe7443a6f: SetEntitySpriteId((int)param_1,0xe7443a6f,1);"
EntityStateSetSpecial,disks/SLES_010.90.c,1,0xe6830101,0,,"0xe6830101: SetEntitySpriteId((int)param_1,0xe6830101,1);"
InitPathFollowingEntity,disks/SLES_010.90.c,1,0xc8830661,0,,"0xc8830661: uVar3 = PlayEntityPositionSound((int)param_1,0xc8830661);"
EnemySetWalkSprite,disks/SLES_010.90.c,1,0xe4cb8330,0,,"0xe4cb8330: SetEntitySpriteId(param_1,0xe4cb8330,1);"
Callback_800479d0,disks/SLES_010.90.c,1,0x883d14b4,0,,"0x883d14b4: SetEntitySpriteId((int)param_1,0x883d14b4,1);"
GliderStartFallState,disks/SLES_010.90.c,1,0xca282402,0,,"0xca282402: SetEntitySpriteId((int)param_1,0xca282402,1);"
Callback_80047ee4,disks/SLES_010.90.c,1,0x08de7215,0,,"0x08de7215: SetEntitySpriteId((int)param_1,0x8de7215,1);"
CollectibleAnimState,disks/SLES_010.90.c,1,0xc8f90114,0,,"0xc8f90114: SetEntitySpriteId((int)param_1,0xc8f90114,1);"
CollectibleIdleSpriteState,disks/SLES_010.90.c,1,0x2d688254,0,,"0x2d688254: SetEntitySpriteId((int)param_1,0x2d688254,1);"
CollectibleSpriteBState,disks/SLES_010.90.c,1,0x2b79835d,0,,"0x2b79835d: SetEntitySpriteId((int)param_1,0x2b79835d,1);"
CollectibleSpriteCState,disks/SLES_010.90.c,1,0x69588258,0,,"0x69588258: SetEntitySpriteId((int)param_1,0x69588258,1);"
CollectibleCollectedState,disks/SLES_010.90.c,1,0x0c78005c,0,,"0x0c78005c: SetEntitySpriteId((int)param_1,0xc78005c,1);"
JoeHeadJoeSetFacingAndAttack,disks/SLES_010.90.c,1,0x8a3809f2,0,,"0x8a3809f2: SetEntitySpriteId((int)param_1,0x8a3809f2,1);"
Callback_800505a0,disks/SLES_010.90.c,1,0x9158a0f6,0,,"0x9158a0f6: SetEntitySpriteId(param_1,0x9158a0f6,1);"
Callback_800505fc,disks/SLES_010.90.c,1,0x9918a8e2,0,,"0x9918a8e2: SetEntitySpriteId(param_1,0x9918a8e2,1);"
Callback_80051184,disks/SLES_010.90.c,1,0x9c6584d2,0,,"0x9c6584d2: SetEntitySpriteId(param_1,0x9c6584d2,1);"
Callback_80051d44,disks/SLES_010.90.c,1,0x410818f9,0,,"0x410818f9: SetEntitySpriteId(param_1,0x410818f9,1);"
Callback_80051df4,disks/SLES_010.90.c,1,0x410808f9,0,,"0x410808f9: SetEntitySpriteId(param_1,0x410808f9,1);"
Callback_80051ea4,disks/SLES_010.90.c,1,0x410800f9,0,,"0x410800f9: SetEntitySpriteId(param_1,0x410800f9,1);"
Callback_800521c8,disks/SLES_010.90.c,1,0x40098a60,0,,"0x40098a60: SetEntitySpriteId(param_1,0x40098a60,1);"
InitEntity_a89d0ad0,disks/SLES_010.90.c,1,0xa89d0ad0,0,,"0xa89d0ad0: InitEntitySprite(param_1,0xa89d0ad0,0x3e9,0xa0,0x78,0);"
Callback_80053f14,disks/SLES_010.90.c,1,0x323ac9be,0,,"0x323ac9be: SetEntitySpriteId((int)param_1,0x323ac9be,1);"
Callback_80054550,disks/SLES_010.90.c,1,0xa116220c,0,,"0xa116220c: SetEntitySpriteId((int)param_1,0xa116220c,1);"
Callback_80054600,disks/SLES_010.90.c,1,0x657c322c,0,,"0x657c322c: SetEntitySpriteId((int)param_1,0x657c322c,1);"
InitClayballWithIndicator,disks/SLES_010.90.c,1,0x82886816,0,,"0x82886816: puVar10 = InitEntitySprite(puVar10,0x82886816,0x3c5,"
Callback_80057500,disks/SLES_010.90.c,1,0x222cb0e2,0,,"0x222cb0e2: PlayEntityPositionSound((int)param_1,0x222cb0e2);"
PlayerCallback_8005bc3c,disks/SLES_010.90.c,1,0x1e28e0d4,0,,0x1e28e0d4: if (*(int *)(param_1 + 0xcc) == 0x1e28e0d4) {
PlayerCallback_8005d0c8,disks/SLES_010.90.c,1,0x49289c14,0,,"0x49289c14: iVar4 = InitParticleEntity(puVar3,0x49289c14,local_28,*(undefined1 *)(param_1 + "
PlayerCallback_8005d25c,disks/SLES_010.90.c,1,0x49289c14,0,,"0x49289c14: iVar4 = InitParticleEntity(puVar3,0x49289c14,local_38,*(undefined1 *)(param_1 + "
PlayerCallback_8005dde0,disks/SLES_010.90.c,1,0x1d1811b3,0,,"0x1d1811b3: SetEntitySpriteId(param_1,0x1d1811b3,1);"
PlayerCallback_8005deb0,disks/SLES_010.90.c,1,0x1d1811b3,0,,"0x1d1811b3: SetEntitySpriteId(unaff_s0,0x1d1811b3,1);"
PlayerCallback_8005f430,disks/SLES_010.90.c,1,0x00388110,0,,"0x00388110: SetEntitySpriteId(param_1,0x388110,1);"
PlayerCallback_800602e0,disks/SLES_010.90.c,1,0x64221e61,0,,"0x64221e61: PlayEntityPositionSound(param_1,0x64221e61);"
PlayerCallback_800605d8,disks/SLES_010.90.c,1,0x64221e61,0,,"0x64221e61: PlayEntityPositionSound(param_1,0x64221e61);"
PlayerCallback_80060a5c,disks/SLES_010.90.c,1,0x64221e61,0,,"0x64221e61: PlayEntityPositionSound(param_1,0x64221e61);"
PlayerCallback_80060c9c,disks/SLES_010.90.c,1,0x64221e61,0,,"0x64221e61: PlayEntityPositionSound(param_1,0x64221e61);"
PlayerCallback_800650c4,disks/SLES_010.90.c,1,0x50f08207,0,,"0x50f08207: PlayEntityPositionSound(param_1,0x50f08207);"
PlayerCallback_80065174,disks/SLES_010.90.c,1,0x50f08207,0,,"0x50f08207: PlayEntityPositionSound(unaff_s0,0x50f08207);"
PlayerCallback_800655d4,disks/SLES_010.90.c,1,0x50f08207,0,,"0x50f08207: PlayEntityPositionSound(unaff_s0,0x50f08207);"
PlayerStateCallback_0,disks/SLES_010.90.c,1,0x48204012,0,,"0x48204012: SetEntitySpriteId((int)param_1,0x48204012,1);"
PlayerCallback_80066e38,disks/SLES_010.90.c,1,0x48204012,0,,"0x48204012: SetEntitySpriteId((int)param_1,0x48204012,1);"
Callback_80066f60,disks/SLES_010.90.c,1,0x5900c41e,0,,"0x5900c41e: SetEntitySpriteId((int)param_1,0x5900c41e,1);"
Callback_800670bc,disks/SLES_010.90.c,1,0x5900c41e,0,,0x5900c41e: iVar5 = 0x5900c41e;
PlayerState_JumpApex,disks/SLES_010.90.c,1,0x88b9833c,0,,"0x88b9833c: SetAnimationSpriteFlags((int)param_1,0x88b9833c,1);"
Callback_80067a34,disks/SLES_010.90.c,1,0x282b8491,0,,"0x282b8491: SetEntitySpriteId((int)param_1,0x282b8491,1);"
PlayerState_SpecialMove2,disks/SLES_010.90.c,1,0x8d01c734,0,,"0x8d01c734: SetAnimationSpriteFlags((int)param_1,0x8d01c734,1);"
Callback_80068130,disks/SLES_010.90.c,1,0x1e089010,0,,"0x1e089010: SetEntitySpriteId((int)param_1,0x1e089010,1);"
EntityInitCallback_800683d4,disks/SLES_010.90.c,1,0x5a2082f2,0,,"0x5a2082f2: SetEntitySpriteId((int)param_1,0x5a2082f2,1);"
EntityInitCallback_80068514,disks/SLES_010.90.c,1,0x0a08c490,0,,"0x0a08c490: SetEntitySpriteId((int)param_1,0xa08c490,1);"
PlayerState_SpecialMove1,disks/SLES_010.90.c,1,0x8d01c734,0,,"0x8d01c734: SetAnimationSpriteFlags((int)param_1,0x8d01c734,1);"
Callback_80068f80,disks/SLES_010.90.c,1,0xc8099196,0,,"0xc8099196: SetAnimationSpriteFlags((int)param_1,0xc8099196,1);"
Callback_80069200,disks/SLES_010.90.c,1,0x1ef99931,0,,0x1ef99931: uVar7 = 0x1ef99931;
EntityInitCallback_800694ac,disks/SLES_010.90.c,1,0x1c3aa013,0,,"0x1c3aa013: SetEntitySpriteId((int)param_1,0x1c3aa013,1);"
EntityInitCallback_80069600,disks/SLES_010.90.c,1,0x1c3aa013,0,,"0x1c3aa013: SetEntitySpriteId((int)param_1,0x1c3aa013,1);"
PlayerState_SpecialIdleAnim,disks/SLES_010.90.c,1,0xc8099196,0,,"0xc8099196: SetEntitySpriteId((int)param_1,0xc8099196,1);"
Callback_800698b8,disks/SLES_010.90.c,1,0x8d01c734,0,,"0x8d01c734: SetEntitySpriteId((int)param_1,0x8d01c734,1);"
Callback_80069a3c,disks/SLES_010.90.c,1,0x88b9833c,0,,"0x88b9833c: SetEntitySpriteId((int)param_1,0x88b9833c,1);"
Callback_80069bbc,disks/SLES_010.90.c,1,0xd02dc3d5,0,,"0xd02dc3d5: SetEntitySpriteId((int)param_1,0xd02dc3d5,1);"
Callback_80069ef4,disks/SLES_010.90.c,1,0x1e28e0d4,0,,"0x1e28e0d4: SetEntitySpriteId((int)param_1,0x1e28e0d4,1);"
Callback_8006a584,disks/SLES_010.90.c,1,0x0a3a4051,0,,"0x0a3a4051: SetEntitySpriteId((int)param_1,0xa3a4051,1);"
Callback_8006a6e4,disks/SLES_010.90.c,1,0xd02dc3d5,0,,"0xd02dc3d5: SetAnimationSpriteFlags((int)param_1,0xd02dc3d5,1);"
EntityInitCallback_8006a818,disks/SLES_010.90.c,1,0x0e0ac230,0,,"0x0e0ac230: SetEntitySpriteId((int)param_1,0xe0ac230,1);"
Callback_8006a940,disks/SLES_010.90.c,1,0x0aabc010,0,,"0x0aabc010: SetEntitySpriteId((int)param_1,0xaabc010,1);"
Callback_8006aa9c,disks/SLES_010.90.c,1,0x1a28c11a,0,,"0x1a28c11a: SetEntitySpriteId((int)param_1,0x1a28c11a,1);"
Callback_8006abf8,disks/SLES_010.90.c,1,0x8d01c734,0,,"0x8d01c734: SetAnimationSpriteFlags((int)param_1,0x8d01c734,1);"
EntityInitCallback_8006b304,disks/SLES_010.90.c,1,0x0708a4a0,0,,"0x0708a4a0: SetEntitySpriteId((int)param_1,0x708a4a0,1);"
Callback_8006b3f8,disks/SLES_010.90.c,1,0x052aa082,0,,"0x052aa082: SetEntitySpriteId((int)param_1,0x52aa082,1);"
Callback_8006b658,disks/SLES_010.90.c,1,0x0708a4a0,0,,"0x0708a4a0: SetEntitySpriteId((int)param_1,0x708a4a0,1);"
Callback_8006b7f8,disks/SLES_010.90.c,1,0x0628a800,0,,"0x0628a800: SetEntitySpriteId((int)param_1,0x628a800,1);"
Callback_8006b974,disks/SLES_010.90.c,1,0x1c3aa013,0,,"0x1c3aa013: SetEntitySpriteId((int)param_1,0x1c3aa013,1);"
Callback_8006bc04,disks/SLES_010.90.c,1,0x8524a880,0,,"0x8524a880: SetEntitySpriteId((int)param_1,0x8524a880,1);"
Callback_8006bdd4,disks/SLES_010.90.c,1,0x04084011,0,,"0x04084011: SetEntitySpriteId((int)param_1,0x4084011,1);"
Callback_8006bf2c,disks/SLES_010.90.c,1,0x1e1000b3,0,,"0x1e1000b3: SetEntitySpriteId((int)param_1,0x1e1000b3,1);"
Callback_8006c3ac,disks/SLES_010.90.c,1,0x1c8c2437,0,,"0x1c8c2437: SetEntitySpriteId((int)param_1,0x1c8c2437,1);"
EntityInitCallback_8006c514,disks/SLES_010.90.c,1,0x3838801a,0,,"0x3838801a: SetEntitySpriteId((int)param_1,0x3838801a,1);"
EntityInitCallback_8006c668,disks/SLES_010.90.c,1,0x48204012,0,,"0x48204012: SetEntitySpriteId((int)param_1,0x48204012,1);"
EntityInitCallback_8006c7f8,disks/SLES_010.90.c,1,0x392cb014,0,,"0x392cb014: SetEntitySpriteId((int)param_1,0x392cb014,1);"
Callback_8006c95c,disks/SLES_010.90.c,1,0x1e1000b3,0,,"0x1e1000b3: SetEntitySpriteId((int)param_1,0x1e1000b3,1);"
Callback_8006d048,disks/SLES_010.90.c,1,0x90b102a1,0,,"0x90b102a1: SetEntitySpriteId((int)param_1,0x90b102a1,1);"
EntityInitCallback_8006d270,disks/SLES_010.90.c,1,0xd0a5f094,0,,"0xd0a5f094: SetEntitySpriteId((int)param_1,0xd0a5f094,1);"
Callback_8006d3c8,disks/SLES_010.90.c,1,0x90a19011,0,,"0x90a19011: SetEntitySpriteId((int)param_1,0x90a19011,1);"
Callback_8006d548,disks/SLES_010.90.c,1,0x987101b9,0,,"0x987101b9: SetEntitySpriteId((int)param_1,0x987101b9,1);"
HamsterSpriteCallback,disks/SLES_010.90.c,1,0x80e85ea0,0,,"0x80e85ea0: SetEntitySpriteId((int)param_1,0x80e85ea0,1);"
Callback_8006e8f4,disks/SLES_010.90.c,1,0xc87ca082,0,,"0xc87ca082: SetEntitySpriteId(param_1,0xc87ca082,1);"
Callback_8006e960,disks/SLES_010.90.c,1,0x8a7ce022,0,,"0x8a7ce022: SetEntitySpriteId(param_1,0x8a7ce022,1);"
Callback_8006ea0c,disks/SLES_010.90.c,1,0x8b7ce0b2,0,,"0x8b7ce0b2: SetEntitySpriteId(param_1,0x8b7ce0b2,1);"
Callback_800727ec,disks/SLES_010.90.c,1,0x1a202d81,0,,"0x1a202d81: SetEntitySpriteId((int)param_1,0x1a202d81,1);"
Callback_800728e8,disks/SLES_010.90.c,1,0x1a202d81,0,,"0x1a202d81: SetEntitySpriteId((int)param_1,0x1a202d81,1);"
Callback_80072a98,disks/SLES_010.90.c,1,0x08208902,0,,"0x08208902: SetEntitySpriteId((int)param_1,0x8208902,1);"
EntityInitCallback_80072ba0,disks/SLES_010.90.c,1,0x3eb98520,0,,"0x3eb98520: SetEntitySpriteId((int)param_1,0x3eb98520,1);"
Callback_8007301c,disks/SLES_010.90.c,1,0x5238cd10,0,,"0x5238cd10: SetEntitySpriteId((int)param_1,0x5238cd10,1);"
EntityInitCallback_800730f8,disks/SLES_010.90.c,1,0x04835000,0,,"0x04835000: SetEntitySpriteId((int)param_1,0x4835000,1);"
CreateBossPlayerEntity,disks/SLES_010.90.c,1,0xec95689b,0,,"0xec95689b: InitEntitySprite(param_1,0xec95689b,1000,0xa0,0x78,0); || 0xec95689b: puVar5 = InitEntitySprite(puVar5,0xec95689b,2000,(&null_00C0h_8009cb7c)[uVar6 * "
EntityType005_FlyingEnemy_Init,disks/SLES_010.90.c,1,0x88783718,0,,"0x88783718: puVar1 = InitClayballEntity(puVar1,param_2,0x88783718,0,0);"
EntityType006_FlyingEnemyAlt_Init,disks/SLES_010.90.c,1,0x8818a018,0,,"0x8818a018: puVar1 = InitClayballEntity(puVar1,param_2,0x8818a018,0,0);"
EntityType012_Collectible_Init,disks/SLES_010.90.c,1,0x9299c307,0,,"0x9299c307: puVar1 = InitClayballEntity(puVar1,param_2,0x9299c307,1,0);"
EntityType019_EnemyCluster_Init,disks/SLES_010.90.c,1,0x93043811,0,,"0x93043811: iVar2 = InitClayballWithIndicator(puVar1,param_2,0x93043811,0);"
EntityType020_EnemyCluster_Init,disks/SLES_010.90.c,1,0xd2801814,0,,"0xd2801814: iVar2 = InitClayballWithIndicator(puVar1,param_2,0xd2801814,0);"
EntityType021_EnemyCluster_Init,disks/SLES_010.90.c,1,0x12800031,0,,"0x12800031: iVar2 = InitClayballWithIndicator(puVar1,param_2,0x12800031,0);"
