score,id_hex,id_dec,floor,kind,n_levels,levels,n_cohorts,cohort_ids,n_clusters,cluster_ids,visual_role,visual_name_guess,attack_hint,reasons
60.0,0x33808e1b,864063003,12,sprite,1,MENU,1,C0258,0,,Menu cursor animation frame,CURSOR,visual-targeted:Menu cursor animation frame,floor 12 (medium) | visual role: Menu cursor animation frame | name guess: CURSOR | single-level (vocab constrained)
60.0,0x63848e59,1669631577,13,sprite,1,MENU,6,C0256;C0259;C0262;C0266;C0271;C0275,0,,Menu cursor,CURSOR,visual-targeted:Menu cursor,floor 13 (medium) | visual role: Menu cursor | name guess: CURSOR | single-level (vocab constrained)
53.0,0x4a3ea110,1245618448,13,sprite,1,MENU,0,,7,K0002;K0007;K0014;K0068;K0071;K0076;K0079,Menu door opens to reveal monkey animation,,visual-targeted:Menu door opens to reveal monk,floor 13 (medium) | visual role: Menu door opens to reveal monkey animati | cluster has 7 visual labels | single-level (vocab constrained)
53.0,0x4aee0118,1257111832,13,sprite,1,MEGA,0,,11,K0001;K0008;K0022;K0025;K0026;K0069;K0072;K0074;K0077;K0078;K0081,Shriney Guard boss slamming down animation,,visual-targeted:Shriney Guard boss slamming do,floor 13 (medium) | visual role: Shriney Guard boss slamming down animati | cluster has 12 visual labels | single-level (vocab constrained)
52.0,0x90810000,2424373248,11,audio,26,BOIL;BRG1;CAVE;CLOU;CRYS;CSTL;EGGS;EVIL;FINN;FOOD;GLEN;GLID;HEAD;KLOG;MEGA;MENU;MOSS;PHRO;RUNN;SCIE;SEVN;SNOW;SOAR;TMPL;WEED;WIZZ,5,C0006;C0261;C0264;C0265;C0318,0,,,,cohort-anchored:C0006(6),floor 11 (medium) | cohort has 6 confirmed anchors | common asset (likely generic name)
50.0,0x61981a0c,1637358092,16,sprite,8,BOIL;BRG1;CRYS;MOSS;SCIE;SNOW;SOAR;TMPL,0,,1,K0024,Plain monkey enemy,SCREAMER_MONKEY?,visual-targeted:Plain monkey enemy,visual role: Plain monkey enemy | name guess: SCREAMER_MONKEY? | cluster has 1 visual labels
47.0,0x00e2f188,14872968,10,sprite,26,BOIL;BRG1;CAVE;CLOU;CRYS;CSTL;EGGS;EVIL;FINN;FOOD;GLEN;GLID;HEAD;KLOG;MEGA;MENU;MOSS;PHRO;RUNN;SCIE;SEVN;SNOW;SOAR;TMPL;WEED;WIZZ,1,C0004,0,,Number glyph frames 0-9,,visual-targeted:Number glyph frames 0-9,floor 10 (exhaustive borderline) | visual role: Number glyph frames 0-9 | common asset (likely generic name)
47.0,0x4baf8200,1269793280,15,sprite,1,MEGA,0,,10,K0001;K0006;K0013;K0023;K0070;K0073;K0075;K0080;K0082;K0083,Shriney Guard boss yelling animation,,visual-targeted:Shriney Guard boss yelling ani,visual role: Shriney Guard boss yelling animation | cluster has 11 visual labels | single-level (vocab constrained)
45.0,0xc8f90114,3371761940,13,sprite,1,GLEN,0,,0,,GLEN boss / large enemy creature,,visual-targeted:GLEN boss / large enemy creatu,floor 13 (medium) | visual role: GLEN boss / large enemy creature | single-level (vocab constrained)
42.0,0x28a0c119,681623833,5,sprite,1,MENU,0,,2,K0054;K0122,,,exhaustive-floor,low floor 5 (exhaustive feasible) | single-level (vocab constrained)
42.0,0x38a0c119,950059289,6,sprite,1,MENU,1,C0281,1,K0054,,,exhaustive-floor,low floor 6 (exhaustive feasible) | single-level (vocab constrained)
42.0,0x088c5011,143413265,7,sprite,1,FINN,1,C0232,0,,,,exhaustive-floor,low floor 7 (exhaustive feasible) | single-level (vocab constrained)
42.0,0x30a0c119,815841561,7,sprite,1,MENU,0,,2,K0054;K0122,,,exhaustive-floor,low floor 7 (exhaustive feasible) | single-level (vocab constrained)
39.0,0x512c8430,1361871920,15,sprite,21,BOIL;BRG1;CAVE;CLOU;CRYS;CSTL;EGGS;EVIL;FOOD;GLID;HEAD;MEGA;MOSS;PHRO;SCIE;SEVN;SNOW;SOAR;TMPL;WEED;WIZZ,0,,9,K0002;K0012;K0014;K0034;K0306;K0324;K0326;K0335;K0337,Klaymen running (localized),,visual-targeted:Klaymen running (localized),visual role: Klaymen running (localized) | cluster has 2 visual labels | common asset (likely generic name)
37.0,0x0b2084d0,186680528,12,sprite,21,BOIL;BRG1;CAVE;CLOU;CRYS;CSTL;EGGS;EVIL;FOOD;GLID;HEAD;MEGA;MOSS;PHRO;SCIE;SEVN;SNOW;SOAR;TMPL;WEED;WIZZ,1,C0189,0,,Klaymen running (variant),,visual-targeted:Klaymen running (variant),floor 12 (medium) | visual role: Klaymen running (variant) | common asset (likely generic name)
37.0,0x75189608,1964545544,17,sprite,8,BOIL;BRG1;CRYS;MOSS;SCIE;SNOW;SOAR;TMPL,0,,0,,Plain monkey enemy variant,SCREAMER_MONKEY?,visual-targeted:Plain monkey enemy variant,high floor 17 (long name) | visual role: Plain monkey enemy variant | name guess: SCREAMER_MONKEY?
34.0,0x28c080df,683704543,7,sprite,26,BOIL;BRG1;CAVE;CLOU;CRYS;CSTL;EGGS;EVIL;FINN;FOOD;GLEN;GLID;HEAD;KLOG;MEGA;MENU;MOSS;PHRO;RUNN;SCIE;SEVN;SNOW;SOAR;TMPL;WEED;WIZZ,1,C0291,0,,,,exhaustive-floor,low floor 7 (exhaustive feasible) | common asset (likely generic name)
31.0,0x8ab92024,2327388196,14,sprite,26,BOIL;BRG1;CAVE;CLOU;CRYS;CSTL;EGGS;EVIL;FINN;FOOD;GLEN;GLID;HEAD;KLOG;MEGA;MENU;MOSS;PHRO;RUNN;SCIE;SEVN;SNOW;SOAR;TMPL;WEED;WIZZ,1,C0292,0,,LOADING screen text + Klaymen,,visual-targeted:LOADING screen text + Klaymen,visual role: LOADING screen text + Klaymen | common asset (likely generic name)
31.0,0x88b9833c,2293859132,15,sprite,21,BOIL;BRG1;CAVE;CLOU;CRYS;CSTL;EGGS;EVIL;FOOD;GLID;HEAD;MEGA;MOSS;PHRO;SCIE;SEVN;SNOW;SOAR;TMPL;WEED;WIZZ,1,C0189,0,,Klaymen (player) running/leaping cycle,,visual-targeted:Klaymen (player) running/leapi,visual role: Klaymen (player) running/leaping cycle | common asset (likely generic name)
30.0,0x0c01c014,201441300,8,sprite,1,GLEN,1,C0248,0,,,,exhaustive-floor,floor 8 (exhaustive borderline) | single-level (vocab constrained)
30.0,0x10882010,277356560,8,sprite,1,EVIL,1,C0316,0,,,,exhaustive-floor,floor 8 (exhaustive borderline) | single-level (vocab constrained)
30.0,0x21842018,562307096,8,sprite,1,FINN,1,C0000,0,,,,exhaustive-floor,floor 8 (exhaustive borderline) | single-level (vocab constrained)
30.0,0x2c182010,739778576,8,sprite,1,MEGA,1,C0116,0,,,,exhaustive-floor,floor 8 (exhaustive borderline) | single-level (vocab constrained)
30.0,0x68c01218,1757418008,8,sprite,1,MENU,1,C0281,0,,,,exhaustive-floor,floor 8 (exhaustive borderline) | single-level (vocab constrained)
30.0,0x08041001,134483969,9,audio,1,WIZZ,0,,1,K0027,,,exhaustive-floor+2,floor 9 (exhaustive borderline) | single-level (vocab constrained)
30.0,0x08089081,134779009,9,audio,1,WIZZ,0,,0,,,,exhaustive-floor+2,floor 9 (exhaustive borderline) | single-level (vocab constrained)
30.0,0x085860d4,140009684,9,sprite,1,MEGA,1,C0114,0,,,,exhaustive-floor+2,floor 9 (exhaustive borderline) | single-level (vocab constrained)
30.0,0x08bc8013,146571283,9,sprite,1,KLOG,1,C0134,0,,,,exhaustive-floor+2,floor 9 (exhaustive borderline) | single-level (vocab constrained)
30.0,0x08de7215,148795925,9,sprite,1,WIZZ,1,C0089,1,K0194,,,exhaustive-floor+2,floor 9 (exhaustive borderline) | single-level (vocab constrained)
30.0,0x18248010,405045264,9,sprite,1,KLOG,1,C0135,2,K0215;K0274,,,exhaustive-floor+2,floor 9 (exhaustive borderline) | single-level (vocab constrained)
30.0,0x18e88310,417891088,9,sprite,1,GLEN,1,C0101,2,K0028;K0160,,,exhaustive-floor+2,floor 9 (exhaustive borderline) | single-level (vocab constrained)
30.0,0x18e88510,417891600,9,sprite,1,GLEN,1,C0101,1,K0028,,,exhaustive-floor+2,floor 9 (exhaustive borderline) | single-level (vocab constrained)
30.0,0x18e88910,417892624,9,sprite,1,GLEN,1,C0101,2,K0028;K0160,,,exhaustive-floor+2,floor 9 (exhaustive borderline) | single-level (vocab constrained)
30.0,0x3080820d,813728269,9,sprite,1,MENU,1,C0281,1,K0030,,,exhaustive-floor+2,floor 9 (exhaustive borderline) | single-level (vocab constrained)
30.0,0x3080840d,813728781,9,sprite,1,MENU,1,C0281,2,K0030;K0162,,,exhaustive-floor+2,floor 9 (exhaustive borderline) | single-level (vocab constrained)
30.0,0x40b18011,1085374481,9,sprite,1,MENU,1,C0281,2,K0032;K0164,,,exhaustive-floor+2,floor 9 (exhaustive borderline) | single-level (vocab constrained)
30.0,0x40b28011,1085440017,9,sprite,1,MENU,0,,1,K0032,,,exhaustive-floor+2,floor 9 (exhaustive borderline) | single-level (vocab constrained)
30.0,0x40b48011,1085571089,9,sprite,1,MENU,0,,2,K0032;K0164,,,exhaustive-floor+2,floor 9 (exhaustive borderline) | single-level (vocab constrained)
30.0,0x40c22c10,1086467088,9,sprite,1,SCIE,0,,6,K0003;K0151;K0166;K0285;K0294;K0304,,,exhaustive-floor+2,floor 9 (exhaustive borderline) | single-level (vocab constrained)
30.0,0x48017101,1208054017,9,audio,1,WIZZ,0,,0,,,,exhaustive-floor+2,floor 9 (exhaustive borderline) | single-level (vocab constrained)
30.0,0x4860c074,1214300276,9,audio,1,RUNN,0,,0,,,,exhaustive-floor+2,floor 9 (exhaustive borderline) | single-level (vocab constrained)
30.0,0x88a16190,2292277648,9,sprite,1,SEVN,1,C0308,1,K0088,,,exhaustive-floor+2,floor 9 (exhaustive borderline) | single-level (vocab constrained)
30.0,0x90c24401,2428650497,9,audio,1,SEVN,0,,0,,,,exhaustive-floor+2,floor 9 (exhaustive borderline) | single-level (vocab constrained)
30.0,0x9cc87050,2630381648,9,audio,1,SCIE,0,,0,,,,exhaustive-floor+2,floor 9 (exhaustive borderline) | single-level (vocab constrained)
30.0,0x02098010,34177040,10,sprite,1,TMPL,0,,0,,,,exhaustive-floor+2,floor 10 (exhaustive borderline) | single-level (vocab constrained)
30.0,0x04dce858,81586264,10,audio,1,CLOU,0,,3,K0100;K0189;K0198,,,exhaustive-floor+2,floor 10 (exhaustive borderline) | single-level (vocab constrained)
30.0,0x10f0e983,284223875,10,audio,1,TMPL,0,,1,K0085,,,exhaustive-floor+2,floor 10 (exhaustive borderline) | single-level (vocab constrained)
30.0,0x2470e0f2,611377394,10,audio,1,CLOU,0,,3,K0099;K0187;K0197,,,exhaustive-floor+2,floor 10 (exhaustive borderline) | single-level (vocab constrained)
30.0,0x2524e089,623173769,10,sprite,1,EGGS,1,C0228,1,K0206,,,exhaustive-floor+2,floor 10 (exhaustive borderline) | single-level (vocab constrained)
30.0,0x2e809804,780179460,10,sprite,1,KLOG,1,C0251,1,K0029,,,exhaustive-floor+2,floor 10 (exhaustive borderline) | single-level (vocab constrained)
30.0,0x30004240,805323328,10,audio,1,BRG1,0,,0,,,,exhaustive-floor+2,floor 10 (exhaustive borderline) | single-level (vocab constrained)
30.0,0x39900619,965740057,10,sprite,1,MENU,6,C0257;C0260;C0263;C0267;C0272;C0276,0,,,,exhaustive-floor+2,floor 10 (exhaustive borderline) | single-level (vocab constrained)
30.0,0x40106054,1074815060,10,sprite,1,MEGA,1,C0112,1,K0126,,,exhaustive-floor+2,floor 10 (exhaustive borderline) | single-level (vocab constrained)
30.0,0x40815801,1082218497,10,audio,1,WIZZ,0,,0,,,,exhaustive-floor+2,floor 10 (exhaustive borderline) | single-level (vocab constrained)
30.0,0x4c106054,1276141652,10,sprite,1,MEGA,1,C0111,3,K0126;K0211;K0271,,,exhaustive-floor+2,floor 10 (exhaustive borderline) | single-level (vocab constrained)
30.0,0x6ae1a244,1793172036,10,audio,1,FINN,1,C0231,0,,,,exhaustive-floor+2,floor 10 (exhaustive borderline) | single-level (vocab constrained)
30.0,0x80a0c240,2158019136,10,audio,1,SNOW,0,,0,,,,exhaustive-floor+2,floor 10 (exhaustive borderline) | single-level (vocab constrained)
30.0,0x888da193,2290983315,10,sprite,1,KLOG,1,C0130,0,,,,exhaustive-floor+2,floor 10 (exhaustive borderline) | single-level (vocab constrained)
30.0,0xa0824440,2692891712,10,audio,1,FOOD,0,,0,,,,exhaustive-floor+2,floor 10 (exhaustive borderline) | single-level (vocab constrained)
30.0,0xa628e009,2787696649,10,sprite,1,EGGS,1,C0228,1,K0202,,,exhaustive-floor+2,floor 10 (exhaustive borderline) | single-level (vocab constrained)
30.0,0xa8482860,2823301216,10,sprite,1,MEGA,1,C0109,2,K0211;K0213,,,exhaustive-floor+2,floor 10 (exhaustive borderline) | single-level (vocab constrained)
30.0,0xe289c059,3800678489,10,sprite,1,MENU,1,C0284,0,,,,exhaustive-floor+2,floor 10 (exhaustive borderline) | single-level (vocab constrained)
28.0,0x2a6e0410,711853072,11,sprite,1,EGGS,0,,9,K0001;K0006;K0013;K0062;K0074;K0075;K0123;K0305;K0312,,,exhaustive-floor+2,floor 11 (medium) | cluster has 6 visual labels | single-level (vocab constrained)
28.0,0x4a4ec094,1246675092,11,sprite,1,GLEN,0,,11,K0001;K0006;K0060;K0062;K0067;K0130;K0307;K0312;K0318;K0323;K0334,,,exhaustive-floor+2,floor 11 (medium) | cluster has 3 visual labels | single-level (vocab constrained)
28.0,0x7a0ec210,2047787536,11,sprite,1,EGGS,0,,9,K0001;K0008;K0025;K0064;K0073;K0077;K0135;K0314;K0318,,,exhaustive-floor+2,floor 11 (medium) | cluster has 6 visual labels | single-level (vocab constrained)
28.0,0x492c8430,1227654192,13,sprite,1,WIZZ,0,,7,K0001;K0008;K0034;K0060;K0064;K0171;K0305,,,dictionary,floor 13 (medium) | cluster has 3 visual labels | single-level (vocab constrained)
28.0,0x4a1ea052,1243521106,13,sprite,1,GLEN,0,,8,K0001;K0008;K0013;K0064;K0308;K0314;K0317;K0322,,,dictionary,floor 13 (medium) | cluster has 4 visual labels | single-level (vocab constrained)
28.0,0x4c2a8850,1277855824,13,sprite,1,WIZZ,0,,6,K0001;K0006;K0025;K0062;K0131;K0308,,,dictionary,floor 13 (medium) | cluster has 4 visual labels | single-level (vocab constrained)
28.0,0x62ee0118,1659765016,13,sprite,1,BRG1,0,,6,K0022;K0066;K0069;K0327;K0333;K0335,,,dictionary,floor 13 (medium) | cluster has 2 visual labels | single-level (vocab constrained)
24.0,0x1847c001,407355393,8,type700,0,,0,,0,,,,exhaustive-floor,floor 8 (exhaustive borderline) | only 0 levels (vocab somewhat constrained)
24.0,0x00000000,0,9,type500,0,,0,,1,K0084,,,exhaustive-floor+2,floor 9 (exhaustive borderline) | only 0 levels (vocab somewhat constrained)
24.0,0x24002913,603990291,9,sprite,2,FOOD;SNOW,1,C0050,0,,,,exhaustive-floor+2,floor 9 (exhaustive borderline) | only 2 levels (vocab somewhat constrained)
24.0,0x68009240,1744867904,10,audio,3,BOIL;CLOU;MOSS,1,C0044,0,,,,exhaustive-floor+2,floor 10 (exhaustive borderline) | only 3 levels (vocab somewhat constrained)
24.0,0x70404350,1883259728,10,audio,3,BRG1;PHRO;TMPL,0,,1,K0139,,,exhaustive-floor+2,floor 10 (exhaustive borderline) | only 3 levels (vocab somewhat constrained)
24.0,0x9980d651,2575357521,10,audio,2,BOIL;EVIL,0,,0,,,,exhaustive-floor+2,floor 10 (exhaustive borderline) | only 2 levels (vocab somewhat constrained)
22.0,0x29808408,696288264,8,audio,22,BOIL;BRG1;CAVE;CLOU;CRYS;CSTL;EGGS;EVIL;FOOD;GLEN;GLID;HEAD;MEGA;MOSS;PHRO;SCIE;SEVN;SNOW;SOAR;TMPL;WEED;WIZZ,0,,0,,,,exhaustive-floor,floor 8 (exhaustive borderline) | common asset (likely generic name)
22.0,0x0aabc010,179027984,9,sprite,21,BOIL;BRG1;CAVE;CLOU;CRYS;CSTL;EGGS;EVIL;FOOD;GLID;HEAD;MEGA;MOSS;PHRO;SCIE;SEVN;SNOW;SOAR;TMPL;WEED;WIZZ,1,C0210,0,,,,exhaustive-floor+2,floor 9 (exhaustive borderline) | common asset (likely generic name)
22.0,0x48204012,1210073106,9,sprite,21,BOIL;BRG1;CAVE;CLOU;CRYS;CSTL;EGGS;EVIL;FOOD;GLID;HEAD;MEGA;MOSS;PHRO;SCIE;SEVN;SNOW;SOAR;TMPL;WEED;WIZZ,3,C0182;C0183;C0224,0,,,,exhaustive-floor+2,floor 9 (exhaustive borderline) | common asset (likely generic name)
22.0,0x282b8491,673940625,10,sprite,21,BOIL;BRG1;CAVE;CLOU;CRYS;CSTL;EGGS;EVIL;FOOD;GLID;HEAD;MEGA;MOSS;PHRO;SCIE;SEVN;SNOW;SOAR;TMPL;WEED;WIZZ,2,C0190;C0191,0,,,,exhaustive-floor+2,floor 10 (exhaustive borderline) | common asset (likely generic name)
22.0,0x4c60f249,1281421897,10,audio,26,BOIL;BRG1;CAVE;CLOU;CRYS;CSTL;EGGS;EVIL;FINN;FOOD;GLEN;GLID;HEAD;KLOG;MEGA;MENU;MOSS;PHRO;RUNN;SCIE;SEVN;SNOW;SOAR;TMPL;WEED;WIZZ,1,C0294,0,,,,exhaustive-floor+2,floor 10 (exhaustive borderline) | common asset (likely generic name)
22.0,0x98004092,2550153362,10,sprite,23,BOIL;BRG1;CAVE;CLOU;CRYS;CSTL;EGGS;EVIL;FOOD;GLEN;GLID;HEAD;KLOG;MEGA;MOSS;PHRO;SCIE;SEVN;SNOW;SOAR;TMPL;WEED;WIZZ,9,C0042;C0100;C0110;C0119;C0128;C0129;C0138;C0142;C0158,0,,,,exhaustive-floor+2,floor 10 (exhaustive borderline) | common asset (likely generic name)
22.0,0x326e0410,846070800,13,sprite,2,FOOD;TMPL,0,,9,K0002;K0007;K0059;K0063;K0123;K0306;K0313;K0316;K0321,,,dictionary,floor 13 (medium) | cluster has 2 visual labels | only 2 levels (vocab somewhat constrained)
22.0,0x612c8430,1630307376,13,sprite,2,FOOD;SNOW,0,,6,K0026;K0034;K0066;K0171;K0327;K0336,,,dictionary,floor 13 (medium) | cluster has 1 visual labels | only 2 levels (vocab somewhat constrained)
22.0,0x46269090,1176932496,15,sprite,1,WIZZ,0,,7,K0001;K0008;K0013;K0078;K0129;K0307;K0322,,,dictionary,cluster has 5 visual labels | single-level (vocab constrained)
22.0,0x523ea110,1379836176,15,sprite,1,EGGS,0,,8,K0001;K0006;K0060;K0068;K0072;K0080;K0317;K0323,,,dictionary,cluster has 6 visual labels | single-level (vocab constrained)
22.0,0x5e269090,1579585680,15,sprite,1,MENU,0,,6,K0002;K0012;K0059;K0065;K0129;K0309,,,dictionary,cluster has 1 visual labels | single-level (vocab constrained)
22.0,0x92af8810,2460977168,15,sprite,1,BRG1,0,,8,K0002;K0012;K0014;K0065;K0311;K0315;K0320;K0324,,,dictionary,cluster has 2 visual labels | single-level (vocab constrained)
20.0,0x0005c699,378521,11,sprite,1,MENU,0,,0,,,,exhaustive-floor+2,floor 11 (medium) | single-level (vocab constrained)
20.0,0x0220a173,35692915,11,audio,1,FOOD,0,,0,,,,exhaustive-floor+2,floor 11 (medium) | single-level (vocab constrained)
20.0,0x0244655d,38036829,11,sprite,1,WIZZ,2,C0086;C0090,0,,,,exhaustive-floor+2,floor 11 (medium) | single-level (vocab constrained)
20.0,0x03ecb851,65845329,11,audio,1,BOIL,0,,0,,,,exhaustive-floor+2,floor 11 (medium) | single-level (vocab constrained)
20.0,0x04041001,67375105,11,audio,1,WIZZ,0,,2,K0027;K0158,,,exhaustive-floor+2,floor 11 (medium) | single-level (vocab constrained)
20.0,0x040a2110,67772688,11,sprite,1,FINN,0,,0,,,,exhaustive-floor+2,floor 11 (medium) | single-level (vocab constrained)
20.0,0x04835000,75714560,11,sprite,1,RUNN,1,C0244,0,,,,exhaustive-floor+2,floor 11 (medium) | single-level (vocab constrained)
20.0,0x080c8300,135037696,11,sprite,1,EVIL,0,,5,K0009;K0017;K0146;K0220;K0236,,,exhaustive-floor+2,floor 11 (medium) | single-level (vocab constrained)
20.0,0x08192250,135864912,11,sprite,1,MEGA,1,C0115,0,,,,exhaustive-floor+2,floor 11 (medium) | single-level (vocab constrained)
20.0,0x085c8300,140280576,11,sprite,1,FINN,0,,5,K0017;K0039;K0221;K0240;K0248,,,exhaustive-floor+2,floor 11 (medium) | single-level (vocab constrained)
20.0,0x0aa18900,178358528,11,sprite,1,KLOG,1,C0254,0,,,,exhaustive-floor+2,floor 11 (medium) | single-level (vocab constrained)
20.0,0x0e041001,235147265,11,audio,1,WIZZ,0,,3,K0027;K0093;K0158,,,exhaustive-floor+2,floor 11 (medium) | single-level (vocab constrained)
20.0,0x10904443,277890115,11,audio,1,CRYS,0,,0,,,,exhaustive-floor+2,floor 11 (medium) | single-level (vocab constrained)
20.0,0x18e8c704,417908484,11,sprite,1,GLEN,1,C0101,0,,,,exhaustive-floor+2,floor 11 (medium) | single-level (vocab constrained)
20.0,0x2d688254,761823828,11,sprite,1,GLEN,1,C0105,0,,,,exhaustive-floor+2,floor 11 (medium) | single-level (vocab constrained)
20.0,0x30808e0d,813731341,11,sprite,1,MENU,1,C0281,2,K0030;K0162,,,exhaustive-floor+2,floor 11 (medium) | single-level (vocab constrained)
20.0,0x344210b1,876744881,11,sprite,1,FINN,1,C0232,0,,,,exhaustive-floor+2,floor 11 (medium) | single-level (vocab constrained)
20.0,0x408a2c10,1082797072,11,sprite,1,FOOD,0,,7,K0003;K0151;K0163;K0278;K0282;K0286;K0290,,,exhaustive-floor+2,floor 11 (medium) | single-level (vocab constrained)
20.0,0x40c21c10,1086462992,11,sprite,1,BRG1,0,,10,K0003;K0044;K0084;K0117;K0165;K0245;K0257;K0286;K0293;K0303,,,exhaustive-floor+2,floor 11 (medium) | single-level (vocab constrained)
20.0,0x40da2c10,1088039952,11,sprite,1,EGGS,0,,5,K0003;K0163;K0289;K0298;K0303,,,exhaustive-floor+2,floor 11 (medium) | single-level (vocab constrained)
20.0,0x40ea2c10,1089088528,11,sprite,1,WEED,0,,5,K0003;K0166;K0281;K0293;K0297,,,exhaustive-floor+2,floor 11 (medium) | single-level (vocab constrained)
20.0,0x4824c0c5,1210368197,11,audio,1,MEGA,0,,0,,,,exhaustive-floor+2,floor 11 (medium) | single-level (vocab constrained)
20.0,0x48d81135,1222119733,11,sprite,1,GLEN,1,C0098,2,K0210;K0214,,,exhaustive-floor+2,floor 11 (medium) | single-level (vocab constrained)
20.0,0x5822c080,1478672512,11,sprite,1,TMPL,1,C0043,0,,,,exhaustive-floor+2,floor 11 (medium) | single-level (vocab constrained)
20.0,0x5862f614,1482880532,11,audio,1,KLOG,0,,0,,,,exhaustive-floor+2,floor 11 (medium) | single-level (vocab constrained)
20.0,0x606c8061,1617723489,11,audio,1,KLOG,0,,0,,,,exhaustive-floor+2,floor 11 (medium) | single-level (vocab constrained)
20.0,0x682080cd,1746960589,11,audio,1,HEAD,0,,0,,,,exhaustive-floor+2,floor 11 (medium) | single-level (vocab constrained)
20.0,0x69588258,1767408216,11,sprite,1,GLEN,1,C0107,0,,,,exhaustive-floor+2,floor 11 (medium) | single-level (vocab constrained)
20.0,0x74044081,1946435713,11,audio,1,RUNN,1,C0062,0,,,,exhaustive-floor+2,floor 11 (medium) | single-level (vocab constrained)
20.0,0x90805c51,2424331345,11,audio,1,EGGS,0,,0,,,,exhaustive-floor+2,floor 11 (medium) | single-level (vocab constrained)
20.0,0xa06088c9,2690681033,11,audio,1,HEAD,0,,0,,,,exhaustive-floor+2,floor 11 (medium) | single-level (vocab constrained)
20.0,0xb0807444,2961208388,11,audio,1,TMPL,0,,6,K0005;K0052;K0155;K0234;K0260;K0329,,,exhaustive-floor+2,floor 11 (medium) | single-level (vocab constrained)
20.0,0xb0d07444,2966451268,11,audio,1,TMPL,0,,4,K0005;K0052;K0157;K0328,,,exhaustive-floor+2,floor 11 (medium) | single-level (vocab constrained)
20.0,0xc0099011,3221852177,11,audio,1,WIZZ,2,C0091;C0092,0,,,,exhaustive-floor+2,floor 11 (medium) | single-level (vocab constrained)
20.0,0x0628a800,103327744,12,sprite,1,EGGS,2,C0217;C0228,1,K0202,,,dictionary,floor 12 (medium) | single-level (vocab constrained)
20.0,0x08ba0250,146408016,12,sprite,1,GLEN,0,,0,,,,dictionary,floor 12 (medium) | single-level (vocab constrained)
20.0,0x0a1820d4,169353428,12,sprite,1,MEGA,1,C0117,2,K0213;K0271,,,dictionary,floor 12 (medium) | single-level (vocab constrained)
20.0,0x10057441,268792897,12,sprite,1,WIZZ,1,C0087,1,K0192,,,dictionary,floor 12 (medium) | single-level (vocab constrained)
20.0,0x10b85810,280516624,12,sprite,1,FINN,0,,7,K0000;K0018;K0040;K0115;K0224;K0241;K0250,,,dictionary,floor 12 (medium) | single-level (vocab constrained)
20.0,0x10b94810,280578064,12,sprite,1,FINN,0,,9,K0000;K0018;K0042;K0224;K0253;K0276;K0279;K0283;K0287,,,dictionary,floor 12 (medium) | single-level (vocab constrained)
20.0,0x10b95010,280580112,12,sprite,1,FINN,0,,9,K0000;K0011;K0041;K0227;K0242;K0250;K0280;K0291;K0295,,,dictionary,floor 12 (medium) | single-level (vocab constrained)
20.0,0x10b97810,280590352,12,sprite,1,FINN,0,,4,K0000;K0011;K0040;K0058,,,dictionary,floor 12 (medium) | single-level (vocab constrained)
20.0,0x10b9d810,280614928,12,sprite,1,FINN,0,,6,K0000;K0011;K0042;K0227;K0243;K0254,,,dictionary,floor 12 (medium) | single-level (vocab constrained)
20.0,0x204e44c0,542000320,12,audio,1,EVIL,1,C0160,0,,,,dictionary,floor 12 (medium) | single-level (vocab constrained)
20.0,0x2e811804,780212228,12,sprite,1,KLOG,1,C0251,2,K0029;K0161,,,dictionary,floor 12 (medium) | single-level (vocab constrained)
20.0,0x2e839804,780376068,12,sprite,1,KLOG,1,C0251,2,K0029;K0161,,,dictionary,floor 12 (medium) | single-level (vocab constrained)
20.0,0x40784034,1081622580,12,audio,1,RUNN,1,C0242,0,,,,dictionary,floor 12 (medium) | single-level (vocab constrained)
20.0,0x40e0824c,1088455244,12,audio,1,FINN,1,C0230,0,,,,dictionary,floor 12 (medium) | single-level (vocab constrained)
20.0,0x40f8c274,1090044532,12,audio,1,RUNN,1,C0236,0,,,,dictionary,floor 12 (medium) | single-level (vocab constrained)
20.0,0x4c02d240,1275253312,12,audio,1,KLOG,0,,3,K0021;K0035;K0172,,,dictionary,floor 12 (medium) | single-level (vocab constrained)
20.0,0x4c62d240,1281544768,12,audio,1,KLOG,0,,2,K0021;K0035,,,dictionary,floor 12 (medium) | single-level (vocab constrained)
20.0,0x4ca2d240,1285739072,12,audio,1,KLOG,0,,3,K0021;K0035;K0172,,,dictionary,floor 12 (medium) | single-level (vocab constrained)
20.0,0x60de1050,1625165904,12,sprite,1,WIZZ,1,C0094,1,K0194,,,dictionary,floor 12 (medium) | single-level (vocab constrained)
20.0,0x66017821,1711372321,12,audio,1,WIZZ,1,C0097,0,,,,dictionary,floor 12 (medium) | single-level (vocab constrained)
20.0,0x746048f1,1952467185,12,audio,1,RUNN,1,C0063,0,,,,dictionary,floor 12 (medium) | single-level (vocab constrained)
20.0,0x804c881c,2152499228,12,sprite,1,BRG1,1,C0048,0,,,,dictionary,floor 12 (medium) | single-level (vocab constrained)
20.0,0x80808846,2155907142,12,audio,1,SEVN,0,,0,,,,dictionary,floor 12 (medium) | single-level (vocab constrained)
20.0,0x81100030,2165309488,12,sprite,1,MENU,2,C0270;C0283,0,,,,dictionary,floor 12 (medium) | single-level (vocab constrained)
20.0,0x84004480,2214610048,12,sprite,1,BOIL,0,,0,,,,dictionary,floor 12 (medium) | single-level (vocab constrained)
20.0,0x8569a090,2238292112,12,sprite,1,EGGS,1,C0228,1,K0207,,,dictionary,floor 12 (medium) | single-level (vocab constrained)
20.0,0x987140d0,2557558992,12,sprite,1,BRG1,0,,0,,,,dictionary,floor 12 (medium) | single-level (vocab constrained)
20.0,0xa0149114,2685702420,12,sprite,1,WIZZ,1,C0085,0,,,,dictionary,floor 12 (medium) | single-level (vocab constrained)
20.0,0xa0cc18d0,2697730256,12,sprite,1,WIZZ,1,C0094,1,K0219,,,dictionary,floor 12 (medium) | single-level (vocab constrained)
20.0,0xec95689b,3969214619,12,sprite,1,MENU,1,C0286,0,,,,dictionary,floor 12 (medium) | single-level (vocab constrained)
20.0,0x002e2414,3023892,13,sprite,1,FOOD,1,C0161,0,,,,dictionary,floor 13 (medium) | single-level (vocab constrained)
20.0,0x00880c1e,8915998,13,audio,1,MENU,3,C0278;C0279;C0288,0,,,,dictionary,floor 13 (medium) | single-level (vocab constrained)
20.0,0x01680261,23593569,13,audio,1,KLOG,0,,0,,,,dictionary,floor 13 (medium) | single-level (vocab constrained)
20.0,0x02e900c0,48824512,13,audio,1,MENU,0,,0,,,,dictionary,floor 13 (medium) | single-level (vocab constrained)
20.0,0x069480a0,110395552,13,sprite,1,RUNN,0,,1,K0216,,,dictionary,floor 13 (medium) | single-level (vocab constrained)
20.0,0x086e44c0,141444288,13,audio,1,EVIL,1,C0160,0,,,,dictionary,floor 13 (medium) | single-level (vocab constrained)
20.0,0x09382152,154673490,13,sprite,1,MEGA,1,C0113,0,,,,dictionary,floor 13 (medium) | single-level (vocab constrained)
20.0,0x09993072,161034354,13,sprite,1,MEGA,1,C0147,0,,,,dictionary,floor 13 (medium) | single-level (vocab constrained)
20.0,0x0c3082c3,204505795,13,audio,1,KLOG,1,C0129,0,,,,dictionary,floor 13 (medium) | single-level (vocab constrained)
20.0,0x0c78005c,209191004,13,sprite,1,GLEN,1,C0108,2,K0214;K0273,,,dictionary,floor 13 (medium) | single-level (vocab constrained)
20.0,0x10094096,269041814,13,sprite,1,MENU,5,C0270;C0281;C0282;C0283;C0284,0,,,,dictionary,floor 13 (medium) | single-level (vocab constrained)
20.0,0x112ae088,288022664,13,sprite,1,EGGS,1,C0228,1,K0204,,,dictionary,floor 13 (medium) | single-level (vocab constrained)
20.0,0x11eac4c0,300598464,13,audio,1,EVIL,1,C0160,0,,,,dictionary,floor 13 (medium) | single-level (vocab constrained)
20.0,0x193ca112,423403794,13,sprite,1,KLOG,2,C0132;C0133,2,K0209;K0274,,,dictionary,floor 13 (medium) | single-level (vocab constrained)
20.0,0x1a202d81,438316417,13,sprite,1,RUNN,3,C0237;C0238;C0241,0,,,,dictionary,floor 13 (medium) | single-level (vocab constrained)
20.0,0x205e40c2,543047874,13,audio,1,EVIL,1,C0160,0,,,,dictionary,floor 13 (medium) | single-level (vocab constrained)
20.0,0x222222d8,572662488,13,sprite,1,EVIL,1,C0159,2,K0087;K0261,,,dictionary,floor 13 (medium) | single-level (vocab constrained)
20.0,0x3099991b,815372571,13,sprite,1,MENU,0,,0,,,,dictionary,floor 13 (medium) | single-level (vocab constrained)
20.0,0x3da80d13,1034423571,13,sprite,1,KLOG,2,C0250;C0252,1,K0205,,,dictionary,floor 13 (medium) | single-level (vocab constrained)
20.0,0x402044c9,1075856585,13,audio,1,MEGA,0,,0,,,,dictionary,floor 13 (medium) | single-level (vocab constrained)
20.0,0x408a1c10,1082792976,13,sprite,1,CAVE,0,,9,K0003;K0020;K0044;K0230;K0256;K0281;K0285;K0289;K0328,,,dictionary,floor 13 (medium) | single-level (vocab constrained)
20.0,0x40da1c10,1088035856,13,sprite,1,FINN,0,,10,K0003;K0020;K0118;K0231;K0246;K0258;K0290;K0297;K0304;K0329,,,dictionary,floor 13 (medium) | single-level (vocab constrained)
20.0,0x40ea1c10,1089084432,13,sprite,1,CLOU,0,,10,K0003;K0045;K0165;K0232;K0247;K0259;K0282;K0294;K0298;K0330,,,dictionary,floor 13 (medium) | single-level (vocab constrained)
20.0,0x4148c374,1095287668,13,audio,1,RUNN,0,,0,,,,dictionary,floor 13 (medium) | single-level (vocab constrained)
20.0,0x41ca1c10,1103764496,13,sprite,1,CRYS,0,,8,K0015;K0020;K0045;K0179;K0231;K0257;K0278;K0331,,,dictionary,floor 13 (medium) | single-level (vocab constrained)
20.0,0x424129a1,1111566753,13,audio,1,WIZZ,1,C0096,0,,,,dictionary,floor 13 (medium) | single-level (vocab constrained)
20.0,0x42c11270,1119949424,13,audio,1,CAVE,0,,0,,,,dictionary,floor 13 (medium) | single-level (vocab constrained)
20.0,0x42ca1c10,1120541712,13,sprite,1,CLOU,0,,8,K0015;K0044;K0167;K0180;K0232;K0245;K0258;K0332,,,dictionary,floor 13 (medium) | single-level (vocab constrained)
20.0,0x44ca1c10,1154096144,13,sprite,1,TMPL,0,,7,K0015;K0020;K0117;K0181;K0230;K0246;K0259,,,dictionary,floor 13 (medium) | single-level (vocab constrained)
20.0,0x48209640,1210095168,13,audio,1,KLOG,0,,2,K0033;K0170,,,dictionary,floor 13 (medium) | single-level (vocab constrained)
20.0,0x48f843d4,1224229844,13,sprite,1,GLEN,0,,0,,,,dictionary,floor 13 (medium) | single-level (vocab constrained)
20.0,0x49609640,1231066688,13,audio,1,KLOG,0,,2,K0033;K0170,,,dictionary,floor 13 (medium) | single-level (vocab constrained)
20.0,0x49a09640,1235260992,13,audio,1,KLOG,0,,1,K0033,,,dictionary,floor 13 (medium) | single-level (vocab constrained)
20.0,0x4c22d240,1277350464,13,audio,1,KLOG,0,,1,K0021,,,dictionary,floor 13 (medium) | single-level (vocab constrained)
20.0,0x4d09d01c,1292488732,13,sprite,1,GLEN,1,C0249,0,,,,dictionary,floor 13 (medium) | single-level (vocab constrained)
20.0,0x5101c047,1359069255,13,audio,1,GLEN,0,,0,,,,dictionary,floor 13 (medium) | single-level (vocab constrained)
20.0,0x512061c1,1361076673,13,audio,1,MEGA,0,,0,,,,dictionary,floor 13 (medium) | single-level (vocab constrained)
20.0,0x524ec094,1380892820,13,sprite,23,BOIL;BRG1;CAVE;CLOU;CRYS;CSTL;EGGS;EVIL;FOOD;GLEN;GLID;HEAD;MEGA;MOSS;PHRO;RUNN;SCIE;SEVN;SNOW;SOAR;TMPL;WEED;WIZZ,0,,11,K0002;K0007;K0014;K0063;K0076;K0081;K0082;K0130;K0309;K0313;K0319,,,dictionary,floor 13 (medium) | cluster has 6 visual labels | common asset (likely generic name)
20.0,0x5821c242,1478607426,13,audio,1,CLOU,0,,4,K0094;K0101;K0191;K0200,,,dictionary,floor 13 (medium) | single-level (vocab constrained)
20.0,0x5a088840,1510508608,13,sprite,1,KLOG,0,,0,,,,dictionary,floor 13 (medium) | single-level (vocab constrained)
20.0,0x60041650,1610880592,13,audio,1,CSTL,0,,0,,,,dictionary,floor 13 (medium) | single-level (vocab constrained)
20.0,0x60680076,1617428598,13,audio,1,RUNN,1,C0241,0,,,,dictionary,floor 13 (medium) | single-level (vocab constrained)
20.0,0x6d209c95,1830853781,13,sprite,1,CSTL,1,C0064,1,K0138,,,dictionary,floor 13 (medium) | single-level (vocab constrained)
20.0,0x800da102,2148376834,13,sprite,1,KLOG,1,C0130,2,K0010;K0050,,,dictionary,floor 13 (medium) | single-level (vocab constrained)
20.0,0x800da116,2148376854,13,sprite,1,KLOG,1,C0130,4,K0010;K0050;K0153;K0233,,,dictionary,floor 13 (medium) | single-level (vocab constrained)
20.0,0x800da11a,2148376858,13,sprite,1,KLOG,1,C0130,3,K0010;K0154;K0175,,,dictionary,floor 13 (medium) | single-level (vocab constrained)
20.0,0x800da132,2148376882,13,sprite,1,KLOG,1,C0130,3,K0010;K0153;K0175,,,dictionary,floor 13 (medium) | single-level (vocab constrained)
20.0,0x800da152,2148376914,13,sprite,1,KLOG,1,C0130,4,K0010;K0050;K0154;K0233,,,dictionary,floor 13 (medium) | single-level (vocab constrained)
20.0,0x8068815c,2154332508,13,sprite,1,GLEN,0,,2,K0210;K0273,,,dictionary,floor 13 (medium) | single-level (vocab constrained)
20.0,0x80b92212,2159616530,13,sprite,1,TMPL,1,C0309,1,K0088,,,dictionary,floor 13 (medium) | single-level (vocab constrained)
20.0,0x81421850,2168592464,13,sprite,1,WIZZ,0,,1,K0141,,,dictionary,floor 13 (medium) | single-level (vocab constrained)
20.0,0x82421850,2185369680,13,sprite,1,WIZZ,0,,1,K0141,,,dictionary,floor 13 (medium) | single-level (vocab constrained)
20.0,0x826ca852,2188159058,13,audio,1,BOIL,0,,0,,,,dictionary,floor 13 (medium) | single-level (vocab constrained)
20.0,0x8c29e08c,2351554700,13,sprite,1,GLEN,0,,0,,,,dictionary,floor 13 (medium) | single-level (vocab constrained)
20.0,0x9291d400,2459030528,13,audio,1,TMPL,0,,0,,,,dictionary,floor 13 (medium) | single-level (vocab constrained)
20.0,0xa00a0c30,2685013040,13,sprite,1,CAVE,0,,0,,,,dictionary,floor 13 (medium) | single-level (vocab constrained)
20.0,0xa0cc1cd0,2697731280,13,sprite,1,WIZZ,2,C0084;C0095,1,K0219,,,dictionary,floor 13 (medium) | single-level (vocab constrained)
20.0,0xa2034840,2718124096,13,audio,1,WEED,0,,0,,,,dictionary,floor 13 (medium) | single-level (vocab constrained)
20.0,0xb0107444,2953868356,13,audio,1,TMPL,0,,3,K0005;K0051;K0155,,,dictionary,floor 13 (medium) | single-level (vocab constrained)
20.0,0xb0b07444,2964354116,13,audio,1,TMPL,0,,5,K0005;K0051;K0156;K0235;K0330,,,dictionary,floor 13 (medium) | single-level (vocab constrained)
20.0,0xb1907444,2979034180,13,audio,1,TMPL,0,,5,K0005;K0052;K0156;K0234;K0331,,,dictionary,floor 13 (medium) | single-level (vocab constrained)
20.0,0xb2907444,2995811396,13,audio,1,TMPL,0,,6,K0005;K0051;K0157;K0235;K0260;K0332,,,dictionary,floor 13 (medium) | single-level (vocab constrained)
20.0,0xc8648260,3362030176,13,audio,1,KLOG,0,,2,K0038;K0177,,,dictionary,floor 13 (medium) | single-level (vocab constrained)
20.0,0xc864b260,3362042464,13,audio,1,KLOG,0,,1,K0038,,,dictionary,floor 13 (medium) | single-level (vocab constrained)
20.0,0xc864d260,3362050656,13,audio,1,KLOG,0,,2,K0038;K0177,,,dictionary,floor 13 (medium) | single-level (vocab constrained)
20.0,0xcaadc032,3400384562,13,sprite,1,KLOG,1,C0127,2,K0209;K0215,,,dictionary,floor 13 (medium) | single-level (vocab constrained)
18.0,0x04084011,67649553,8,sprite,19,BOIL;BRG1;CAVE;CLOU;CRYS;CSTL;EGGS;EVIL;FOOD;GLID;HEAD;MEGA;MOSS;SEVN;SNOW;SOAR;TMPL;WEED;WIZZ,1,C0219,0,,,,exhaustive-floor,floor 8 (exhaustive borderline)
18.0,0x0a08c490,168346768,9,sprite,13,BRG1;CAVE;CLOU;CRYS;CSTL;EGGS;EVIL;GLID;MOSS;SEVN;SOAR;WEED;WIZZ,1,C0196,0,,,,exhaustive-floor+2,floor 9 (exhaustive borderline)
18.0,0x0a409040,172003392,9,audio,10,CLOU;CRYS;CSTL;EGGS;EVIL;MOSS;SEVN;SOAR;WEED;WIZZ,0,,0,,,,exhaustive-floor+2,floor 9 (exhaustive borderline)
18.0,0x12800031,310378545,9,sprite,9,BOIL;CAVE;CRYS;CSTL;EGGS;GLID;MOSS;SEVN;SNOW,1,C0301,2,K0086;K0267,,,exhaustive-floor+2,floor 9 (exhaustive borderline)
18.0,0x28ce0610,684590608,9,sprite,4,CSTL;FOOD;SEVN;TMPL,1,C0037,5,K0004;K0046;K0148;K0223;K0249,,,exhaustive-floor+2,floor 9 (exhaustive borderline)
18.0,0x4a806042,1249927234,9,audio,20,BOIL;BRG1;CAVE;CLOU;CRYS;CSTL;EGGS;EVIL;FINN;FOOD;GLID;MOSS;PHRO;RUNN;SCIE;SEVN;SNOW;SOAR;TMPL;WEED,2,C0013;C0033,0,,,,exhaustive-floor+2,floor 9 (exhaustive borderline)
18.0,0x6082c120,1619181856,9,audio,4,GLID;SCIE;SOAR;TMPL,1,C0011,0,,,,exhaustive-floor+2,floor 9 (exhaustive borderline)
18.0,0x8818a018,2283315224,9,sprite,12,BRG1;CAVE;CRYS;CSTL;EGGS;FOOD;GLID;HEAD;MOSS;TMPL;WEED;WIZZ,4,C0090;C0297;C0304;C0307,2,K0089;K0268,,,exhaustive-floor+2,floor 9 (exhaustive borderline)
18.0,0x980c6211,2550948369,9,sprite,4,CAVE;EGGS;GLID;WEED,0,,0,,,,exhaustive-floor+2,floor 9 (exhaustive borderline)
18.0,0x0462e0bb,73588923,10,audio,11,BRG1;CAVE;CRYS;CSTL;EGGS;EVIL;FOOD;MEGA;PHRO;SCIE;TMPL,0,,3,K0099;K0103;K0109,,,exhaustive-floor+2,floor 10 (exhaustive borderline)
18.0,0x1000c042,268484674,10,audio,9,BOIL;BRG1;CRYS;MOSS;PHRO;SCIE;SNOW;SOAR;TMPL,0,,0,,,,exhaustive-floor+2,floor 10 (exhaustive borderline)
18.0,0x40e28045,1088585797,10,audio,19,BOIL;BRG1;CAVE;CLOU;CRYS;CSTL;EGGS;EVIL;FOOD;GLID;HEAD;MEGA;MOSS;SEVN;SNOW;SOAR;TMPL;WEED;WIZZ,1,C0166,0,,,,exhaustive-floor+2,floor 10 (exhaustive borderline)
18.0,0x44c26454,1153590356,10,audio,13,BOIL;BRG1;CAVE;CLOU;CRYS;CSTL;EGGS;EVIL;FINN;FOOD;MOSS;SNOW;TMPL,1,C0018,0,,,,exhaustive-floor+2,floor 10 (exhaustive borderline)
18.0,0x90a19011,2426507281,10,sprite,4,GLID;SCIE;SOAR;TMPL,0,,0,,,,exhaustive-floor+2,floor 10 (exhaustive borderline)
18.0,0xb84968b0,3091818672,10,sprite,4,CAVE;EGGS;GLID;WEED,0,,0,,,,exhaustive-floor+2,floor 10 (exhaustive borderline)
18.0,0xe0c00650,3770680912,10,audio,8,BOIL;BRG1;CRYS;MOSS;SCIE;SNOW;SOAR;TMPL,1,C0100,0,,,,exhaustive-floor+2,floor 10 (exhaustive borderline)
16.0,0x620ec210,1645134352,11,sprite,16,BOIL;BRG1;CAVE;CLOU;CRYS;CSTL;EGGS;EVIL;FOOD;GLID;MOSS;PHRO;SCIE;SNOW;TMPL;WEED,0,,8,K0002;K0012;K0061;K0135;K0310;K0319;K0325;K0326,,,exhaustive-floor+2,floor 11 (medium) | cluster has 1 visual labels
16.0,0x63af8200,1672446464,15,sprite,2,FOOD;SNOW,0,,5,K0023;K0066;K0067;K0070;K0337,,,dictionary,cluster has 2 visual labels | only 2 levels (vocab somewhat constrained)
16.0,0x60181a0c,1612192268,16,sprite,2,PHRO;SCIE,1,C0067,2,K0024;K0174,,,dictionary,cluster has 1 visual labels | only 2 levels (vocab somewhat constrained)
14.0,0x08148300,135561984,11,sprite,3,EVIL;FINN;RUNN,0,,4,K0009;K0039;K0159;K0237,,,exhaustive-floor+2,floor 11 (medium) | only 3 levels (vocab somewhat constrained)
14.0,0x08188300,135824128,11,sprite,3,EVIL;FINN;RUNN,0,,4,K0009;K0017;K0221;K0238,,,exhaustive-floor+2,floor 11 (medium) | only 3 levels (vocab somewhat constrained)
14.0,0x08624580,140658048,11,sprite,2,BRG1;SOAR,1,C0023,0,,,,exhaustive-floor+2,floor 11 (medium) | only 2 levels (vocab somewhat constrained)
14.0,0x25d2c8d8,634570968,11,audio,3,BOIL;CSTL;TMPL,0,,3,K0112;K0184;K0198,,,exhaustive-floor+2,floor 11 (medium) | only 3 levels (vocab somewhat constrained)
14.0,0x2cda4604,752502276,11,sprite,3,BRG1;PHRO;SOAR,2,C0041;C0081,0,,,,exhaustive-floor+2,floor 11 (medium) | only 3 levels (vocab somewhat constrained)
14.0,0x34014841,872499265,11,audio,2,KLOG;RUNN,1,C0145,0,,,,exhaustive-floor+2,floor 11 (medium) | only 2 levels (vocab somewhat constrained)
14.0,0x40400270,1077936752,11,audio,2,BRG1;SOAR,0,,4,K0095;K0102;K0185;K0190,,,exhaustive-floor+2,floor 11 (medium) | only 2 levels (vocab somewhat constrained)
14.0,0x408a6461,1082811489,11,audio,3,BOIL;CLOU;TMPL,1,C0028,0,,,,exhaustive-floor+2,floor 11 (medium) | only 3 levels (vocab somewhat constrained)
14.0,0x48ca1c10,1221205008,11,sprite,2,CAVE;CRYS,0,,7,K0015;K0045;K0118;K0167;K0178;K0247;K0256,,,exhaustive-floor+2,floor 11 (medium) | only 2 levels (vocab somewhat constrained)
14.0,0x61841021,1636044833,11,audio,3,EVIL;SCIE;WIZZ,0,,0,,,,exhaustive-floor+2,floor 11 (medium) | only 3 levels (vocab somewhat constrained)
14.0,0x62000441,1644168257,11,audio,2,BRG1;SOAR,1,C0024,0,,,,exhaustive-floor+2,floor 11 (medium) | only 2 levels (vocab somewhat constrained)
14.0,0x6220a452,1646306386,11,audio,2,CSTL;MOSS,0,,0,,,,exhaustive-floor+2,floor 11 (medium) | only 2 levels (vocab somewhat constrained)
14.0,0x7000c248,1879097928,11,audio,2,PHRO;SCIE,0,,0,,,,exhaustive-floor+2,floor 11 (medium) | only 2 levels (vocab somewhat constrained)
14.0,0x72000210,1912603152,11,type700,0,,0,,0,,,,exhaustive-floor+2,floor 11 (medium) | only 0 levels (vocab somewhat constrained)
14.0,0x78100250,2014315088,11,audio,2,PHRO;SCIE,0,,0,,,,exhaustive-floor+2,floor 11 (medium) | only 2 levels (vocab somewhat constrained)
14.0,0x00100125,1048869,12,type500,0,,0,,0,,,,dictionary,floor 12 (medium) | only 0 levels (vocab somewhat constrained)
14.0,0x004a981c,4888604,12,sprite,3,BOIL;CLOU;MOSS,0,,1,K0113,,,dictionary,floor 12 (medium) | only 3 levels (vocab somewhat constrained)
14.0,0x004c9138,5017912,12,sprite,3,CLOU;CRYS;SOAR,0,,0,,,,dictionary,floor 12 (medium) | only 3 levels (vocab somewhat constrained)
14.0,0x00c60046,12976198,12,type500,0,,0,,0,,,,dictionary,floor 12 (medium) | only 0 levels (vocab somewhat constrained)
14.0,0x0120e27a,18932346,12,audio,2,BRG1;SOAR,0,,3,K0103;K0182;K0187,,,dictionary,floor 12 (medium) | only 2 levels (vocab somewhat constrained)
14.0,0x02102152,34611538,12,audio,2,BOIL;FOOD,0,,0,,,,dictionary,floor 12 (medium) | only 2 levels (vocab somewhat constrained)
14.0,0x10031015,268636181,12,type700,0,,0,,0,,,,dictionary,floor 12 (medium) | only 0 levels (vocab somewhat constrained)
14.0,0x404c5919,1078745369,12,sprite,2,SCIE;SNOW,0,,1,K0105,,,dictionary,floor 12 (medium) | only 2 levels (vocab somewhat constrained)
14.0,0x486002db,1214251739,12,audio,3,BOIL;CSTL;TMPL,0,,4,K0096;K0108;K0185;K0199,,,dictionary,floor 12 (medium) | only 3 levels (vocab somewhat constrained)
14.0,0x50412804,1346447364,12,type700,0,,0,,0,,,,dictionary,floor 12 (medium) | only 0 levels (vocab somewhat constrained)
14.0,0x5050c643,1347470915,12,audio,3,BOIL;CSTL;TMPL,0,,4,K0096;K0111;K0186;K0200,,,dictionary,floor 12 (medium) | only 3 levels (vocab somewhat constrained)
14.0,0x60889602,1619564034,12,audio,2,EVIL;SCIE,1,C0071,0,,,,dictionary,floor 12 (medium) | only 2 levels (vocab somewhat constrained)
14.0,0x70204350,1881162576,12,audio,2,BRG1;FOOD,0,,1,K0139,,,dictionary,floor 12 (medium) | only 2 levels (vocab somewhat constrained)
14.0,0xec000027,3959423015,12,sprite,3,BRG1;PHRO;SOAR,1,C0081,0,,,,dictionary,floor 12 (medium) | only 3 levels (vocab somewhat constrained)
14.0,0x000cc8f8,837880,13,sprite,2,FOOD;TMPL,0,,0,,,,dictionary,floor 13 (medium) | only 2 levels (vocab somewhat constrained)
14.0,0x0101820a,16876042,13,type700,0,,0,,0,,,,dictionary,floor 13 (medium) | only 0 levels (vocab somewhat constrained)
14.0,0x081c8302,136086274,13,sprite,3,EVIL;FINN;RUNN,0,,1,K0093,,,dictionary,floor 13 (medium) | only 3 levels (vocab somewhat constrained)
14.0,0x081d8300,136151808,13,sprite,3,EVIL;FINN;RUNN,0,,5,K0009;K0017;K0039;K0220;K0240,,,dictionary,floor 13 (medium) | only 3 levels (vocab somewhat constrained)
14.0,0x081e8300,136217344,13,sprite,3,EVIL;FINN;RUNN,0,,5,K0009;K0146;K0159;K0239;K0248,,,dictionary,floor 13 (medium) | only 3 levels (vocab somewhat constrained)
14.0,0x10050221,268763681,13,type700,0,,0,,0,,,,dictionary,floor 13 (medium) | only 0 levels (vocab somewhat constrained)
14.0,0x40489938,1078499640,13,sprite,3,CLOU;CRYS;SOAR,0,,0,,,,dictionary,floor 13 (medium) | only 3 levels (vocab somewhat constrained)
14.0,0x428a6465,1116365925,13,audio,3,BOIL;CLOU;TMPL,1,C0028,0,,,,dictionary,floor 13 (medium) | only 3 levels (vocab somewhat constrained)
14.0,0x50408b61,1346407265,13,audio,3,EVIL;GLEN;SCIE,0,,0,,,,dictionary,floor 13 (medium) | only 3 levels (vocab somewhat constrained)
14.0,0x60830860,1619200096,13,audio,2,RUNN;SNOW,0,,0,,,,dictionary,floor 13 (medium) | only 2 levels (vocab somewhat constrained)
14.0,0x7c108244,2081456708,13,audio,3,CLOU;CRYS;SOAR,0,,1,K0140,,,dictionary,floor 13 (medium) | only 3 levels (vocab somewhat constrained)
14.0,0x88210498,2283865240,13,sprite,2,CSTL;MOSS,1,C0074,0,,,,dictionary,floor 13 (medium) | only 2 levels (vocab somewhat constrained)
14.0,0x91a9d01d,2443825181,13,sprite,2,PHRO;SCIE,0,,0,,,,dictionary,floor 13 (medium) | only 2 levels (vocab somewhat constrained)
14.0,0xb4011101,3019968769,13,sprite,3,BRG1;PHRO;SOAR,0,,0,,,,dictionary,floor 13 (medium) | only 3 levels (vocab somewhat constrained)
14.0,0xb92c4850,3106687056,13,sprite,3,EGGS;GLID;WEED,0,,0,,,,dictionary,floor 13 (medium) | only 3 levels (vocab somewhat constrained)
14.0,0xbebce258,3200049752,13,sprite,2,CSTL;SOAR,1,C0312,2,K0090;K0269,,,dictionary,floor 13 (medium) | only 2 levels (vocab somewhat constrained)
14.0,0xcc6c8070,3429662832,13,audio,2,GLEN;KLOG,1,C0250,0,,,,dictionary,floor 13 (medium) | only 2 levels (vocab somewhat constrained)
14.0,0xe4cb8330,3838542640,13,sprite,2,BRG1;SOAR,0,,0,,,,dictionary,floor 13 (medium) | only 2 levels (vocab somewhat constrained)
14.0,0xe6830101,3867345153,13,sprite,3,BRG1;PHRO;SOAR,0,,0,,,,dictionary,floor 13 (medium) | only 3 levels (vocab somewhat constrained)
14.0,0xfc82d540,4236432704,13,audio,2,CLOU;WEED,0,,0,,,,dictionary,floor 13 (medium) | only 2 levels (vocab somewhat constrained)
14.0,0x0305a4f5,50701557,14,sprite,1,MENU,1,C0255,0,,,,dictionary,single-level (vocab constrained)
14.0,0x052aa082,86679682,14,sprite,1,EGGS,2,C0214;C0228,1,K0201,,,dictionary,single-level (vocab constrained)
14.0,0x069580a0,110461088,14,sprite,1,RUNN,1,C0145,1,K0216,,,dictionary,single-level (vocab constrained)
14.0,0x0708a4a0,118006944,14,sprite,1,EGGS,3,C0213;C0216;C0228,1,K0203,,,dictionary,single-level (vocab constrained)
14.0,0x08148ac2,135563970,14,audio,1,EGGS,0,,0,,,,dictionary,single-level (vocab constrained)
14.0,0x0c34aa22,204778018,14,sprite,1,KLOG,2,C0131;C0152,0,,,,dictionary,single-level (vocab constrained)
14.0,0x10b91810,280565776,14,sprite,1,FINN,0,,6,K0000;K0018;K0041;K0225;K0251;K0275,,,dictionary,single-level (vocab constrained)
14.0,0x10b9481c,280578076,14,sprite,1,FINN,0,,7,K0000;K0043;K0048;K0275;K0280;K0284;K0288,,,dictionary,single-level (vocab constrained)
14.0,0x10b9501c,280580124,14,sprite,1,FINN,0,,7,K0000;K0019;K0149;K0228;K0279;K0292;K0296,,,dictionary,single-level (vocab constrained)
14.0,0x10b95a10,280582672,14,sprite,1,FINN,0,,10,K0000;K0011;K0042;K0058;K0115;K0243;K0251;K0284;K0292;K0301,,,dictionary,single-level (vocab constrained)
14.0,0x10b95c10,280583184,14,sprite,1,FINN,0,,10,K0000;K0018;K0040;K0116;K0225;K0241;K0254;K0288;K0296;K0302,,,dictionary,single-level (vocab constrained)
14.0,0x10b9781c,280590364,14,sprite,1,FINN,0,,4,K0000;K0019;K0150;K0229,,,dictionary,single-level (vocab constrained)
14.0,0x10b9d81c,280614940,14,sprite,1,FINN,0,,6,K0000;K0019;K0043;K0228;K0244;K0255,,,dictionary,single-level (vocab constrained)
14.0,0x10bb5810,280713232,14,sprite,1,FINN,0,,7,K0000;K0011;K0041;K0058;K0116;K0242;K0253,,,dictionary,single-level (vocab constrained)
14.0,0x168254b5,377640117,14,sprite,1,FINN,2,C0038;C0317,0,,,,dictionary,single-level (vocab constrained)
14.0,0x181c3854,404502612,14,sprite,1,WIZZ,1,C0090,0,,,,dictionary,single-level (vocab constrained)
14.0,0x21e90ca0,568921248,14,audio,1,MENU,0,,0,,,,dictionary,single-level (vocab constrained)
14.0,0x2b79835d,729383773,14,sprite,1,GLEN,1,C0106,0,,,,dictionary,single-level (vocab constrained)
14.0,0x3c389550,1010341200,14,sprite,1,RUNN,1,C0236,0,,,,dictionary,single-level (vocab constrained)
14.0,0x407801d0,1081606608,14,sprite,1,GLEN,1,C0103,1,K0127,,,dictionary,single-level (vocab constrained)
14.0,0x486492c4,1214550724,14,audio,1,KLOG,1,C0127,0,,,,dictionary,single-level (vocab constrained)
14.0,0x612010c9,1629491401,14,audio,1,HEAD,0,,0,,,,dictionary,single-level (vocab constrained)
14.0,0x62318245,1647411781,14,audio,1,GLEN,1,C0103,1,K0136,,,dictionary,single-level (vocab constrained)
14.0,0x686c1c97,1751915671,14,audio,1,MENU,4,C0268;C0269;C0273;C0274,0,,,,dictionary,single-level (vocab constrained)
14.0,0x6c289c1c,1814600732,14,sprite,1,CSTL,1,C0065,0,,,,dictionary,single-level (vocab constrained)
14.0,0x70a09ce1,1889574113,14,audio,1,HEAD,1,C0149,0,,,,dictionary,single-level (vocab constrained)
14.0,0x72a7d455,1923601493,14,audio,1,GLEN,0,,0,,,,dictionary,single-level (vocab constrained)
14.0,0x7a318245,2050064965,14,audio,1,GLEN,1,C0102,1,K0136,,,dictionary,single-level (vocab constrained)
14.0,0x8524a880,2233772160,14,sprite,1,EGGS,1,C0228,1,K0206,,,dictionary,single-level (vocab constrained)
14.0,0x8a1940e1,2316910817,14,sprite,1,HEAD,0,,0,,,,dictionary,single-level (vocab constrained)
14.0,0x90985240,2425901632,14,audio,1,TMPL,0,,0,,,,dictionary,single-level (vocab constrained)
14.0,0x90d85954,2430097748,14,audio,1,PHRO,0,,0,,,,dictionary,single-level (vocab constrained)
14.0,0x9180d446,2441139270,14,audio,1,CAVE,0,,0,,,,dictionary,single-level (vocab constrained)
14.0,0x92f8f1c0,2465788352,14,audio,1,MEGA,0,,1,K0085,,,dictionary,single-level (vocab constrained)
14.0,0x9629a000,2519310336,14,sprite,1,EGGS,1,C0228,1,K0207,,,dictionary,single-level (vocab constrained)
14.0,0xb7cce25e,3083657822,14,sprite,1,CSTL,1,C0311,2,K0264;K0269,,,dictionary,single-level (vocab constrained)
14.0,0xc00200c9,3221356745,14,audio,1,MEGA,0,,0,,,,dictionary,single-level (vocab constrained)
14.0,0xc48c7158,3297538392,14,sprite,1,EVIL,1,C0315,2,K0091;K0270,,,dictionary,single-level (vocab constrained)
14.0,0xca282402,3391628290,14,sprite,1,WIZZ,0,,0,,,,dictionary,single-level (vocab constrained)
14.0,0xd0a14440,3500229696,14,audio,1,BRG1,0,,0,,,,dictionary,single-level (vocab constrained)
14.0,0x0239cb33,37342003,15,sprite,1,HEAD,1,C0149,0,,,,dictionary,single-level (vocab constrained)
14.0,0x024d704e,38629454,15,sprite,1,WIZZ,1,C0088,0,,,,dictionary,single-level (vocab constrained)
14.0,0x02a48626,44336678,15,audio,1,FINN,0,,0,,,,dictionary,single-level (vocab constrained)
14.0,0x02ed1470,49091696,15,sprite,1,WIZZ,1,C0092,1,K0193,,,dictionary,single-level (vocab constrained)
14.0,0x083488e2,137660642,15,sprite,1,KLOG,1,C0131,0,,,,dictionary,single-level (vocab constrained)
14.0,0x0b0811bb,185078203,15,sprite,1,HEAD,1,C0125,1,K0120,,,dictionary,single-level (vocab constrained)
14.0,0x12308128,305168680,15,sprite,1,RUNN,1,C0062,0,,,,dictionary,single-level (vocab constrained)
14.0,0x1a2c8516,439125270,15,sprite,1,KLOG,1,C0131,0,,,,dictionary,single-level (vocab constrained)
14.0,0x1b280858,455608408,15,sprite,1,KLOG,1,C0253,0,,,,dictionary,single-level (vocab constrained)
14.0,0x1b280c33,455609395,15,sprite,1,KLOG,1,C0252,1,K0205,,,dictionary,single-level (vocab constrained)
14.0,0x262e0319,640549657,15,sprite,1,EVIL,1,C0159,2,K0087;K0266,,,dictionary,single-level (vocab constrained)
14.0,0x2b3889b2,725125554,15,sprite,1,HEAD,1,C0126,2,K0212;K0272,,,dictionary,single-level (vocab constrained)
14.0,0x3eb98520,1052345632,15,sprite,1,RUNN,1,C0240,0,,,,dictionary,single-level (vocab constrained)
14.0,0x40864668,1082541672,15,audio,1,BRG1,1,C0026,0,,,,dictionary,single-level (vocab constrained)
14.0,0x42590440,1113130048,15,audio,1,MENU,0,,0,,,,dictionary,single-level (vocab constrained)
14.0,0x502141c3,1344356803,15,audio,1,MEGA,0,,0,,,,dictionary,single-level (vocab constrained)
14.0,0x5238cd10,1379454224,15,sprite,1,RUNN,1,C0243,0,,,,dictionary,single-level (vocab constrained)
14.0,0x52ee0118,1391329560,15,sprite,21,BOIL;BRG1;CAVE;CLOU;CRYS;CSTL;EGGS;EVIL;FOOD;GLID;HEAD;MEGA;MOSS;PHRO;SCIE;SEVN;SNOW;SOAR;TMPL;WEED;WIZZ,0,,12,K0002;K0012;K0022;K0061;K0065;K0067;K0071;K0083;K0315;K0316;K0325;K0336,,,dictionary,cluster has 4 visual labels | common asset (likely generic name)
14.0,0x542a8850,1412073552,15,sprite,21,BOIL;BRG1;CAVE;CLOU;CRYS;CSTL;EGGS;EVIL;FOOD;GLID;HEAD;MEGA;MOSS;PHRO;SCIE;SEVN;SNOW;SOAR;TMPL;WEED;WIZZ,0,,6,K0002;K0007;K0061;K0063;K0131;K0311,,,dictionary,cluster has 2 visual labels | common asset (likely generic name)
14.0,0x56a1c2c0,1453441728,15,audio,1,GLEN,0,,0,,,,dictionary,single-level (vocab constrained)
14.0,0x60b9bcbd,1622785213,15,sprite,1,BRG1,1,C0049,2,K0134;K0217,,,dictionary,single-level (vocab constrained)
14.0,0x71030240,1896022592,15,audio,1,BRG1,0,,0,,,,dictionary,single-level (vocab constrained)
14.0,0x7622c165,1981989221,15,audio,1,GLEN,0,,1,K0218,,,dictionary,single-level (vocab constrained)
14.0,0x78d909e0,2027489760,15,sprite,1,SNOW,1,C0137,0,,,,dictionary,single-level (vocab constrained)
14.0,0x8139a088,2168037512,15,sprite,1,EGGS,1,C0228,1,K0204,,,dictionary,single-level (vocab constrained)
14.0,0x8c30008c,2351956108,15,sprite,1,BRG1,1,C0025,0,,,,dictionary,single-level (vocab constrained)
14.0,0x908254e5,2424460517,15,audio,1,PHRO,0,,0,,,,dictionary,single-level (vocab constrained)
14.0,0x9299c307,2459550471,15,sprite,1,MOSS,1,C0298,0,,,,dictionary,single-level (vocab constrained)
14.0,0x9c6584d2,2623898834,15,sprite,1,BRG1,0,,0,,,,dictionary,single-level (vocab constrained)
14.0,0xa116220c,2702582284,15,sprite,1,HEAD,0,,0,,,,dictionary,single-level (vocab constrained)
14.0,0xc89e9158,3365835096,15,sprite,1,EVIL,1,C0314,2,K0265;K0270,,,dictionary,single-level (vocab constrained)
14.0,0xd0b04444,3501212740,15,audio,1,FINN,0,,0,,,,dictionary,single-level (vocab constrained)
14.0,0xed209c94,3978337428,15,sprite,1,CSTL,0,,1,K0138,,,dictionary,single-level (vocab constrained)
14.0,0xf2810224,4068540964,15,audio,1,HEAD,1,C0123,0,,,,dictionary,single-level (vocab constrained)
14.0,0x0434ce72,70569586,16,audio,1,CLOU,0,,3,K0098;K0188;K0196,,,dictionary,single-level (vocab constrained)
14.0,0x082e03d8,137233368,16,sprite,1,EVIL,1,C0159,2,K0261;K0266,,,dictionary,single-level (vocab constrained)
14.0,0x08b9135c,146346844,16,sprite,1,GLEN,0,,0,,,,dictionary,single-level (vocab constrained)
14.0,0x10965446,278287430,16,audio,1,FOOD,0,,0,,,,dictionary,single-level (vocab constrained)
14.0,0x10b9181c,280565788,16,sprite,1,FINN,0,,6,K0000;K0048;K0149;K0226;K0252;K0276,,,dictionary,single-level (vocab constrained)
14.0,0x10b95a1c,280582684,16,sprite,1,FINN,0,,9,K0000;K0019;K0043;K0229;K0244;K0252;K0283;K0291;K0302,,,dictionary,single-level (vocab constrained)
14.0,0x10b95c1c,280583196,16,sprite,1,FINN,0,,8,K0000;K0048;K0150;K0226;K0255;K0287;K0295;K0301,,,dictionary,single-level (vocab constrained)
14.0,0x1e181d10,504896784,16,sprite,1,RUNN,1,C0242,0,,,,dictionary,single-level (vocab constrained)
14.0,0x212a9c2d,556440621,16,sprite,1,TMPL,2,C0059;C0060,0,,,,dictionary,single-level (vocab constrained)
14.0,0x302016c4,807409348,16,audio,1,HEAD,0,,1,K0124,,,dictionary,single-level (vocab constrained)
14.0,0x3a3a49b2,976898482,16,sprite,1,HEAD,1,C0148,0,,,,dictionary,single-level (vocab constrained)
14.0,0x407801dc,1081606620,16,sprite,1,GLEN,1,C0104,1,K0127,,,dictionary,single-level (vocab constrained)
14.0,0x421d1000,1109200896,16,audio,1,MENU,0,,0,,,,dictionary,single-level (vocab constrained)
14.0,0x422a0225,1110049317,16,sprite,1,CLOU,1,C0165,0,,,,dictionary,single-level (vocab constrained)
14.0,0x424d1840,1112348736,16,sprite,1,WIZZ,1,C0095,1,K0195,,,dictionary,single-level (vocab constrained)
14.0,0x51200640,1361053248,16,audio,1,FOOD,1,C0061,1,K0132,,,dictionary,single-level (vocab constrained)
14.0,0x52186e1c,1377332764,16,sprite,1,FOOD,1,C0066,0,,,,dictionary,single-level (vocab constrained)
14.0,0x60a91c9c,1621695644,16,sprite,1,BRG1,0,,2,K0056;K0133,,,dictionary,single-level (vocab constrained)
14.0,0x60aa1c9c,1621761180,16,sprite,1,BRG1,0,,2,K0057;K0133,,,dictionary,single-level (vocab constrained)
14.0,0x60b93cbd,1622752445,16,sprite,1,BRG1,1,C0049,1,K0217,,,dictionary,single-level (vocab constrained)
14.0,0x7623c165,1982054757,16,audio,1,GLEN,0,,1,K0218,,,dictionary,single-level (vocab constrained)
14.0,0xd4a094c0,3567293632,16,audio,1,FOOD,0,,0,,,,dictionary,single-level (vocab constrained)
14.0,0xd89c319a,3634114970,16,sprite,1,EVIL,1,C0313,2,K0091;K0265,,,dictionary,single-level (vocab constrained)
12.0,0x00388110,3703056,11,sprite,21,BOIL;BRG1;CAVE;CLOU;CRYS;CSTL;EGGS;EVIL;FOOD;GLID;HEAD;MEGA;MOSS;PHRO;SCIE;SEVN;SNOW;SOAR;TMPL;WEED;WIZZ,4,C0172;C0197;C0198;C0227,0,,,,exhaustive-floor+2,floor 11 (medium) | common asset (likely generic name)
12.0,0x00e49240,14979648,11,audio,22,BOIL;BRG1;CAVE;CLOU;CRYS;CSTL;EGGS;EVIL;FOOD;GLID;HEAD;MEGA;MOSS;PHRO;RUNN;SCIE;SEVN;SNOW;SOAR;TMPL;WEED;WIZZ,0,,0,,,,exhaustive-floor+2,floor 11 (medium) | common asset (likely generic name)
12.0,0x08208902,136349954,11,sprite,22,BOIL;BRG1;CAVE;CLOU;CRYS;CSTL;EGGS;EVIL;FOOD;GLID;HEAD;MEGA;MOSS;PHRO;RUNN;SCIE;SEVN;SNOW;SOAR;TMPL;WEED;WIZZ,2,C0207;C0239,0,,,,exhaustive-floor+2,floor 11 (medium) | common asset (likely generic name)
12.0,0x0a3a4051,171589713,11,sprite,21,BOIL;BRG1;CAVE;CLOU;CRYS;CSTL;EGGS;EVIL;FOOD;GLID;HEAD;MEGA;MOSS;PHRO;SCIE;SEVN;SNOW;SOAR;TMPL;WEED;WIZZ,1,C0208,0,,,,exhaustive-floor+2,floor 11 (medium) | common asset (likely generic name)
12.0,0x0e0ac230,235586096,11,sprite,21,BOIL;BRG1;CAVE;CLOU;CRYS;CSTL;EGGS;EVIL;FOOD;GLID;HEAD;MEGA;MOSS;PHRO;SCIE;SEVN;SNOW;SOAR;TMPL;WEED;WIZZ,1,C0209,0,,,,exhaustive-floor+2,floor 11 (medium) | common asset (likely generic name)
12.0,0x146ce002,342679554,11,audio,24,BOIL;BRG1;CAVE;CLOU;CRYS;CSTL;EGGS;EVIL;FOOD;GLEN;GLID;HEAD;KLOG;MEGA;MOSS;PHRO;RUNN;SCIE;SEVN;SNOW;SOAR;TMPL;WEED;WIZZ,4,C0168;C0235;C0246;C0251,0,,,,exhaustive-floor+2,floor 11 (medium) | common asset (likely generic name)
12.0,0x18298210,405373456,11,sprite,21,BOIL;BRG1;CAVE;CLOU;CRYS;CSTL;EGGS;EVIL;FOOD;GLID;HEAD;MEGA;MOSS;PHRO;SCIE;SEVN;SNOW;SOAR;TMPL;WEED;WIZZ,1,C0187,0,,,,exhaustive-floor+2,floor 11 (medium) | common asset (likely generic name)
12.0,0x1c3aa013,473604115,11,sprite,21,BOIL;BRG1;CAVE;CLOU;CRYS;CSTL;EGGS;EVIL;FOOD;GLID;HEAD;MEGA;MOSS;PHRO;SCIE;SEVN;SNOW;SOAR;TMPL;WEED;WIZZ,5,C0199;C0200;C0202;C0203;C0218,0,,,,exhaustive-floor+2,floor 11 (medium) | common asset (likely generic name)
12.0,0x1e089010,503877648,11,sprite,21,BOIL;BRG1;CAVE;CLOU;CRYS;CSTL;EGGS;EVIL;FOOD;GLID;HEAD;MEGA;MOSS;PHRO;SCIE;SEVN;SNOW;SOAR;TMPL;WEED;WIZZ,2,C0193;C0194,0,,,,exhaustive-floor+2,floor 11 (medium) | common asset (likely generic name)
12.0,0x3838801a,943226906,11,sprite,21,BOIL;BRG1;CAVE;CLOU;CRYS;CSTL;EGGS;EVIL;FOOD;GLID;HEAD;MEGA;MOSS;PHRO;SCIE;SEVN;SNOW;SOAR;TMPL;WEED;WIZZ,3,C0198;C0199;C0223,0,,,,exhaustive-floor+2,floor 11 (medium) | common asset (likely generic name)
12.0,0x4a60ca40,1247857216,11,audio,21,BOIL;BRG1;CAVE;CLOU;CRYS;CSTL;EGGS;EVIL;FOOD;GLID;HEAD;MEGA;MOSS;PHRO;SCIE;SEVN;SNOW;SOAR;TMPL;WEED;WIZZ,0,,0,,,,exhaustive-floor+2,floor 11 (medium) | common asset (likely generic name)
12.0,0x5860c640,1482737216,11,audio,21,BOIL;BRG1;CAVE;CLOU;CRYS;CSTL;EGGS;EVIL;FOOD;GLID;HEAD;MEGA;MOSS;PHRO;SCIE;SEVN;SNOW;SOAR;TMPL;WEED;WIZZ,2,C0165;C0290,0,,,,exhaustive-floor+2,floor 11 (medium) | common asset (likely generic name)
12.0,0x88a28194,2292351380,11,sprite,26,BOIL;BRG1;CAVE;CLOU;CRYS;CSTL;EGGS;EVIL;FINN;FOOD;GLEN;GLID;HEAD;KLOG;MEGA;MENU;MOSS;PHRO;RUNN;SCIE;SEVN;SNOW;SOAR;TMPL;WEED;WIZZ,2,C0004;C0027,0,,,,exhaustive-floor+2,floor 11 (medium) | common asset (likely generic name)
12.0,0x01a5b0d3,27635923,12,audio,22,BOIL;BRG1;CAVE;CLOU;CRYS;CSTL;EGGS;EVIL;FOOD;GLID;HEAD;MEGA;MOSS;PHRO;RUNN;SCIE;SEVN;SNOW;SOAR;TMPL;WEED;WIZZ,1,C0079,0,,,,dictionary,floor 12 (medium) | common asset (likely generic name)
12.0,0x1a28c11a,438878490,12,sprite,21,BOIL;BRG1;CAVE;CLOU;CRYS;CSTL;EGGS;EVIL;FOOD;GLID;HEAD;MEGA;MOSS;PHRO;SCIE;SEVN;SNOW;SOAR;TMPL;WEED;WIZZ,1,C0211,0,,,,dictionary,floor 12 (medium) | common asset (likely generic name)
12.0,0x44d4c8d8,1154795736,12,audio,21,BOIL;BRG1;CAVE;CLOU;CRYS;CSTL;EGGS;EVIL;FOOD;GLID;HEAD;MEGA;MOSS;PHRO;SCIE;SEVN;SNOW;SOAR;TMPL;WEED;WIZZ,2,C0068;C0290,0,,,,dictionary,floor 12 (medium) | common asset (likely generic name)
12.0,0x50f08207,1357939207,12,audio,21,BOIL;BRG1;CAVE;CLOU;CRYS;CSTL;EGGS;EVIL;FOOD;GLID;HEAD;MEGA;MOSS;PHRO;SCIE;SEVN;SNOW;SOAR;TMPL;WEED;WIZZ,3,C0179;C0180;C0181,0,,,,dictionary,floor 12 (medium) | common asset (likely generic name)
12.0,0x5900c41e,1493222430,12,sprite,21,BOIL;BRG1;CAVE;CLOU;CRYS;CSTL;EGGS;EVIL;FOOD;GLID;HEAD;MEGA;MOSS;PHRO;SCIE;SEVN;SNOW;SOAR;TMPL;WEED;WIZZ,2,C0184;C0185,0,,,,dictionary,floor 12 (medium) | common asset (likely generic name)
12.0,0xe8628689,3898771081,12,sprite,26,BOIL;BRG1;CAVE;CLOU;CRYS;CSTL;EGGS;EVIL;FINN;FOOD;GLEN;GLID;HEAD;KLOG;MEGA;MENU;MOSS;PHRO;RUNN;SCIE;SEVN;SNOW;SOAR;TMPL;WEED;WIZZ,2,C0004;C0007,0,,,,dictionary,floor 12 (medium) | common asset (likely generic name)
12.0,0x1cf99931,486119729,13,sprite,21,BOIL;BRG1;CAVE;CLOU;CRYS;CSTL;EGGS;EVIL;FOOD;GLID;HEAD;MEGA;MOSS;PHRO;SCIE;SEVN;SNOW;SOAR;TMPL;WEED;WIZZ,0,,1,K0053,,,dictionary,floor 13 (medium) | common asset (likely generic name)
12.0,0x23683294,594031252,13,sprite,22,BOIL;BRG1;CAVE;CLOU;CRYS;CSTL;EGGS;EVIL;FOOD;GLID;HEAD;MEGA;MOSS;PHRO;RUNN;SCIE;SEVN;SNOW;SOAR;TMPL;WEED;WIZZ,0,,0,,,,dictionary,floor 13 (medium) | common asset (likely generic name)
12.0,0x292e8480,690914432,13,sprite,21,BOIL;BRG1;CAVE;CLOU;CRYS;CSTL;EGGS;EVIL;FOOD;GLID;HEAD;MEGA;MOSS;PHRO;SCIE;SEVN;SNOW;SOAR;TMPL;WEED;WIZZ,2,C0186;C0188,0,,,,dictionary,floor 13 (medium) | common asset (likely generic name)
12.0,0x4428c941,1143523649,13,audio,21,BOIL;BRG1;CAVE;CLOU;CRYS;CSTL;EGGS;EVIL;FOOD;GLID;HEAD;MEGA;MOSS;PHRO;SCIE;SEVN;SNOW;SOAR;TMPL;WEED;WIZZ,0,,0,,,,dictionary,floor 13 (medium) | common asset (likely generic name)
12.0,0x70d006d8,1892681432,13,audio,21,BOIL;BRG1;CAVE;CLOU;CRYS;CSTL;EGGS;EVIL;FOOD;GLID;HEAD;MEGA;MOSS;PHRO;SCIE;SEVN;SNOW;SOAR;TMPL;WEED;WIZZ,2,C0193;C0290,0,,,,dictionary,floor 13 (medium) | common asset (likely generic name)
12.0,0xb868d0c6,3093876934,13,sprite,23,BOIL;BRG1;CAVE;CLOU;CRYS;CSTL;EGGS;EVIL;FOOD;GLEN;GLID;HEAD;MEGA;MOSS;PHRO;RUNN;SCIE;SEVN;SNOW;SOAR;TMPL;WEED;WIZZ,3,C0168;C0235;C0246,1,K0037,,,dictionary,floor 13 (medium) | common asset (likely generic name)
12.0,0xb8700ca1,3094351009,13,sprite,26,BOIL;BRG1;CAVE;CLOU;CRYS;CSTL;EGGS;EVIL;FINN;FOOD;GLEN;GLID;HEAD;KLOG;MEGA;MENU;MOSS;PHRO;RUNN;SCIE;SEVN;SNOW;SOAR;TMPL;WEED;WIZZ,5,C0004;C0009;C0012;C0070;C0280,0,,,,dictionary,floor 13 (medium) | common asset (likely generic name)
10.0,0x61581a0c,1633163788,16,sprite,8,BOIL;BRG1;CRYS;MOSS;SCIE;SNOW;SOAR;TMPL,0,,2,K0024;K0174,,,dictionary,cluster has 1 visual labels
9.0,0x022e3442,36582466,17,sprite,1,WIZZ,1,C0093,1,K0192,,,dictionary,high floor 17 (long name) | single-level (vocab constrained)
9.0,0x06101db0,101719472,17,sprite,1,HEAD,1,C0118,2,K0208;K0212,,,dictionary,high floor 17 (long name) | single-level (vocab constrained)
9.0,0x0b081dbb,185081275,17,sprite,1,HEAD,1,C0124,1,K0120,,,dictionary,high floor 17 (long name) | single-level (vocab constrained)
9.0,0x1a3109b2,439421362,17,sprite,1,HEAD,1,C0122,0,,,,dictionary,high floor 17 (long name) | single-level (vocab constrained)
9.0,0x43234444,1126384708,17,audio,1,GLEN,0,,0,,,,dictionary,high floor 17 (long name) | single-level (vocab constrained)
9.0,0x53af8200,1404011008,17,sprite,21,BOIL;BRG1;CAVE;CLOU;CRYS;CSTL;EGGS;EVIL;FOOD;GLID;HEAD;MEGA;MOSS;PHRO;SCIE;SEVN;SNOW;SOAR;TMPL;WEED;WIZZ,0,,11,K0002;K0007;K0023;K0026;K0059;K0079;K0310;K0320;K0321;K0333;K0334,,,dictionary,high floor 17 (long name) | cluster has 5 visual labels | common asset (likely generic name)
9.0,0x603588e8,1614121192,17,audio,1,HEAD,2,C0121;C0123,0,,,,dictionary,high floor 17 (long name) | single-level (vocab constrained)
9.0,0x61a91c9c,1638472860,17,sprite,1,BRG1,0,,2,K0056;K0300,,,dictionary,high floor 17 (long name) | single-level (vocab constrained)
9.0,0x62aa1c9c,1655315612,17,sprite,1,BRG1,0,,2,K0057;K0300,,,dictionary,high floor 17 (long name) | single-level (vocab constrained)
9.0,0x662096e9,1713411817,17,audio,1,HEAD,0,,0,,,,dictionary,high floor 17 (long name) | single-level (vocab constrained)
9.0,0x9b2204a0,2602697888,17,sprite,1,BOIL,1,C0076,0,,,,dictionary,high floor 17 (long name) | single-level (vocab constrained)
9.0,0xa9387d8c,2839051660,17,sprite,1,CLOU,0,,1,K0142,,,dictionary,high floor 17 (long name) | single-level (vocab constrained)
9.0,0xb69c8356,3063710550,17,sprite,1,CSTL,1,C0310,2,K0090;K0264,,,dictionary,high floor 17 (long name) | single-level (vocab constrained)
9.0,0xd4865c40,3565575232,17,audio,1,GLID,0,,0,,,,dictionary,high floor 17 (long name) | single-level (vocab constrained)
9.0,0xf033a1e9,4029915625,17,audio,1,HEAD,1,C0120,1,K0144,,,dictionary,high floor 17 (long name) | single-level (vocab constrained)
9.0,0xfb260440,4213572672,17,sprite,1,BOIL,0,,0,,,,dictionary,high floor 17 (long name) | single-level (vocab constrained)
9.0,0x0538a2ea,87597802,18,sprite,1,EGGS,1,C0228,1,K0201,,,dictionary,high floor 18 (long name) | single-level (vocab constrained)
9.0,0x0e3889be,238586302,18,sprite,1,HEAD,1,C0123,0,,,,dictionary,high floor 18 (long name) | single-level (vocab constrained)
9.0,0x323ac9be,842713534,18,sprite,1,HEAD,1,C0150,0,,,,dictionary,high floor 18 (long name) | single-level (vocab constrained)
9.0,0x518b11b2,1368068530,18,sprite,1,FOOD,1,C0136,0,,,,dictionary,high floor 18 (long name) | single-level (vocab constrained)
9.0,0x883d14b4,2285704372,18,sprite,1,WIZZ,0,,1,K0193,,,dictionary,high floor 18 (long name) | single-level (vocab constrained)
9.0,0x8a3809f2,2318928370,18,sprite,1,HEAD,0,,0,,,,dictionary,high floor 18 (long name) | single-level (vocab constrained)
9.0,0xd70880a4,3607658660,18,sprite,1,EGGS,1,C0228,1,K0203,,,dictionary,high floor 18 (long name) | single-level (vocab constrained)
9.0,0x0b290ba2,187239330,19,sprite,1,HEAD,2,C0121;C0123,2,K0208;K0272,,,dictionary,high floor 19 (long name) | single-level (vocab constrained)
9.0,0xc9387d8c,3375922572,19,sprite,1,CLOU,0,,1,K0142,,,dictionary,high floor 19 (long name) | single-level (vocab constrained)
9.0,0xd68e3c40,3599645760,19,audio,1,WEED,0,,0,,,,dictionary,high floor 19 (long name) | single-level (vocab constrained)
9.0,0xf03391e9,4029911529,19,audio,1,HEAD,1,C0120,1,K0144,,,dictionary,high floor 19 (long name) | single-level (vocab constrained)
9.0,0xca223f46,3391242054,20,audio,1,TMPL,0,,0,,,,dictionary,high floor 20 (long name) | single-level (vocab constrained)
9.0,0x35289fae,891854766,22,sprite,1,TMPL,1,C0058,0,,,,dictionary,high floor 22 (long name) | single-level (vocab constrained)
8.0,0x00ce0610,13501968,11,sprite,4,CSTL;FOOD;SEVN;TMPL,0,,4,K0004;K0046;K0145;K0178,,,exhaustive-floor+2,floor 11 (medium)
8.0,0x0408c01e,67682334,11,sprite,4,EVIL;FOOD;MOSS;SOAR,0,,1,K0114,,,exhaustive-floor+2,floor 11 (medium)
8.0,0x06e0a824,115386404,11,audio,6,CAVE;CSTL;EGGS;EVIL;SCIE;WEED,1,C0227,0,,,,exhaustive-floor+2,floor 11 (medium)
8.0,0x09ce0610,164496912,11,sprite,4,CSTL;FOOD;SEVN;TMPL,0,,6,K0004;K0047;K0145;K0179;K0222;K0249,,,exhaustive-floor+2,floor 11 (medium)
8.0,0x0ace0610,181274128,11,sprite,4,CSTL;FOOD;SEVN;TMPL,0,,5,K0004;K0046;K0147;K0180;K0223,,,exhaustive-floor+2,floor 11 (medium)
8.0,0x0cce0610,214828560,11,sprite,4,CSTL;FOOD;SEVN;TMPL,0,,4,K0004;K0047;K0148;K0181,,,exhaustive-floor+2,floor 11 (medium)
8.0,0x1828e640,405333568,11,audio,11,BRG1;CAVE;CRYS;CSTL;EGGS;EVIL;FOOD;MEGA;PHRO;SCIE;TMPL,0,,4,K0092;K0101;K0106;K0111,,,exhaustive-floor+2,floor 11 (medium)
8.0,0x18ce0610,416155152,11,sprite,4,CSTL;FOOD;SEVN;TMPL,0,,4,K0004;K0047;K0147;K0222,,,exhaustive-floor+2,floor 11 (medium)
8.0,0x392cb014,959229972,11,sprite,19,BOIL;BRG1;CAVE;CLOU;CRYS;CSTL;EGGS;EVIL;FOOD;GLID;HEAD;MEGA;MOSS;SEVN;SNOW;SOAR;TMPL;WEED;WIZZ,1,C0225,0,,,,exhaustive-floor+2,floor 11 (medium)
8.0,0x40c0d0e4,1086378212,11,audio,4,CAVE;EGGS;GLID;WEED,0,,0,,,,exhaustive-floor+2,floor 11 (medium)
8.0,0x4260c8b5,1113639093,11,sprite,12,BOIL;CRYS;FOOD;HEAD;MEGA;PHRO;SCIE;SEVN;SNOW;TMPL;WEED;WIZZ,0,,0,,,,exhaustive-floor+2,floor 11 (medium)
8.0,0x48608484,1214284932,11,sprite,12,BOIL;CRYS;FOOD;HEAD;MEGA;PHRO;SCIE;SEVN;SNOW;TMPL;WEED;WIZZ,0,,0,,,,exhaustive-floor+2,floor 11 (medium)
8.0,0x5d40a249,1564516937,11,audio,7,BOIL;BRG1;FOOD;MEGA;PHRO;SCIE;SNOW,0,,0,,,,exhaustive-floor+2,floor 11 (medium)
8.0,0x82886816,2189977622,11,sprite,10,BOIL;CAVE;CRYS;CSTL;EGGS;GLID;MOSS;SEVN;SNOW;WEED,1,C0154,0,,,,exhaustive-floor+2,floor 11 (medium)
8.0,0xf8494814,4165552148,11,sprite,4,CAVE;EGGS;GLID;WEED,0,,0,,,,exhaustive-floor+2,floor 11 (medium)
8.0,0x000ac607,706055,12,sprite,20,BOIL;BRG1;CAVE;CLOU;CRYS;CSTL;EGGS;EVIL;FINN;FOOD;GLID;MOSS;PHRO;RUNN;SCIE;SEVN;SNOW;SOAR;TMPL;WEED,0,,0,,,,dictionary,floor 12 (medium)
8.0,0x08814c64,142691428,12,sprite,13,BRG1;CAVE;CLOU;CRYS;CSTL;EGGS;EVIL;GLID;MOSS;SEVN;SOAR;WEED;WIZZ,1,C0170,0,,,,dictionary,floor 12 (medium)
8.0,0x09406d8a,155217290,12,sprite,16,BOIL;BRG1;CAVE;CLOU;CRYS;CSTL;EGGS;EVIL;FOOD;GLID;MOSS;PHRO;SCIE;SNOW;TMPL;WEED,1,C0014,0,,,,dictionary,floor 12 (medium)
8.0,0x1c8c2437,478946359,12,sprite,10,CLOU;CRYS;CSTL;EGGS;EVIL;MOSS;SEVN;SOAR;WEED;WIZZ,1,C0222,0,,,,dictionary,floor 12 (medium)
8.0,0x1e28e0d4,505995476,12,sprite,17,BOIL;BRG1;CAVE;CLOU;CRYS;CSTL;EGGS;EVIL;FOOD;GLID;HEAD;MOSS;SEVN;SNOW;SOAR;WEED;WIZZ,3,C0166;C0167;C0205,0,,,,dictionary,floor 12 (medium)
8.0,0x22a4aa42,581216834,12,audio,5,BRG1;CAVE;CRYS;SNOW;SOAR,0,,0,,,,dictionary,floor 12 (medium)
8.0,0x3a186940,974678336,12,sprite,4,CAVE;EGGS;GLID;WEED,0,,1,K0125,,,dictionary,floor 12 (medium)
8.0,0x3a186980,974678400,12,sprite,4,CAVE;EGGS;GLID;WEED,0,,1,K0125,,,dictionary,floor 12 (medium)
8.0,0x42906465,1116759141,12,audio,18,BOIL;BRG1;CAVE;CLOU;CRYS;CSTL;EGGS;FOOD;GLID;MENU;MOSS;PHRO;RUNN;SCIE;SNOW;SOAR;TMPL;WEED,2,C0030;C0277,0,,,,dictionary,floor 12 (medium)
8.0,0x4348b052,1128837202,12,audio,10,BOIL;CAVE;CRYS;CSTL;EGGS;GLID;MOSS;SEVN;SNOW;WEED,0,,0,,,,dictionary,floor 12 (medium)
8.0,0x54608016,1415610390,12,sprite,10,BOIL;CAVE;EVIL;FOOD;HEAD;MEGA;PHRO;SCIE;SNOW;TMPL,0,,0,,,,dictionary,floor 12 (medium)
8.0,0x80729081,2154991745,12,sprite,6,BRG1;GLID;SCIE;SNOW;TMPL;WEED,1,C0073,0,,,,dictionary,floor 12 (medium)
8.0,0x880161a7,2281791911,12,sprite,16,BOIL;BRG1;CAVE;CLOU;CRYS;CSTL;EGGS;EVIL;FOOD;GLID;MOSS;PHRO;SCIE;SNOW;TMPL;WEED,0,,0,,,,dictionary,floor 12 (medium)
8.0,0x8a7ce022,2323439650,12,sprite,4,GLID;SCIE;SOAR;TMPL,0,,0,,,,dictionary,floor 12 (medium)
8.0,0x980861a3,2550686115,12,sprite,16,BOIL;BRG1;CAVE;CLOU;CRYS;CSTL;EGGS;EVIL;FOOD;GLID;MOSS;PHRO;SCIE;SNOW;TMPL;WEED,0,,0,,,,dictionary,floor 12 (medium)
8.0,0x9d406340,2638242624,12,audio,12,BOIL;CRYS;FOOD;HEAD;MEGA;PHRO;SCIE;SEVN;SNOW;TMPL;WEED;WIZZ,0,,0,,,,dictionary,floor 12 (medium)
8.0,0xa9228088,2837610632,12,sprite,5,BRG1;CAVE;CRYS;SNOW;SOAR,0,,0,,,,dictionary,floor 12 (medium)
8.0,0xba094800,3121170432,12,sprite,4,CAVE;EGGS;GLID;WEED,0,,0,,,,dictionary,floor 12 (medium)
8.0,0xf936c015,4181114901,12,sprite,10,BOIL;CAVE;EVIL;FOOD;HEAD;MEGA;PHRO;SCIE;SNOW;TMPL,0,,0,,,,dictionary,floor 12 (medium)
8.0,0x001822d8,1581784,13,audio,11,BRG1;CAVE;CRYS;CSTL;EGGS;EVIL;FOOD;MEGA;PHRO;SCIE;TMPL,0,,4,K0092;K0097;K0102;K0108,,,dictionary,floor 13 (medium)
8.0,0x02847462,42234978,13,audio,16,BRG1;CAVE;CLOU;CRYS;CSTL;EGGS;EVIL;FOOD;GLID;MOSS;PHRO;SCIE;SNOW;SOAR;TMPL;WEED,1,C0008,0,,,,dictionary,floor 13 (medium)
8.0,0x0428801e,69763102,13,sprite,4,EVIL;FOOD;MOSS;SOAR,0,,1,K0114,,,dictionary,floor 13 (medium)
8.0,0x093080c8,154173640,13,sprite,5,BRG1;CAVE;CRYS;SNOW;SOAR,1,C0034,0,,,,dictionary,floor 13 (medium)
8.0,0x1e1000b3,504365235,13,sprite,19,BOIL;BRG1;CAVE;CLOU;CRYS;CSTL;EGGS;EVIL;FOOD;GLID;HEAD;MEGA;MOSS;SEVN;SNOW;SOAR;TMPL;WEED;WIZZ,3,C0220;C0226;C0229,0,,,,dictionary,floor 13 (medium)
8.0,0x50008340,1342210880,13,audio,19,BOIL;BRG1;CAVE;CLOU;CRYS;CSTL;EGGS;EVIL;FOOD;GLID;HEAD;MEGA;MOSS;SEVN;SNOW;SOAR;TMPL;WEED;WIZZ,0,,0,,,,dictionary,floor 13 (medium)
8.0,0x5a204c30,1512066096,13,sprite,7,BOIL;FOOD;HEAD;MEGA;PHRO;SCIE;SNOW,0,,0,,,,dictionary,floor 13 (medium)
8.0,0x7c108242,2081456706,13,audio,4,EVIL;FOOD;MOSS;SOAR,0,,1,K0140,,,dictionary,floor 13 (medium)
8.0,0x8b7ce0b2,2340217010,13,sprite,4,GLID;SCIE;SOAR;TMPL,0,,0,,,,dictionary,floor 13 (medium)
8.0,0x91106183,2433769859,13,sprite,16,BOIL;BRG1;CAVE;CLOU;CRYS;CSTL;EGGS;EVIL;FOOD;GLID;MOSS;PHRO;SCIE;SNOW;TMPL;WEED,0,,0,,,,dictionary,floor 13 (medium)
8.0,0x93043811,2466527249,13,sprite,9,BOIL;CAVE;CSTL;EGGS;GLID;MOSS;SEVN;SNOW;WEED,1,C0299,2,K0086;K0263,,,dictionary,floor 13 (medium)
8.0,0x98f8221e,2566398494,13,sprite,16,BOIL;CAVE;CRYS;CSTL;EGGS;FOOD;GLID;HEAD;MEGA;MOSS;PHRO;SCIE;SEVN;SNOW;TMPL;WEED,3,C0295;C0302;C0305,2,K0089;K0262,,,dictionary,floor 13 (medium)
8.0,0x9940bb40,2571156288,13,audio,12,BOIL;CRYS;FOOD;HEAD;MEGA;PHRO;SCIE;SEVN;SNOW;TMPL;WEED;WIZZ,0,,0,,,,dictionary,floor 13 (medium)
8.0,0xc0608a40,3227552320,13,audio,19,BOIL;BRG1;CAVE;CLOU;CRYS;CSTL;EGGS;EVIL;FOOD;GLID;HEAD;MEGA;MOSS;SEVN;SNOW;SOAR;TMPL;WEED;WIZZ,0,,0,,,,dictionary,floor 13 (medium)
8.0,0xc87ca082,3363610754,13,sprite,4,GLID;SCIE;SOAR;TMPL,1,C0010,0,,,,dictionary,floor 13 (medium)
8.0,0xd0a5f094,3500535956,13,sprite,4,GLID;SCIE;SOAR;TMPL,0,,0,,,,dictionary,floor 13 (medium)
8.0,0xe0880448,3767010376,13,audio,14,BOIL;BRG1;CAVE;CRYS;CSTL;EGGS;EVIL;FOOD;GLID;MOSS;PHRO;SCIE;SNOW;TMPL,1,C0166,0,,,,dictionary,floor 13 (medium)
8.0,0xfa20cd14,4196453652,13,sprite,10,BOIL;CSTL;FOOD;HEAD;MEGA;MOSS;PHRO;SCIE;SNOW;TMPL,0,,0,,,,dictionary,floor 13 (medium)
8.0,0x003c0171,3932529,14,type500,0,,0,,0,,,,dictionary,only 0 levels (vocab somewhat constrained)
8.0,0x012484d2,19170514,14,audio,2,BRG1;SOAR,0,,3,K0104;K0183;K0188,,,dictionary,only 2 levels (vocab somewhat constrained)
8.0,0x024e981c,38705180,14,sprite,3,BOIL;CLOU;MOSS,0,,2,K0105;K0113,,,dictionary,only 3 levels (vocab somewhat constrained)
8.0,0x1546b710,356955920,14,audio,2,PHRO;SCIE,0,,0,,,,dictionary,only 2 levels (vocab somewhat constrained)
8.0,0x222d9098,573411480,14,sprite,2,EVIL;SCIE,1,C0071,0,,,,dictionary,only 2 levels (vocab somewhat constrained)
8.0,0x302010c4,807407812,14,audio,3,BRG1;PHRO;TMPL,0,,1,K0124,,,dictionary,only 3 levels (vocab somewhat constrained)
8.0,0x31190002,823721986,14,type700,0,,0,,0,,,,dictionary,only 0 levels (vocab somewhat constrained)
8.0,0x400c9a1d,1074567709,14,sprite,2,PHRO;SCIE,1,C0068,2,K0031;K0049,,,dictionary,only 2 levels (vocab somewhat constrained)
8.0,0x410800f9,1091043577,14,sprite,2,FOOD;TMPL,1,C0141,2,K0055;K0128,,,dictionary,only 2 levels (vocab somewhat constrained)
8.0,0x44d6c8cd,1154926797,14,audio,2,BRG1;SOAR,0,,3,K0107;K0184;K0189,,,dictionary,only 2 levels (vocab somewhat constrained)
8.0,0x502840c3,1344815299,14,audio,2,HEAD;MEGA,0,,0,,,,dictionary,only 2 levels (vocab somewhat constrained)
8.0,0x60b8bc9c,1622719644,14,sprite,3,BRG1;PHRO;TMPL,1,C0047,0,,,,dictionary,only 3 levels (vocab somewhat constrained)
8.0,0x61200640,1629488704,14,audio,2,FOOD;SNOW,1,C0050,1,K0132,,,dictionary,only 2 levels (vocab somewhat constrained)
8.0,0x815900d0,2170093776,14,sprite,2,EVIL;SCIE,1,C0153,0,,,,dictionary,only 2 levels (vocab somewhat constrained)
8.0,0x8b603980,2338339200,14,sprite,3,EVIL;GLEN;SCIE,3,C0072;C0099;C0100,0,,,,dictionary,only 3 levels (vocab somewhat constrained)
8.0,0xc8830661,3364030049,14,audio,2,BRG1;SOAR,1,C0082,0,,,,dictionary,only 2 levels (vocab somewhat constrained)
8.0,0xd167c005,3513237509,14,sprite,2,PHRO;SCIE,0,,0,,,,dictionary,only 2 levels (vocab somewhat constrained)
8.0,0x006e0046,7209030,15,type500,0,,0,,1,K0119,,,dictionary,only 0 levels (vocab somewhat constrained)
8.0,0x00ae0046,11403334,15,type500,0,,0,,1,K0119,,,dictionary,only 0 levels (vocab somewhat constrained)
8.0,0x0478a37a,75015034,15,audio,3,BOIL;CSTL;TMPL,0,,3,K0109;K0182;K0197,,,dictionary,only 3 levels (vocab somewhat constrained)
8.0,0x082c0536,137102646,15,sprite,2,EVIL;SCIE,1,C0072,0,,,,dictionary,only 2 levels (vocab somewhat constrained)
8.0,0x21229c5c,555916380,15,sprite,2,FOOD;SNOW,1,C0055,0,,,,dictionary,only 2 levels (vocab somewhat constrained)
8.0,0x21a81d54,564665684,15,sprite,2,FOOD;SNOW,2,C0052;C0054,0,,,,dictionary,only 2 levels (vocab somewhat constrained)
8.0,0x2222b64a,572700234,15,audio,2,CSTL;MOSS,0,,0,,,,dictionary,only 2 levels (vocab somewhat constrained)
8.0,0x40098a60,1074367072,15,sprite,2,FOOD;TMPL,1,C0143,0,,,,dictionary,only 2 levels (vocab somewhat constrained)
8.0,0x410808f9,1091045625,15,sprite,2,FOOD;TMPL,1,C0140,1,K0055,,,dictionary,only 2 levels (vocab somewhat constrained)
8.0,0x4e05b540,1308996928,15,anim,0,,0,,1,K0195,,,dictionary,only 0 levels (vocab somewhat constrained)
8.0,0x5870c6e8,1483785960,15,audio,2,BRG1;SOAR,0,,4,K0095;K0106;K0186;K0191,,,dictionary,only 2 levels (vocab somewhat constrained)
8.0,0x60b98cbd,1622772925,15,sprite,3,BRG1;PHRO;TMPL,1,C0045,1,K0134,,,dictionary,only 3 levels (vocab somewhat constrained)
8.0,0x611c5804,1629247492,15,sprite,2,PHRO;SCIE,1,C0069,0,,,,dictionary,only 2 levels (vocab somewhat constrained)
8.0,0x8508000a,2231894026,15,sprite,3,EVIL;FINN;RUNN,0,,0,,,,dictionary,only 3 levels (vocab somewhat constrained)
8.0,0xc2820c70,3263302768,15,audio,3,EGGS;GLID;WEED,0,,0,,,,dictionary,only 3 levels (vocab somewhat constrained)
8.0,0xd0cc5442,3503051842,15,audio,2,HEAD;SOAR,0,,0,,,,dictionary,only 2 levels (vocab somewhat constrained)
8.0,0xe4834384,3833807748,15,sprite,3,BRG1;PHRO;SOAR,0,,0,,,,dictionary,only 3 levels (vocab somewhat constrained)
8.0,0x000f0106,983302,16,type500,0,,0,,0,,,,dictionary,only 0 levels (vocab somewhat constrained)
8.0,0x20211e5f,539041375,16,sprite,2,FOOD;SNOW,1,C0057,0,,,,dictionary,only 2 levels (vocab somewhat constrained)
8.0,0x410818f9,1091049721,16,sprite,2,FOOD;TMPL,1,C0139,2,K0055;K0128,,,dictionary,only 2 levels (vocab somewhat constrained)
8.0,0x5024100c,1344540684,16,type700,0,,0,,0,,,,dictionary,only 0 levels (vocab somewhat constrained)
8.0,0x74182b40,1947740992,16,audio,2,FOOD;TMPL,0,,0,,,,dictionary,only 2 levels (vocab somewhat constrained)
8.0,0xa0299a4d,2687081037,16,sprite,2,FOOD;SNOW,0,,0,,,,dictionary,only 2 levels (vocab somewhat constrained)
8.0,0xb12c0854,2972452948,16,sprite,3,EGGS;GLID;WEED,0,,0,,,,dictionary,only 3 levels (vocab somewhat constrained)
8.0,0xb6c35cc0,3066256576,16,audio,2,PHRO;RUNN,0,,0,,,,dictionary,only 2 levels (vocab somewhat constrained)
8.0,0xd305d045,3540373573,16,sprite,2,PHRO;SCIE,1,C0185,0,,,,dictionary,only 2 levels (vocab somewhat constrained)
6.0,0x00248e52,2395730,14,audio,21,BOIL;BRG1;CAVE;CLOU;CRYS;CSTL;EGGS;EVIL;FOOD;GLID;HEAD;MEGA;MOSS;PHRO;SCIE;SEVN;SNOW;SOAR;TMPL;WEED;WIZZ,3,C0162;C0192;C0290,0,,,,dictionary,common asset (likely generic name)
6.0,0x092b8480,153846912,14,sprite,21,BOIL;BRG1;CAVE;CLOU;CRYS;CSTL;EGGS;EVIL;FOOD;GLID;HEAD;MEGA;MOSS;PHRO;SCIE;SEVN;SNOW;SOAR;TMPL;WEED;WIZZ,3,C0162;C0189;C0192,0,,,,dictionary,common asset (likely generic name)
6.0,0x1df99931,502896945,14,sprite,21,BOIL;BRG1;CAVE;CLOU;CRYS;CSTL;EGGS;EVIL;FOOD;GLID;HEAD;MEGA;MOSS;PHRO;SCIE;SEVN;SNOW;SOAR;TMPL;WEED;WIZZ,0,,2,K0053;K0121,,,dictionary,common asset (likely generic name)
6.0,0x1ef99931,519674161,14,sprite,21,BOIL;BRG1;CAVE;CLOU;CRYS;CSTL;EGGS;EVIL;FOOD;GLID;HEAD;MEGA;MOSS;PHRO;SCIE;SEVN;SNOW;SOAR;TMPL;WEED;WIZZ,1,C0201,2,K0053;K0121,,,dictionary,common asset (likely generic name)
6.0,0x246166fa,610363130,14,audio,21,BOIL;BRG1;CAVE;CLOU;CRYS;CSTL;EGGS;EVIL;FOOD;GLID;HEAD;MEGA;MOSS;PHRO;SCIE;SEVN;SNOW;SOAR;TMPL;WEED;WIZZ,1,C0290,0,,,,dictionary,common asset (likely generic name)
6.0,0x3d348056,1026850902,14,sprite,24,BOIL;BRG1;CAVE;CLOU;CRYS;CSTL;EGGS;EVIL;FOOD;GLEN;GLID;HEAD;KLOG;MEGA;MOSS;PHRO;RUNN;SCIE;SEVN;SNOW;SOAR;TMPL;WEED;WIZZ,5,C0163;C0168;C0235;C0246;C0251,0,,,,dictionary,common asset (likely generic name)
6.0,0x40e9a362,1089053538,14,audio,21,BOIL;BRG1;CAVE;CLOU;CRYS;CSTL;EGGS;EVIL;FOOD;GLID;HEAD;MEGA;MOSS;PHRO;SCIE;SEVN;SNOW;SOAR;TMPL;WEED;WIZZ,0,,0,,,,dictionary,common asset (likely generic name)
6.0,0x49289c14,1227398164,14,sprite,21,BOIL;BRG1;CAVE;CLOU;CRYS;CSTL;EGGS;EVIL;FOOD;GLID;HEAD;MEGA;MOSS;PHRO;SCIE;SEVN;SNOW;SOAR;TMPL;WEED;WIZZ,1,C0164,0,,,,dictionary,common asset (likely generic name)
6.0,0x8d01c734,2365703988,14,sprite,21,BOIL;BRG1;CAVE;CLOU;CRYS;CSTL;EGGS;EVIL;FOOD;GLID;HEAD;MEGA;MOSS;PHRO;SCIE;SEVN;SNOW;SOAR;TMPL;WEED;WIZZ,0,,0,,,,dictionary,common asset (likely generic name)
6.0,0xa9240484,2837709956,14,sprite,26,BOIL;BRG1;CAVE;CLOU;CRYS;CSTL;EGGS;EVIL;FINN;FOOD;GLEN;GLID;HEAD;KLOG;MEGA;MENU;MOSS;PHRO;RUNN;SCIE;SEVN;SNOW;SOAR;TMPL;WEED;WIZZ,3,C0004;C0015;C0019,0,,,,dictionary,common asset (likely generic name)
6.0,0x1a2ab594,439006612,15,sprite,22,BOIL;BRG1;CAVE;CLOU;CRYS;CSTL;EGGS;EVIL;FOOD;GLID;HEAD;MEGA;MOSS;PHRO;RUNN;SCIE;SEVN;SNOW;SOAR;TMPL;WEED;WIZZ,1,C0080,0,,,,dictionary,common asset (likely generic name)
6.0,0x1b301085,456134789,15,sprite,23,BOIL;BRG1;CAVE;CLOU;CRYS;CSTL;EGGS;EVIL;FOOD;GLEN;GLID;HEAD;MEGA;MOSS;PHRO;RUNN;SCIE;SEVN;SNOW;SOAR;TMPL;WEED;WIZZ,4,C0206;C0234;C0242;C0245,0,,,,dictionary,common asset (likely generic name)
6.0,0x393c80c2,960266434,15,sprite,21,BOIL;BRG1;CAVE;CLOU;CRYS;CSTL;EGGS;EVIL;FOOD;GLID;HEAD;MEGA;MOSS;PHRO;SCIE;SEVN;SNOW;SOAR;TMPL;WEED;WIZZ,2,C0204;C0212,0,,,,dictionary,common asset (likely generic name)
6.0,0x646c2cc0,1684810944,15,audio,26,BOIL;BRG1;CAVE;CLOU;CRYS;CSTL;EGGS;EVIL;FINN;FOOD;GLEN;GLID;HEAD;KLOG;MEGA;MENU;MOSS;PHRO;RUNN;SCIE;SEVN;SNOW;SOAR;TMPL;WEED;WIZZ,2,C0005;C0285,0,,,,dictionary,common asset (likely generic name)
6.0,0x6a351094,1781862548,15,sprite,26,BOIL;BRG1;CAVE;CLOU;CRYS;CSTL;EGGS;EVIL;FINN;FOOD;GLEN;GLID;HEAD;KLOG;MEGA;MENU;MOSS;PHRO;RUNN;SCIE;SEVN;SNOW;SOAR;TMPL;WEED;WIZZ,3,C0003;C0021;C0039,1,K0137,,,dictionary,common asset (likely generic name)
6.0,0x6c351094,1815416980,15,sprite,26,BOIL;BRG1;CAVE;CLOU;CRYS;CSTL;EGGS;EVIL;FINN;FOOD;GLEN;GLID;HEAD;KLOG;MEGA;MENU;MOSS;PHRO;RUNN;SCIE;SEVN;SNOW;SOAR;TMPL;WEED;WIZZ,0,,1,K0137,,,dictionary,common asset (likely generic name)
6.0,0x80e85ea0,2162712224,15,sprite,26,BOIL;BRG1;CAVE;CLOU;CRYS;CSTL;EGGS;EVIL;FINN;FOOD;GLEN;GLID;HEAD;KLOG;MEGA;MENU;MOSS;PHRO;RUNN;SCIE;SEVN;SNOW;SOAR;TMPL;WEED;WIZZ,2,C0004;C0029,0,,,,dictionary,common asset (likely generic name)
6.0,0x8c510186,2354119046,15,sprite,26,BOIL;BRG1;CAVE;CLOU;CRYS;CSTL;EGGS;EVIL;FINN;FOOD;GLEN;GLID;HEAD;KLOG;MEGA;MENU;MOSS;PHRO;RUNN;SCIE;SEVN;SNOW;SOAR;TMPL;WEED;WIZZ,2,C0002;C0019,0,,,,dictionary,common asset (likely generic name)
6.0,0x902c0002,2418802690,15,sprite,26,BOIL;BRG1;CAVE;CLOU;CRYS;CSTL;EGGS;EVIL;FINN;FOOD;GLEN;GLID;HEAD;KLOG;MEGA;MENU;MOSS;PHRO;RUNN;SCIE;SEVN;SNOW;SOAR;TMPL;WEED;WIZZ,2,C0004;C0031,0,,,,dictionary,common asset (likely generic name)
6.0,0x9158a0f6,2438504694,15,sprite,26,BOIL;BRG1;CAVE;CLOU;CRYS;CSTL;EGGS;EVIL;FINN;FOOD;GLEN;GLID;HEAD;KLOG;MEGA;MENU;MOSS;PHRO;RUNN;SCIE;SEVN;SNOW;SOAR;TMPL;WEED;WIZZ,2,C0004;C0017,0,,,,dictionary,common asset (likely generic name)
6.0,0x9d4dc260,2639118944,15,audio,21,BOIL;BRG1;CAVE;CLOU;CRYS;CSTL;EGGS;EVIL;FOOD;GLID;HEAD;MEGA;MOSS;PHRO;SCIE;SEVN;SNOW;SOAR;TMPL;WEED;WIZZ,0,,0,,,,dictionary,common asset (likely generic name)
6.0,0xb468d0c6,3026768070,15,sprite,23,BOIL;BRG1;CAVE;CLOU;CRYS;CSTL;EGGS;EVIL;FOOD;GLEN;GLID;HEAD;MEGA;MOSS;PHRO;RUNN;SCIE;SEVN;SNOW;SOAR;TMPL;WEED;WIZZ,3,C0168;C0235;C0246,2,K0037;K0176,,,dictionary,common asset (likely generic name)
6.0,0xbe68d0c6,3194540230,15,sprite,23,BOIL;BRG1;CAVE;CLOU;CRYS;CSTL;EGGS;EVIL;FOOD;GLEN;GLID;HEAD;MEGA;MOSS;PHRO;RUNN;SCIE;SEVN;SNOW;SOAR;TMPL;WEED;WIZZ,3,C0168;C0235;C0246,2,K0037;K0176,,,dictionary,common asset (likely generic name)
6.0,0xc8099196,3356070294,15,sprite,21,BOIL;BRG1;CAVE;CLOU;CRYS;CSTL;EGGS;EVIL;FOOD;GLID;HEAD;MEGA;MOSS;PHRO;SCIE;SEVN;SNOW;SOAR;TMPL;WEED;WIZZ,0,,0,,,,dictionary,common asset (likely generic name)
3.0,0x425a399c,1113209244,17,sprite,3,BOIL;CLOU;MOSS,0,,0,,,,dictionary,high floor 17 (long name) | only 3 levels (vocab somewhat constrained)
3.0,0x458b0320,1166738208,17,sprite,2,BRG1;SOAR,1,C0083,0,,,,dictionary,high floor 17 (long name) | only 2 levels (vocab somewhat constrained)
3.0,0x53209c1c,1394646044,17,sprite,2,FOOD;SNOW,1,C0056,0,,,,dictionary,high floor 17 (long name) | only 2 levels (vocab somewhat constrained)
3.0,0x60a91d9c,1621695900,17,anim,0,,0,,2,K0056;K0299,,,dictionary,high floor 17 (long name) | only 0 levels (vocab somewhat constrained)
3.0,0x60aa1e9c,1621761692,17,anim,0,,0,,2,K0057;K0299,,,dictionary,high floor 17 (long name) | only 0 levels (vocab somewhat constrained)
3.0,0xd914004f,3641966671,17,audio,3,BRG1;PHRO;SOAR,0,,0,,,,dictionary,high floor 17 (long name) | only 3 levels (vocab somewhat constrained)
3.0,0x006b9a6f,7051887,18,sprite,2,FOOD;SNOW,2,C0051;C0053,0,,,,dictionary,high floor 18 (long name) | only 2 levels (vocab somewhat constrained)
3.0,0x421586c2,1108707010,18,audio,2,EGGS;GLEN,2,C0215;C0247,0,,,,dictionary,high floor 18 (long name) | only 2 levels (vocab somewhat constrained)
3.0,0xe6182b56,3860343638,18,audio,2,FOOD;SNOW,0,,0,,,,dictionary,high floor 18 (long name) | only 2 levels (vocab somewhat constrained)
3.0,0x003701ac,3604908,19,type500,0,,0,,0,,,,dictionary,high floor 19 (long name) | only 0 levels (vocab somewhat constrained)
3.0,0x83248e62,2200211042,19,audio,3,BOIL;CSTL;TMPL,0,,3,K0110;K0183;K0196,,,dictionary,high floor 19 (long name) | only 3 levels (vocab somewhat constrained)
3.0,0x8429153c,2217284924,19,sprite,2,EVIL;SCIE,1,C0071,0,,,,dictionary,high floor 19 (long name) | only 2 levels (vocab somewhat constrained)
3.0,0xc305034b,3271885643,19,audio,3,BRG1;PHRO;SOAR,0,,0,,,,dictionary,high floor 19 (long name) | only 3 levels (vocab somewhat constrained)
3.0,0x64bb1cbe,1689984190,21,sprite,3,BRG1;PHRO;TMPL,1,C0046,0,,,,dictionary,high floor 21 (long name) | only 3 levels (vocab somewhat constrained)
2.0,0x001882e0,1606368,14,audio,11,BOIL;CAVE;EGGS;EVIL;FOOD;HEAD;MEGA;PHRO;SCIE;SNOW;TMPL,0,,0,,,,dictionary,
2.0,0x02804e67,41963111,14,sprite,13,BRG1;CAVE;CLOU;CRYS;CSTL;EGGS;EVIL;GLID;MOSS;SEVN;SOAR;WEED;WIZZ,0,,0,,,,dictionary,
2.0,0x02c00e64,46141028,14,sprite,13,BRG1;CAVE;CLOU;CRYS;CSTL;EGGS;EVIL;GLID;MOSS;SEVN;SOAR;WEED;WIZZ,1,C0170,0,,,,dictionary,
2.0,0x40023e30,1073888816,14,audio,16,BOIL;CAVE;CLOU;CRYS;CSTL;EGGS;EVIL;FOOD;GLID;MOSS;SCIE;SEVN;SNOW;SOAR;TMPL;WEED,3,C0035;C0287;C0289,0,,,,dictionary,
2.0,0x400c989d,1074567325,14,sprite,8,BOIL;BRG1;CRYS;MOSS;SCIE;SNOW;SOAR;TMPL,0,,2,K0031;K0049,,,dictionary,
2.0,0x400c991d,1074567453,14,sprite,8,BOIL;BRG1;CRYS;MOSS;SCIE;SNOW;SOAR;TMPL,0,,2,K0031;K0277,,,dictionary,
2.0,0x40189a1d,1075354141,14,sprite,8,BOIL;BRG1;CRYS;MOSS;SCIE;SNOW;SOAR;TMPL,0,,2,K0049;K0277,,,dictionary,
2.0,0x412e8311,1093567249,14,audio,13,BRG1;CAVE;CLOU;CRYS;CSTL;EGGS;EVIL;GLID;MOSS;SEVN;SOAR;WEED;WIZZ,0,,0,,,,dictionary,
2.0,0x462c6040,1177313344,14,sprite,10,BOIL;CAVE;CRYS;CSTL;EGGS;GLID;MOSS;SEVN;SNOW;WEED,1,C0155,4,K0016;K0152;K0168;K0236,,,dictionary,
2.0,0x46346040,1177837632,14,sprite,10,BOIL;CAVE;CRYS;CSTL;EGGS;GLID;MOSS;SEVN;SNOW;WEED,1,C0155,3,K0016;K0169;K0237,,,dictionary,
2.0,0x46386040,1178099776,14,sprite,10,BOIL;CAVE;CRYS;CSTL;EGGS;GLID;MOSS;SEVN;SNOW;WEED,1,C0155,3,K0016;K0168;K0238,,,dictionary,
2.0,0x4cddccd8,1289604312,14,audio,11,BRG1;CAVE;CRYS;CSTL;EGGS;EVIL;FOOD;MEGA;PHRO;SCIE;TMPL,0,,3,K0100;K0107;K0112,,,dictionary,
2.0,0x52a08394,1386251156,14,sprite,7,BOIL;FOOD;HEAD;MEGA;PHRO;SCIE;SNOW,0,,0,,,,dictionary,
2.0,0x5838cc16,1480117270,14,sprite,10,BOIL;BRG1;CLOU;FOOD;HEAD;MEGA;PHRO;SCIE;SNOW;TMPL,0,,0,,,,dictionary,
2.0,0x5a89815f,1518960991,14,sprite,13,BOIL;BRG1;CLOU;CRYS;CSTL;EVIL;FOOD;MOSS;PHRO;SCIE;SNOW;SOAR;TMPL,1,C0042,2,K0036;K0173,,,dictionary,
2.0,0x5ad9815f,1524203871,14,sprite,13,BOIL;BRG1;CLOU;CRYS;CSTL;EVIL;FOOD;MOSS;PHRO;SCIE;SNOW;SOAR;TMPL,1,C0042,2,K0036;K0173,,,dictionary,
2.0,0x5d2ce434,1563223092,14,sprite,10,BOIL;BRG1;CLOU;FOOD;HEAD;MEGA;PHRO;SCIE;SNOW;TMPL,0,,0,,,,dictionary,
2.0,0x6c22083a,1814169658,14,sprite,13,BRG1;CAVE;CLOU;CRYS;CSTL;EGGS;EVIL;GLID;MOSS;SEVN;SOAR;WEED;WIZZ,1,C0221,0,,,,dictionary,
2.0,0x80282799,2150115225,14,sprite,18,BOIL;BRG1;CAVE;CLOU;CRYS;CSTL;EGGS;EVIL;FOOD;GLID;MOSS;PHRO;SCIE;SEVN;SNOW;SOAR;TMPL;WEED,1,C0077,0,,,,dictionary,
2.0,0x88329285,2285015685,14,sprite,6,BRG1;GLID;SCIE;SNOW;TMPL;WEED,1,C0073,0,,,,dictionary,
2.0,0x88783718,2289579800,14,sprite,10,CAVE;CRYS;EGGS;FOOD;GLID;HEAD;MEGA;SCIE;TMPL;WEED,3,C0296;C0303;C0306,2,K0262;K0268,,,dictionary,
2.0,0x987101b9,2557542841,14,sprite,4,GLID;SCIE;SOAR;TMPL,0,,0,,,,dictionary,
2.0,0xa89d0ad0,2828864208,14,sprite,5,BRG1;CAVE;CRYS;SNOW;SOAR,1,C0144,0,,,,dictionary,
2.0,0xc2906565,3264243045,14,audio,17,BOIL;BRG1;CAVE;CLOU;CRYS;CSTL;EGGS;FOOD;GLID;MOSS;PHRO;RUNN;SCIE;SNOW;SOAR;TMPL;WEED,1,C0030,0,,,,dictionary,
2.0,0xd144ab00,3510938368,14,audio,7,BOIL;FOOD;HEAD;MEGA;PHRO;SCIE;SNOW,0,,0,,,,dictionary,
2.0,0xd2801814,3531610132,14,sprite,4,CAVE;CRYS;EGGS;MOSS,1,C0300,2,K0263;K0267,,,dictionary,
2.0,0xfa100225,4195353125,14,sprite,13,BOIL;CAVE;CRYS;CSTL;EGGS;FOOD;GLID;MOSS;SCIE;SEVN;SOAR;TMPL;WEED,1,C0036,0,,,,dictionary,
2.0,0x02a10c60,44108896,15,sprite,13,BRG1;CAVE;CLOU;CRYS;CSTL;EGGS;EVIL;GLID;MOSS;SEVN;SOAR;WEED;WIZZ,1,C0170,0,,,,dictionary,
2.0,0x1063bb49,274971465,15,audio,10,BOIL;BRG1;CLOU;FOOD;HEAD;MEGA;PHRO;SCIE;SNOW;TMPL,0,,0,,,,dictionary,
2.0,0x1b610064,459341924,15,audio,19,BOIL;BRG1;CAVE;CLOU;CRYS;CSTL;EGGS;EVIL;FOOD;GLID;HEAD;MEGA;MOSS;SEVN;SNOW;SOAR;TMPL;WEED;WIZZ,0,,0,,,,dictionary,
2.0,0x222cb0e2,573354210,15,audio,14,BOIL;CAVE;CLOU;CRYS;CSTL;EGGS;FOOD;GLID;MOSS;PHRO;SEVN;SNOW;TMPL;WEED,1,C0156,0,,,,dictionary,
2.0,0x2b2ca36b,724345707,15,audio,16,BOIL;BRG1;CAVE;CLOU;CRYS;CSTL;EGGS;EVIL;FOOD;GLID;MOSS;PHRO;SCIE;SNOW;TMPL;WEED,0,,0,,,,dictionary,
2.0,0x3128adf0,824749552,15,audio,10,BOIL;BRG1;CLOU;FOOD;HEAD;MEGA;PHRO;SCIE;SNOW;TMPL,0,,0,,,,dictionary,
2.0,0x51910816,1368459286,15,audio,4,GLID;SCIE;SOAR;TMPL,0,,0,,,,dictionary,
2.0,0x5a2082f2,1512080114,15,sprite,13,BRG1;CAVE;CLOU;CRYS;CSTL;EGGS;EVIL;GLID;MOSS;SEVN;SOAR;WEED;WIZZ,1,C0195,0,,,,dictionary,
2.0,0x90b102a1,2427519649,15,sprite,4,GLID;SCIE;SOAR;TMPL,0,,0,,,,dictionary,
2.0,0xbb781481,3145208961,15,sprite,16,BOIL;CAVE;CLOU;CRYS;CSTL;EGGS;EVIL;FOOD;GLID;MOSS;SCIE;SEVN;SNOW;SOAR;TMPL;WEED,0,,0,,,,dictionary,
2.0,0xc0034658,3221440088,15,audio,15,BOIL;BRG1;CAVE;CLOU;CRYS;CSTL;EGGS;EVIL;FINN;FOOD;MOSS;SEVN;SNOW;SOAR;TMPL,1,C0020,0,,,,dictionary,
2.0,0xe00e989d,3759052957,15,sprite,8,BOIL;BRG1;CRYS;MOSS;SCIE;SNOW;SOAR;TMPL,0,,1,K0143,,,dictionary,
2.0,0xe00e991d,3759053085,15,sprite,8,BOIL;BRG1;CRYS;MOSS;SCIE;SNOW;SOAR;TMPL,0,,1,K0143,,,dictionary,
2.0,0xe398d28d,3818443405,15,sprite,8,BOIL;BRG1;CRYS;MOSS;SCIE;SNOW;SOAR;TMPL,0,,0,,,,dictionary,
2.0,0x02841e65,42212965,16,sprite,13,BRG1;CAVE;CLOU;CRYS;CSTL;EGGS;EVIL;GLID;MOSS;SEVN;SOAR;WEED;WIZZ,1,C0171,0,,,,dictionary,
2.0,0x04a68e56,78024278,16,audio,11,BRG1;CAVE;CRYS;CSTL;EGGS;EVIL;FOOD;MEGA;PHRO;SCIE;TMPL,0,,3,K0098;K0104;K0110,,,dictionary,
2.0,0x1d1811b3,488116659,16,sprite,19,BOIL;BRG1;CAVE;CLOU;CRYS;CSTL;EGGS;EVIL;FOOD;GLID;HEAD;MEGA;MOSS;SEVN;SNOW;SOAR;TMPL;WEED;WIZZ,1,C0169,0,,,,dictionary,
2.0,0x42464cc8,1111903432,16,audio,4,CRYS;CSTL;PHRO;SNOW,1,C0157,0,,,,dictionary,
2.0,0x428254e2,1115837666,16,audio,20,BOIL;BRG1;CAVE;CLOU;CRYS;CSTL;EGGS;EVIL;FINN;FOOD;GLID;MOSS;PHRO;RUNN;SCIE;SEVN;SNOW;SOAR;TMPL;WEED,2,C0001;C0016,0,,,,dictionary,
2.0,0x463e6040,1178492992,16,sprite,10,BOIL;CAVE;CRYS;CSTL;EGGS;GLID;MOSS;SEVN;SNOW;WEED,1,C0155,4,K0016;K0152;K0169;K0239,,,dictionary,
2.0,0x506e8654,1349420628,16,audio,19,BOIL;BRG1;CAVE;CLOU;CRYS;CSTL;EGGS;EVIL;FOOD;GLID;HEAD;MEGA;MOSS;SEVN;SNOW;SOAR;TMPL;WEED;WIZZ,0,,0,,,,dictionary,
2.0,0x507883c3,1350075331,16,audio,17,BOIL;BRG1;CAVE;CLOU;CRYS;CSTL;EGGS;EVIL;FOOD;GLID;HEAD;MOSS;SEVN;SNOW;SOAR;WEED;WIZZ,0,,0,,,,dictionary,
2.0,0x5ab9815f,1522106719,16,sprite,13,BOIL;BRG1;CLOU;CRYS;CSTL;EVIL;FOOD;MOSS;PHRO;SCIE;SNOW;SOAR;TMPL,1,C0042,1,K0036,,,dictionary,
2.0,0x760106c1,1979778753,16,audio,19,BOIL;BRG1;CAVE;CLOU;CRYS;CSTL;EGGS;EVIL;FOOD;GLID;HEAD;MEGA;MOSS;SEVN;SNOW;SOAR;TMPL;WEED;WIZZ,0,,0,,,,dictionary,
2.0,0x9918a8e2,2568530146,16,sprite,19,BOIL;BRG1;CAVE;CLOU;CRYS;CSTL;EGGS;EVIL;FOOD;GLID;HEAD;MEGA;MOSS;SEVN;SNOW;SOAR;TMPL;WEED;WIZZ,0,,0,,,,dictionary,
2.0,0xb01c25f0,2954634736,16,sprite,10,CLOU;CRYS;CSTL;EGGS;EVIL;MOSS;SEVN;SOAR;WEED;WIZZ,1,C0146,0,,,,dictionary,
2.0,0xc2911461,3264287841,16,audio,8,BOIL;FOOD;HEAD;MEGA;MENU;PHRO;SCIE;SNOW,0,,0,,,,dictionary,
2.0,0xc88a346a,3364500586,16,audio,9,BRG1;CAVE;CLOU;CRYS;CSTL;EGGS;EVIL;GLID;MOSS,1,C0022,0,,,,dictionary,
2.0,0xca1006c0,3390047936,16,audio,8,BOIL;FOOD;HEAD;MEGA;MENU;PHRO;SCIE;SNOW,0,,0,,,,dictionary,
2.0,0xe48744c4,3834070212,16,audio,5,CLOU;CSTL;EVIL;MOSS;WEED,1,C0032,0,,,,dictionary,
1.0,0x1c395196,473518486,17,sprite,21,BOIL;BRG1;CAVE;CLOU;CRYS;CSTL;EGGS;EVIL;FOOD;GLID;HEAD;MEGA;MOSS;PHRO;SCIE;SEVN;SNOW;SOAR;TMPL;WEED;WIZZ,2,C0198;C0199,0,,,,dictionary,high floor 17 (long name) | common asset (likely generic name)
1.0,0x64221e61,1679957601,17,audio,22,BOIL;BRG1;CAVE;CLOU;CRYS;CSTL;EGGS;EVIL;FOOD;GLID;HEAD;MEGA;MENU;MOSS;PHRO;SCIE;SEVN;SNOW;SOAR;TMPL;WEED;WIZZ,7,C0173;C0174;C0175;C0176;C0177;C0178;C0277,0,,,,dictionary,high floor 17 (long name) | common asset (likely generic name)
1.0,0x7003474c,1879263052,17,audio,21,BOIL;BRG1;CAVE;CLOU;CRYS;CSTL;EGGS;EVIL;FOOD;GLID;HEAD;MEGA;MOSS;PHRO;SCIE;SEVN;SNOW;SOAR;TMPL;WEED;WIZZ,1,C0162,0,,,,dictionary,high floor 17 (long name) | common asset (likely generic name)
1.0,0xc473c624,3295921700,17,audio,21,BOIL;BRG1;CAVE;CLOU;CRYS;CSTL;EGGS;EVIL;FOOD;GLID;HEAD;MEGA;MOSS;PHRO;SCIE;SEVN;SNOW;SOAR;TMPL;WEED;WIZZ,0,,0,,,,dictionary,high floor 17 (long name) | common asset (likely generic name)
1.0,0xc672c624,3329410596,17,audio,21,BOIL;BRG1;CAVE;CLOU;CRYS;CSTL;EGGS;EVIL;FOOD;GLID;HEAD;MEGA;MOSS;PHRO;SCIE;SEVN;SNOW;SOAR;TMPL;WEED;WIZZ,0,,0,,,,dictionary,high floor 17 (long name) | common asset (likely generic name)
1.0,0xca1b20cb,3390775499,17,sprite,23,BOIL;BRG1;CAVE;CLOU;CRYS;CSTL;EGGS;EVIL;FOOD;GLEN;GLID;HEAD;MEGA;MOSS;PHRO;RUNN;SCIE;SEVN;SNOW;SOAR;TMPL;WEED;WIZZ,2,C0163;C0233,0,,,,dictionary,high floor 17 (long name) | common asset (likely generic name)
1.0,0xd02dc3d5,3492660181,17,sprite,21,BOIL;BRG1;CAVE;CLOU;CRYS;CSTL;EGGS;EVIL;FOOD;GLID;HEAD;MEGA;MOSS;PHRO;SCIE;SEVN;SNOW;SOAR;TMPL;WEED;WIZZ,0,,0,,,,dictionary,high floor 17 (long name) | common asset (likely generic name)
1.0,0x53608b64,1398836068,18,audio,22,BOIL;BRG1;CAVE;CLOU;CRYS;CSTL;EGGS;EVIL;FOOD;GLEN;GLID;HEAD;MEGA;MOSS;PHRO;SCIE;SEVN;SNOW;SOAR;TMPL;WEED;WIZZ,0,,0,,,,dictionary,high floor 18 (long name) | common asset (likely generic name)
1.0,0x65281e40,1697128000,18,audio,26,BOIL;BRG1;CAVE;CLOU;CRYS;CSTL;EGGS;EVIL;FINN;FOOD;GLEN;GLID;HEAD;KLOG;MEGA;MENU;MOSS;PHRO;RUNN;SCIE;SEVN;SNOW;SOAR;TMPL;WEED;WIZZ,1,C0293,0,,,,dictionary,high floor 18 (long name) | common asset (likely generic name)
1.0,0x9b0ab1c6,2601169350,18,sprite,22,BOIL;BRG1;CAVE;CLOU;CRYS;CSTL;EGGS;EVIL;FOOD;GLID;HEAD;MEGA;MOSS;PHRO;RUNN;SCIE;SEVN;SNOW;SOAR;TMPL;WEED;WIZZ,0,,0,,,,dictionary,high floor 18 (long name) | common asset (likely generic name)
1.0,0xfa700ce7,4201647335,18,sprite,26,BOIL;BRG1;CAVE;CLOU;CRYS;CSTL;EGGS;EVIL;FINN;FOOD;GLEN;GLID;HEAD;KLOG;MEGA;MENU;MOSS;PHRO;RUNN;SCIE;SEVN;SNOW;SOAR;TMPL;WEED;WIZZ,0,,0,,,,dictionary,high floor 18 (long name) | common asset (likely generic name)
-3.0,0x0a921e2c,177348140,17,sprite,13,BRG1;CAVE;CLOU;CRYS;CSTL;EGGS;EVIL;GLID;MOSS;SEVN;SOAR;WEED;WIZZ,1,C0040,0,,,,dictionary,high floor 17 (long name)
-3.0,0x0bbb70ac,196833452,17,sprite,16,BOIL;BRG1;CAVE;CLOU;CRYS;CSTL;EGGS;FOOD;GLID;MOSS;PHRO;SCIE;SNOW;SOAR;TMPL;WEED,1,C0078,0,,,,dictionary,high floor 17 (long name)
-3.0,0x401106da,1074857690,17,audio,8,BOIL;CLOU;FOOD;HEAD;MEGA;PHRO;SCIE;SNOW,0,,4,K0094;K0097;K0190;K0199,,,dictionary,high floor 17 (long name)
-3.0,0x9389b8c4,2475276484,17,sprite,18,BOIL;BRG1;CAVE;CLOU;CRYS;CSTL;EGGS;EVIL;FOOD;GLID;MOSS;PHRO;SCIE;SEVN;SNOW;SOAR;TMPL;WEED,0,,0,,,,dictionary,high floor 17 (long name)
-3.0,0x991003c2,2567963586,17,audio,9,BOIL;BRG1;CRYS;MOSS;PHRO;SCIE;SNOW;SOAR;TMPL,0,,0,,,,dictionary,high floor 17 (long name)
-3.0,0xc92884e2,3374875874,17,audio,19,BOIL;BRG1;CAVE;CLOU;CRYS;CSTL;EGGS;EVIL;FOOD;GLID;HEAD;MEGA;MOSS;SEVN;SNOW;SOAR;TMPL;WEED;WIZZ,0,,0,,,,dictionary,high floor 17 (long name)
-3.0,0xd6bc2450,3602654288,17,sprite,10,BOIL;CAVE;CRYS;CSTL;EGGS;GLID;MOSS;SEVN;SNOW;WEED,1,C0155,0,,,,dictionary,high floor 17 (long name)
-3.0,0x40110e26,1074859558,18,audio,4,GLID;SCIE;SOAR;TMPL,0,,0,,,,dictionary,high floor 18 (long name)
-3.0,0x45310a04,1160841732,18,audio,4,GLID;SCIE;SOAR;TMPL,0,,0,,,,dictionary,high floor 18 (long name)
-3.0,0x657c322c,1702638124,18,sprite,6,CSTL;FOOD;HEAD;MOSS;PHRO;SNOW,2,C0075;C0151,0,,,,dictionary,high floor 18 (long name)
-3.0,0x563ba142,1446748482,19,audio,4,GLID;SCIE;SOAR;TMPL,0,,0,,,,dictionary,high floor 19 (long name)
-3.0,0xe7443a6f,3880008303,19,sprite,5,CSTL;FOOD;MOSS;PHRO;SNOW,0,,0,,,,dictionary,high floor 19 (long name)
-3.0,0xf175320e,4050989582,19,sprite,5,CSTL;FOOD;MOSS;PHRO;SNOW,0,,0,,,,dictionary,high floor 19 (long name)
