id_hex,model,candidate,type,n_levels,visual_role,levels
0x00000000,RAW,DAKTAK,type500,0,,
0x00000000,RAW,RATKAT,type500,0,,
0x00000000,RAW,BKSBKS,type500,0,,
0x00000000,RAW,SABAISABAI,type500,0,,
0x00000000,RAW,TJBTJB,type500,0,,
0x00000000,RAW,DIKLIK,type500,0,,
0x00000000,RAW,UNITUNIT,type500,0,,
0x00000000,RAW,MOIHOI,type500,0,,
0x00000000,RAW,LCALCALCALCA,type500,0,,
0x00000000,RAW,LORENLOREN,type500,0,,
0x00000000,RAW,BENJABENJA,type500,0,,
0x00000000,RAW,OPAOPA,type500,0,,
0x00000000,RAW,ALSALS,type500,0,,
0x40e0824c,RAW,CODYFIDDLER,audio,1,,FINN
0x00000000,RAW,BAMPBAMP,type500,0,,
0x00000000,RAW,MUNMUNMUNMUN,type500,0,,
0x00000000,RAW,TUKUTUKU,type500,0,,
0x00000000,RAW,ADIELAADIELA,type500,0,,
0x00000000,RAW,JCSJCS,type500,0,,
0x00000000,RAW,MIINII,type500,0,,
0x00000000,RAW,CLAPCLAP,type500,0,,
0x00000000,RAW,FODIDODI,type500,0,,
0x00000000,RAW,JVJVJVJV,type500,0,,
0x00000000,RAW,MEDWED,type500,0,,
0x00000000,RAW,ROCKCOCK,type500,0,,
0x00000000,RAW,HARIOMHARIOM,type500,0,,
0x00000000,RAW,ZUPAZUPA,type500,0,,
0x00000000,RAW,XXPXXP,type500,0,,
0x00000000,RAW,RMSKJMLRMSKJML,type500,0,,
0x00000000,RAW,JSALSA,type500,0,,
0x00000000,RAW,EHSEHS,type500,0,,
0x00000000,RAW,FOOBOO,type500,0,,
0x00000000,RAW,TONABONA,type500,0,,
0x00000000,RAW,ALDOALDO,type500,0,,
0x08041001,RAW,REDMOUTH,audio,1,,WIZZ
0x08041001,RAW,LUZERO,audio,1,,WIZZ
0x00000000,RAW,QUAYQUAY,type500,0,,
0x00000000,RAW,BHESHE,type500,0,,
0x00000000,RAW,RZTRZT,type500,0,,
0x00000000,RAW,EDEREDER,type500,0,,
0x00000000,RAW,THUMBTHUMB,type500,0,,
0x00000000,RAW,DTZEMTZE,type500,0,,
0x00000000,RAW,LODIDODI,type500,0,,
0x00000000,RAW,HOTTAHOTTA,type500,0,,
0x00000000,RAW,BIGGIRLBIGGIRL,type500,0,,
0x00000000,RAW,CENGIZCENGIZ,type500,0,,
0x00000000,RAW,HANDEHANDE,type500,0,,
0x00000000,RAW,LEVYLEVY,type500,0,,
0x00000000,RAW,CINTHIACINTHIA,type500,0,,
0x00000000,RAW,MIWIMIWI,type500,0,,
0x00000000,RAW,BURHANBURHAN,type500,0,,
0x00000000,RAW,LOLLIPOLLI,type500,0,,
0x48204012,RAW,ACZWYM,sprite,21,,BOIL;BRG1;CAVE;CLOU;CRYS;CSTL;EGGS;EVIL;FOOD;GLID;HEAD;MEGA;
0x00000000,RAW,JANOBANO,type500,0,,
0x00000000,RAW,DAIRDAIR,type500,0,,
0x00000000,RAW,KEDGYWEDGY,type500,0,,
0x00000000,RAW,KTAKTA,type500,0,,
0x00000000,RAW,SYANESYANE,type500,0,,
0x00000000,RAW,LYSHLYSH,type500,0,,
0x00000000,RAW,FELIFELI,type500,0,,
0x00000000,RAW,DODALODA,type500,0,,
0x00000000,RAW,MEHSEH,type500,0,,
0x00000000,RAW,GANOZAGANOZA,type500,0,,
0x00000000,RAW,KILKIL,type500,0,,
0x00000000,RAW,ZANGJANG,type500,0,,
0x00000000,RAW,BIAVIA,type500,0,,
0x00000000,RAW,VXRVXR,type500,0,,
0x00000000,RAW,ESTADOESTADO,type500,0,,
0x00000000,RAW,WIERIE,type500,0,,
0x00000000,RAW,CUBAHUBA,type500,0,,
0x00000000,RAW,NELLABELLA,type500,0,,
0x00000000,RAW,PIGIWIGI,type500,0,,
0x00000000,RAW,DIDODIDO,type500,0,,
0x00000000,RAW,MAMEMAME,type500,0,,
0x00000000,RAW,SIMJIM,type500,0,,
0x00000000,RAW,CMPCMP,type500,0,,
0x00000000,RAW,BARBIBARBI,type500,0,,
0x00000000,RAW,AUAIAUAI,type500,0,,
0x00000000,RAW,KSBKSB,type500,0,,
0x00000000,RAW,OOBOOB,type500,0,,
0x00000000,RAW,ZEROZERO,type500,0,,
0x00000000,RAW,CMCMCMCM,type500,0,,
0x00000000,RAW,SWANGSWANG,type500,0,,
0x00000000,RAW,KULTKULT,type500,0,,
0x18e88310,RAW,SHAZNDORLZ,sprite,1,,GLEN
0x00000000,RAW,HOIHOI,type500,0,,
0x00000000,RAW,SEXSEXSEXSEX,type500,0,,
0x00000000,RAW,JDRJDR,type500,0,,
0x00000000,RAW,TEARHEAR,type500,0,,
0x00000000,RAW,TYENTYEN,type500,0,,
0x00000000,RAW,LAZYLAZY,type500,0,,
0x00000000,RAW,THANATTHANAT,type500,0,,
0x00000000,RAW,MOELOE,type500,0,,
0x00000000,RAW,PLBBPLBB,type500,0,,
0x00000000,RAW,BDAYBDAY,type500,0,,
0x00000000,RAW,ROZEROZE,type500,0,,
0x00000000,RAW,HHHHHHHH,type500,0,,
0x00000000,RAW,OSITAOSITA,type500,0,,
0x00000000,RAW,DEEVEE,type500,0,,
0x00000000,RAW,CVGCVG,type500,0,,
0x00000000,RAW,ZOWZOW,type500,0,,
0x00000000,RAW,LGMLGM,type500,0,,
0x00000000,RAW,ZSARZSAR,type500,0,,
0x00000000,RAW,KOOBOO,type500,0,,
0x00000000,RAW,LOOBOO,type500,0,,
0x00000000,RAW,LECHUSPECHUS,type500,0,,
0x00000000,RAW,NEZARNEZAR,type500,0,,
0x00000000,RAW,DISDIS,type500,0,,
0x00000000,RAW,FAMRAM,type500,0,,
0x00000000,RAW,LUIBUI,type500,0,,
0x00000000,RAW,WAXAANWAXAAN,type500,0,,
0x00000000,RAW,WAHOOYAHOO,type500,0,,
0x00000000,RAW,ILFEILFE,type500,0,,
0x08041001,RAW,LANEME,audio,1,,WIZZ
0x00000000,RAW,KIFFKIFF,type500,0,,
0x00000000,RAW,BAITBAIT,type500,0,,
0x00000000,RAW,TIEWIRED,type500,0,,
0x00000000,RAW,KEKUKEKU,type500,0,,
0x00000000,RAW,JOGJOG,type500,0,,
0x10882010,RAW,MONMARIEL,sprite,1,,EVIL
0x00000000,RAW,JHEIJHEI,type500,0,,
0x00000000,RAW,UWIKUWIK,type500,0,,
0x00000000,RAW,SBSMSK,type500,0,,
0x00000000,RAW,LMDCLMDC,type500,0,,
0x00000000,RAW,NBNBNBNB,type500,0,,
0x00000000,RAW,JADEVADE,type500,0,,
0x00000000,RAW,YAHOOYAHOO,type500,0,,
0x04041001,RAW,WILFEC,audio,1,,WIZZ
0x00000000,RAW,EMMAEMMA,type500,0,,
0x00000000,RAW,LMGLMG,type500,0,,
0x00000000,RAW,MARGYMAY,type500,0,,
0x040a2110,RAW,LAMAMISOYO,sprite,1,,FINN
0x00000000,RAW,NPPPNPPP,type500,0,,
0x00000000,RAW,NETTENETTE,type500,0,,
0x00000000,RAW,ZIONZION,type500,0,,
0x00000000,RAW,MOCAMOCA,type500,0,,
0x00000000,RAW,QLVMQLVM,type500,0,,
0x00000000,RAW,SLEMANSLEMAN,type500,0,,
0x00000000,RAW,WILLOPILLO,type500,0,,
0x00000000,RAW,JHELGHEL,type500,0,,
0x00000000,RAW,MSALSA,type500,0,,
0x00000000,RAW,PELANGIPELANGI,type500,0,,
0x00000000,RAW,DREEDREE,type500,0,,
0x00000000,RAW,EZAEZA,type500,0,,
0x00000000,RAW,PONSPONS,type500,0,,
0x00000000,RAW,DASHDASH,type500,0,,
0x00000000,RAW,TWATTWAT,type500,0,,
0x00000000,RAW,GVCGVC,type500,0,,
0x00000000,RAW,KNOXKNOX,type500,0,,
0x00000000,RAW,CHECHECHECHE,type500,0,,
0x00000000,RAW,DODIDODI,type500,0,,
0x00000000,RAW,ELIFELIF,type500,0,,
0x00000000,RAW,BESTTEST,type500,0,,
0x003c0171,RAW,RASNASPLASH,type500,0,,
0x00000000,RAW,ASLASL,type500,0,,
0x00000000,RAW,HERAHERA,type500,0,,
0x00000000,RAW,MOOTAMOOTA,type500,0,,
0x00000000,RAW,GAUTAMAGAUTAMA,type500,0,,
0x00000000,RAW,FEILFEIL,type500,0,,
0x18248010,RAW,OLAYON,sprite,1,,KLOG
0x00000000,RAW,GINGBING,type500,0,,
0x00000000,RAW,HAREHARE,type500,0,,
0x00000000,RAW,NEVINNEVIN,type500,0,,
0x00000000,RAW,FARGFARG,type500,0,,
0x00000000,RAW,MEKEKEKE,type500,0,,
0x48204012,RAW,ACWZIP,sprite,21,,BOIL;BRG1;CAVE;CLOU;CRYS;CSTL;EGGS;EVIL;FOOD;GLID;HEAD;MEGA;
0x00000000,RAW,RYURYU,type500,0,,
0x00000000,RAW,PATKAT,type500,0,,
0x00000000,RAW,NENALENA,type500,0,,
0x00000000,RAW,NICKYPICKY,type500,0,,
0x00000000,RAW,MYPHONEMYPHONE,type500,0,,
0x00000000,RAW,LRBLRB,type500,0,,
0x00000000,RAW,KICIKICI,type500,0,,
0x00000000,RAW,LIJALIJA,type500,0,,
0x00000000,RAW,KALOYKALOY,type500,0,,
0x00000000,RAW,KAPISHKAPISH,type500,0,,
0x00000000,RAW,TICTIC,type500,0,,
0x10050221,RAW,EMNIST,type700,0,,
0x00000000,RAW,ATAXCOATAXCO,type500,0,,
0x00000000,RAW,SAFFSAFF,type500,0,,
0x00000000,RAW,HOGJOG,type500,0,,
0x00000000,RAW,ATCHATCH,type500,0,,
0x00000000,RAW,NADALNADAL,type500,0,,
0x00000000,RAW,DAMRAM,type500,0,,
0x00000000,RAW,TYEBYE,type500,0,,
0x00000000,RAW,WHAWHA,type500,0,,
0x00000000,RAW,DBZDBZ,type500,0,,
0x00000000,RAW,DYCDYC,type500,0,,
0x00000000,RAW,WIKUWIKU,type500,0,,
0x00000000,RAW,BASLAS,type500,0,,
0x00000000,RAW,BIGPIG,type500,0,,
0x00000000,RAW,DUGDUG,type500,0,,
0x00000000,RAW,PMFMMF,type500,0,,
0x00000000,RAW,TURETURE,type500,0,,
0x00000000,RAW,ASHDASHD,type500,0,,
0x00000000,RAW,MEKUNMEKUN,type500,0,,
0x00000000,RAW,TNTJTNTJ,type500,0,,
0x00000000,RAW,COCAMOCA,type500,0,,
0x00000000,RAW,SOOTNOOT,type500,0,,
0x00000000,RAW,FROYFROY,type500,0,,
0x00000000,RAW,HELLYJELLY,type500,0,,
0x00000000,RAW,ALOELO,type500,0,,
0x00000000,RAW,HWAHWA,type500,0,,
0x00000000,RAW,XAVIAV,type500,0,,
0x00000000,RAW,JSCJSC,type500,0,,
0x00000000,RAW,HATTERSMATTERS,type500,0,,
0x00000000,RAW,CWLTIC,type500,0,,
0x00000000,RAW,MONOTONO,type500,0,,
0x00000000,RAW,AVIAVI,type500,0,,
0x00000000,RAW,RONALDRONALD,type500,0,,
0x00000000,RAW,BRLBRL,type500,0,,
0x00000000,RAW,NOUNNOUN,type500,0,,
0x00000000,RAW,MPCMPC,type500,0,,
0x00000000,RAW,BANANBANAN,type500,0,,
0x00000000,RAW,FANKFANK,type500,0,,
0x00000000,RAW,MOUISOUI,type500,0,,
0x00000000,RAW,XATSXATS,type500,0,,
0x00000000,RAW,BUUTBUUT,type500,0,,
0x00000000,RAW,WETGET,type500,0,,
0x00000000,RAW,JAYZLAYZ,type500,0,,
0x00000000,RAW,SATESSATES,type500,0,,
0x00000000,RAW,QANQAN,type500,0,,
0x00000000,RAW,VETLEVETLE,type500,0,,
0x00000000,RAW,BOELOE,type500,0,,
0x00000000,RAW,JALIJALI,type500,0,,
0x00000000,RAW,ARVINARVIN,type500,0,,
0x00000000,RAW,MOLINAMOLINA,type500,0,,
0x00000000,RAW,HBFPHBFP,type500,0,,
0x00000000,RAW,LONCON,type500,0,,
0x0101820a,RAW,OZOIOS,type700,0,,
0x00000000,RAW,HOTTYPOTTY,type500,0,,
0x00000000,RAW,BETEBETE,type500,0,,
0x00000000,RAW,MACHIKACHI,type500,0,,
0x00000000,RAW,DAMNDAMN,type500,0,,
0x00000000,RAW,SIRUPIRU,type500,0,,
0x00000000,RAW,URPIURPI,type500,0,,
0x00000000,RAW,CITCIT,type500,0,,
0x00000000,RAW,UNOBEBEUNOBEBE,type500,0,,
0x00000000,RAW,ILKILK,type500,0,,
0x00000000,RAW,SMARMA,type500,0,,
0x00000000,RAW,DAVEDAVE,type500,0,,
0x00000000,RAW,COPPIECOPPIE,type500,0,,
0x00000000,RAW,ROMARMAC,type500,0,,
0x00000000,RAW,CARLASLB,type500,0,,
0x00000000,RAW,TQQJTQQJ,type500,0,,
0x00000000,RAW,PUKUPUKU,type500,0,,
0x00000000,RAW,KUKU,type500,0,,
0x00000000,RAW,BNPBNP,type500,0,,
0x00000000,RAW,MMCCMMCC,type500,0,,
0x00000000,RAW,POTTYPOTTY,type500,0,,
0x00000000,RAW,ANTONANTON,type500,0,,
0x00000000,RAW,NADIREIS,type500,0,,
0x00000000,RAW,ARDIARDI,type500,0,,
0x00000000,RAW,HEROZERO,type500,0,,
0x00000000,RAW,FAYFAY,type500,0,,
0x00000000,RAW,KKJKKJ,type500,0,,
0x12800031,RAW,DSEDYL,sprite,9,,BOIL;CAVE;CRYS;CSTL;EGGS;GLID;MOSS;SEVN;SNOW
0x00000000,RAW,PERIER,type500,0,,
0x00000000,RAW,HOOBOO,type500,0,,
0x00000000,RAW,JAKIKAKI,type500,0,,
0x00000000,RAW,YYGYYYGY,type500,0,,
0x00000000,RAW,HEREDERE,type500,0,,
0x00000000,RAW,BEEVEE,type500,0,,
0x00000000,RAW,THOILTHOIL,type500,0,,
0x00000000,RAW,DFVDFV,type500,0,,
0x00000000,RAW,MACIFMACIF,type500,0,,
0x00000000,RAW,KEVINRAVER,type500,0,,
0x00000000,RAW,SALSAL,type500,0,,
0x00000000,RAW,HUCHUC,type500,0,,
0x00000000,RAW,BITABITA,type500,0,,
0x00000000,RAW,MISHOMISHO,type500,0,,
0x00000000,RAW,AZEAZE,type500,0,,
0x00000000,RAW,PLONGPLONG,type500,0,,
0x00000000,RAW,HIFIHIFI,type500,0,,
0x00000000,RAW,FHEMFHEM,type500,0,,
0x00000000,RAW,GASSYASS,type500,0,,
0x00000000,RAW,TAJATAJA,type500,0,,
0x00000000,RAW,PMCPMC,type500,0,,
0x00000000,RAW,YOXYOX,type500,0,,
0x00000000,RAW,RITOTITO,type500,0,,
0x08041001,RAW,MEZANE,audio,1,,WIZZ
0x00000000,RAW,JUAJUA,type500,0,,
0x00000000,RAW,PKEPKE,type500,0,,
0x00000000,RAW,PETERPETER,type500,0,,
0x00000000,RAW,INIINI,type500,0,,
0x00000000,RAW,SASYSASY,type500,0,,
0x00000000,RAW,PIENSAPIENSA,type500,0,,
0x00000000,RAW,PISSAPISSA,type500,0,,
0x00000000,RAW,YASSYASS,type500,0,,
0x00000000,RAW,MANISHMANISH,type500,0,,
0x00000000,RAW,HOPPELOPPE,type500,0,,
0x00000000,RAW,LOTTYPOTTY,type500,0,,
0x00000000,RAW,AZDAAZDA,type500,0,,
0x00000000,RAW,JBABYBBABY,type500,0,,
0x00000000,RAW,WICHUWICHU,type500,0,,
0x00000000,RAW,OAKEOAKE,type500,0,,
0x00000000,RAW,ANAPANAP,type500,0,,
0x00000000,RAW,LNFLNF,type500,0,,
0x00000000,RAW,STALLSTALL,type500,0,,
0x08041001,RAW,REDELK,audio,1,,WIZZ
0x00000000,RAW,IAMRAM,type500,0,,
0x00000000,RAW,LEANLEAN,type500,0,,
0x08041001,RAW,AYAWNLNG,audio,1,,WIZZ
0x00000000,RAW,VARMAR,type500,0,,
0x00000000,RAW,UHHHHHHH,type500,0,,
0x00000000,RAW,PPPPPPPPPPPP,type500,0,,
0x00000000,RAW,LELLYJELLY,type500,0,,
0x00000000,RAW,SAIIMAII,type500,0,,
0x00000000,RAW,YANGJANG,type500,0,,
0x00000000,RAW,EMAMEMAM,type500,0,,
0x00000000,RAW,BHIMBHIM,type500,0,,
0x00000000,RAW,INDEINDE,type500,0,,
0x00000000,RAW,KASHYKASHY,type500,0,,
0x00000000,RAW,VOLOVOLO,type500,0,,
0x00000000,RAW,REDEREDE,type500,0,,
0x00000000,RAW,MOBBMOBB,type500,0,,
0x00000000,RAW,DARMAR,type500,0,,
0x00000000,RAW,MEGGALEGGA,type500,0,,
0x00000000,RAW,HIGGYPIGGY,type500,0,,
0x08041001,RAW,SHERAY,audio,1,,WIZZ
0x00000000,RAW,LOVOLOVO,type500,0,,
0x00000000,RAW,MAILKILJ,type500,0,,
0x00000000,RAW,GURUDURU,type500,0,,
0x00000000,RAW,EDWEDW,type500,0,,
0x00000000,RAW,MUSHPUSH,type500,0,,
0x00000000,RAW,GMAKGMAK,type500,0,,
0x00000000,RAW,AHAMEDAHAMED,type500,0,,
0x00000000,RAW,GILIBILI,type500,0,,
0x00000000,RAW,CRYMECRYME,type500,0,,
0x00000000,RAW,DMEJDMEJ,type500,0,,
0x00000000,RAW,WARMAR,type500,0,,
0x00000000,RAW,LOVEYYDOVEYY,type500,0,,
0x00000000,RAW,WIINII,type500,0,,
0x00000000,RAW,NUKUNUKU,type500,0,,
0x00000000,RAW,PILINTILIN,type500,0,,
0x00000000,RAW,EYXJEYXJ,type500,0,,
0x00000000,RAW,MEDIAMEDIA,type500,0,,
0x00000000,RAW,HSBCHSBC,type500,0,,
0x00000000,RAW,INKEYINKEY,type500,0,,
0x00000000,RAW,COTZCOTZ,type500,0,,
0x00000000,RAW,ABCZABCZ,type500,0,,
0x00000000,RAW,NRRNNRRN,type500,0,,
0x00000000,RAW,SALLGALL,type500,0,,
0x04041001,RAW,LAMSEN,audio,1,,WIZZ
0x00000000,RAW,DSGBDSGB,type500,0,,
0x00000000,RAW,HATKAT,type500,0,,
0x00000000,RAW,POPOROPO,type500,0,,
0x00000000,RAW,DRAIDRAI,type500,0,,
0x00000000,RAW,NIIWIN,type500,0,,
0x00000000,RAW,LUVILUVI,type500,0,,
0x00000000,RAW,IDSIDS,type500,0,,
0x00000000,RAW,BOOBOO,type500,0,,
0x00000000,RAW,IVORIVOR,type500,0,,
0x00000000,RAW,VICKYPICKY,type500,0,,
0x00000000,RAW,TABITABI,type500,0,,
0x00000000,RAW,OPOROPOR,type500,0,,
0x00000000,RAW,RUTERUTE,type500,0,,
0x00000000,RAW,NDNNDN,type500,0,,
0x00000000,RAW,MYPEEMYPEE,type500,0,,
0x00000000,RAW,HAKTAK,type500,0,,
0x00000000,RAW,DUSTDUST,type500,0,,
0x00000000,RAW,YUMEYUME,type500,0,,
0x00000000,RAW,AMMEAMME,type500,0,,
0x00000000,RAW,LASLAS,type500,0,,
0x00000000,RAW,SOOOSOOO,type500,0,,
0x00000000,RAW,PANUKAPANUKA,type500,0,,
0x00000000,RAW,TOTITOTI,type500,0,,
0x00000000,RAW,FLOOPFLOOP,type500,0,,
0x00000000,RAW,LITABITA,type500,0,,
0x00000000,RAW,APOAPO,type500,0,,
0x00000000,RAW,JONSKUPONSKU,type500,0,,
0x00000000,RAW,FGSFGS,type500,0,,
0x00000000,RAW,IINIIN,type500,0,,
0x00000000,RAW,SIDSTYGU,type500,0,,
0x00000000,RAW,SEGASEGA,type500,0,,
0x00000000,RAW,WEDWED,type500,0,,
0x00000000,RAW,KARMAR,type500,0,,
0x00000000,RAW,KINGBING,type500,0,,
0x00000000,RAW,FIDODIDO,type500,0,,
0x00000000,RAW,CHEPCHUP,type500,0,,
0x00000000,RAW,TROLLSTROLLS,type500,0,,
0x00000000,RAW,TEXOTEXO,type500,0,,
0x00000000,RAW,FUCKERFUCKER,type500,0,,
0x00000000,RAW,JAILJAIL,type500,0,,
0x00000000,RAW,ENIDENID,type500,0,,
0x00000000,RAW,RHAERHAE,type500,0,,
0x00000000,RAW,REEVEE,type500,0,,
0x00000000,RAW,FEATFEAT,type500,0,,
0x00000000,RAW,JPSSJPSS,type500,0,,
0x00000000,RAW,TIGHTTIGHT,type500,0,,
0x00000000,RAW,KUKURUKU,type500,0,,
0x00000000,RAW,HINAHINA,type500,0,,
0x00000000,RAW,JSHKDLJSHKDL,type500,0,,
0x00000000,RAW,AMRAMR,type500,0,,
0x00000000,RAW,JOOBOO,type500,0,,
0x00000000,RAW,TIAMUTIAMU,type500,0,,
0x00000000,RAW,ARJUNARJUN,type500,0,,
0x00000000,RAW,MCPMCP,type500,0,,
0x00000000,RAW,SYUKUR,type500,0,,
0x00000000,RAW,TEYNTEYN,type500,0,,
0x00000000,RAW,GOCKCOCK,type500,0,,
0x00000000,RAW,KIWIRIWI,type500,0,,
0x00000000,RAW,FIDMFIDM,type500,0,,
0x00000000,RAW,UKUKUKUK,type500,0,,
0x00000000,RAW,XXXXXXXX,type500,0,,
0x00000000,RAW,TINEDINE,type500,0,,
0x00000000,RAW,OLLYOLLY,type500,0,,
0x00000000,RAW,STUDSTUD,type500,0,,
0x00000000,RAW,MENMENMENMEN,type500,0,,
0x00000000,RAW,JILKIL,type500,0,,
0x00000000,RAW,PABMPABM,type500,0,,
0x00000000,RAW,LUNITUNI,type500,0,,
0x00000000,RAW,CYDCYD,type500,0,,
0x00000000,RAW,BOLTAPOLTA,type500,0,,
0x00000000,RAW,KIWIWIWI,type500,0,,
0x00000000,RAW,SMSMSMSM,type500,0,,
0x00000000,RAW,TDHTDH,type500,0,,
0x00000000,RAW,TITOTITO,type500,0,,
0x00000000,RAW,KAZZYRAZZY,type500,0,,
0x00000000,RAW,PIGPIG,type500,0,,
0x00000000,RAW,BABBYBABBY,type500,0,,
0x00000000,RAW,JESZNESZ,type500,0,,
0x000f0106,RAW,PAPAPAU,type500,0,,
0x00000000,RAW,RIGPIG,type500,0,,
0x00000000,RAW,SIDSID,type500,0,,
0x00000000,RAW,JUMBOMUMBO,type500,0,,
0x00000000,RAW,VOLIMTEVOLIMTE,type500,0,,
0x00000000,RAW,PUCKERFUCKER,type500,0,,
0x00000000,RAW,NEALNEAL,type500,0,,
0x00000000,RAW,CUTTCUTT,type500,0,,
0x04084011,RAW,DANMEIL,sprite,19,,BOIL;BRG1;CAVE;CLOU;CRYS;CSTL;EGGS;EVIL;FOOD;GLID;HEAD;MEGA;
0x00000000,RAW,LUCKYDUCKY,type500,0,,
0x00000000,RAW,GOELOE,type500,0,,
0x00000000,RAW,KIERIE,type500,0,,
0x00000000,RAW,HMIBHMIB,type500,0,,
0x00000000,RAW,YOSHIMOSHI,type500,0,,
0x00000000,RAW,MLGMLG,type500,0,,
0x00000000,RAW,NAHINAHI,type500,0,,
0x00000000,RAW,KUKUKIWI,type500,0,,
0x00000000,RAW,TEEBTEEB,type500,0,,
0x00000000,RAW,DUKU,type500,0,,
0x00000000,RAW,NEWDEW,type500,0,,
0x00000000,RAW,ARMARM,type500,0,,
0x00000000,RAW,SEIREI,type500,0,,
0x00000000,RAW,JANELANE,type500,0,,
0x00000000,RAW,BONABONA,type500,0,,
0x00000000,RAW,WIWIWIWI,type500,0,,
0x00000000,RAW,JDSMARIE,type500,0,,
0x00000000,RAW,BOCNOC,type500,0,,
0x00000000,RAW,HOODMOBB,type500,0,,
0x00000000,RAW,LICHLICH,type500,0,,
0x00000000,RAW,KMKHMK,type500,0,,
0x00000000,RAW,NEIKYNEIKY,type500,0,,
0x04041001,RAW,MARIELOIZA,audio,1,,WIZZ
0x00000000,RAW,LOUPLOUP,type500,0,,
0x00000000,RAW,GMLGML,type500,0,,
0x00000000,RAW,NERRINERRI,type500,0,,
0x00000000,RAW,SMIRESMIRE,type500,0,,
0x00000000,RAW,MONKAWONKA,type500,0,,
0x00000000,RAW,ÀÃÍÐÙÎÚÉ,type500,0,,
0x00000000,RAW,NATKAT,type500,0,,
0x08041001,RAW,EMIELY,audio,1,,WIZZ
0x00000000,RAW,DONCON,type500,0,,
0x00000000,RAW,MYMMMYMM,type500,0,,
0x00000000,RAW,BYRNEBYRNE,type500,0,,
0x00000000,RAW,MCVZMCVZ,type500,0,,
0x00000000,RAW,SELLYJELLY,type500,0,,
0x00000000,RAW,HANAMOLHANAMOL,type500,0,,
0x00000000,RAW,IASCIASC,type500,0,,
0x00000000,RAW,PIDODIDO,type500,0,,
0x00000000,RAW,ENDIENDI,type500,0,,
0x00000000,RAW,MAOPAO,type500,0,,
0x00000000,RAW,KLAUSKLAUS,type500,0,,
0x00000000,RAW,DUKEPP,type500,0,,
0x00000000,RAW,MXPXPXPX,type500,0,,
0x00000000,RAW,SIXTEENSIXTEEN,type500,0,,
0x00000000,RAW,BRITOBRITO,type500,0,,
0x00000000,RAW,ANCAMANCAM,type500,0,,
0x00000000,RAW,KCRKCR,type500,0,,
0x00000000,RAW,CHICICHICI,type500,0,,
0x00000000,RAW,TEGTEG,type500,0,,
0x00000000,RAW,JPFJPF,type500,0,,
0x00000000,RAW,PASWORDPASWORD,type500,0,,
0x00000000,RAW,PRINGPRING,type500,0,,
0x00000000,RAW,YAHWAH,type500,0,,
0x00000000,RAW,RGGRGG,type500,0,,
0x00000000,RAW,JFPJFP,type500,0,,
0x00000000,RAW,JUDEBUDE,type500,0,,
0x00000000,RAW,GINNYBINNY,type500,0,,
0x00000000,RAW,LIKLIK,type500,0,,
0x00000000,RAW,AMARMA,type500,0,,
0x00000000,RAW,KURCKKURCK,type500,0,,
0x04041001,RAW,KUROJANG,audio,1,,WIZZ
0x00000000,RAW,HESHES,type500,0,,
0x00000000,RAW,DLDLDLDL,type500,0,,
0x00000000,RAW,FUNNEHBUNNEH,type500,0,,
0x00000000,RAW,CHICHACHICHA,type500,0,,
0x00000000,RAW,NYYNYY,type500,0,,
0x00000000,RAW,CHEEVEEN,type500,0,,
0x00000000,RAW,YIINGYIING,type500,0,,
0x00000000,RAW,CELLCELL,type500,0,,
0x00000000,RAW,SHIEJHIE,type500,0,,
0x00000000,RAW,AMIGOSAMIGOS,type500,0,,
0x00000000,RAW,CHAZZCHAZZ,type500,0,,
0x00000000,RAW,KUMARKUMAR,type500,0,,
0x00000000,RAW,PICKYPICKY,type500,0,,
0x00000000,RAW,IREIRE,type500,0,,
0x00000000,RAW,APLTLD,type500,0,,
0x00000000,RAW,MASUKLAH,type500,0,,
0x00000000,RAW,NATASHANATASHA,type500,0,,
0x00000000,RAW,BABYBBABYB,type500,0,,
0x00000000,RAW,GANGJANG,type500,0,,
0x00000000,RAW,HOVARHOVAR,type500,0,,
0x00000000,RAW,PURIPURI,type500,0,,
0x00000000,RAW,TSYTSY,type500,0,,
0x00000000,RAW,JIGGYPIGGY,type500,0,,
0x00000000,RAW,JONYJONY,type500,0,,
0x00000000,RAW,LEKKYLEKKY,type500,0,,
0x00000000,RAW,TIMJIM,type500,0,,
0x00000000,RAW,CAIRNSCAIRNS,type500,0,,
0x00000000,RAW,BNBNBNBN,type500,0,,
0x00000000,RAW,AITBAITB,type500,0,,
0x00000000,RAW,KHMKHM,type500,0,,
0x00000000,RAW,EVEEVE,type500,0,,
0x00000000,RAW,KHHHHHHH,type500,0,,
0x00000000,RAW,RACJRACJ,type500,0,,
0x00000000,RAW,GALSAL,type500,0,,
0x00000000,RAW,ROOBOO,type500,0,,
0x08148300,RAW,RIMAFE,sprite,3,,EVIL;FINN;RUNN
0x62000441,RAW,JANGKRIX,audio,2,,BRG1;SOAR
0x00000000,RAW,TOPOROPO,type500,0,,
0x00000000,RAW,HUIQIHUIQI,type500,0,,
0x00000000,RAW,PPMSPPMS,type500,0,,
0x00000000,RAW,BUIBUI,type500,0,,
0x00000000,RAW,CARLYHARLY,type500,0,,
0x00000000,RAW,SCIASCIA,type500,0,,
0x00000000,RAW,MEGGMEGG,type500,0,,
0x00000000,RAW,PEEVEE,type500,0,,
0x00000000,RAW,KMODMO,type500,0,,
0x00000000,RAW,HOHAHOHA,type500,0,,
0x00000000,RAW,GYMSGYMS,type500,0,,
0x00000000,RAW,FSGFSG,type500,0,,
0x00000000,RAW,SURFSURF,type500,0,,
0x00000000,RAW,BFOIBFOI,type500,0,,
0x00000000,RAW,NHERZGHERZ,type500,0,,
0x00000000,RAW,AMENME,type500,0,,
0x30a0c119,WRAP,ZAMEENA,sprite,1,,MENU
0x00000000,RAW,RIMJIM,type500,0,,
0x00000000,RAW,KAMRAM,type500,0,,
0x00000000,RAW,FINNYBINNY,type500,0,,
0x00000000,RAW,ROKASROKAS,type500,0,,
0x00000000,RAW,QUENGQUENG,type500,0,,
0x00000000,RAW,SILIBILI,type500,0,,
0x60830860,RAW,ELLIEEGG,audio,2,,RUNN;SNOW
0x00000000,RAW,RASSYASS,type500,0,,
0x00000000,RAW,FOKFOK,type500,0,,
0x00000000,RAW,HONCON,type500,0,,
0x00000000,RAW,THEHUBTHEHUB,type500,0,,
0x00000000,RAW,CALSAL,type500,0,,
0x00000000,RAW,FUKUFUKU,type500,0,,
0x00000000,RAW,LEGTEG,type500,0,,
0x00000000,RAW,ATHABATHAB,type500,0,,
0x00000000,RAW,QUEFUE,type500,0,,
0x00000000,RAW,MINGBING,type500,0,,
0x00000000,RAW,FOBIFOBI,type500,0,,
0x00000000,RAW,LINNYBINNY,type500,0,,
0x00000000,RAW,TERUTERU,type500,0,,
0x00000000,RAW,DEWDEW,type500,0,,
0x00000000,RAW,JAYFAY,type500,0,,
0x00000000,RAW,GHQGHQ,type500,0,,
0x00000000,RAW,JJLJJL,type500,0,,
0x00000000,RAW,TESTTEST,type500,0,,
0x00000000,RAW,ELSOMELSOM,type500,0,,
0x00000000,RAW,MIRYLIRY,type500,0,,
0x08041001,RAW,LOER,audio,1,,WIZZ
0x00000000,RAW,BADETBADET,type500,0,,
0x00000000,RAW,TARYTARY,type500,0,,
0x00000000,RAW,SDISDI,type500,0,,
0x00000000,RAW,TRIXYTRIXY,type500,0,,
0x00000000,RAW,EDDSEDDS,type500,0,,
0x00000000,RAW,MENMEN,type500,0,,
0x00000000,RAW,ROLLIPOLLI,type500,0,,
0x00000000,RAW,SARMAR,type500,0,,
0x00000000,RAW,MAYTEMAYTE,type500,0,,
0x00000000,RAW,BELLABELLA,type500,0,,
0x00000000,RAW,BOOBOOBUIBUI,type500,0,,
0x04041001,RAW,RYUKAN,audio,1,,WIZZ
0x00000000,RAW,LYZALYZA,type500,0,,
0x00000000,RAW,LPOULPOU,type500,0,,
0x00000000,RAW,INWIRE,type500,0,,
0x00000000,RAW,JONCON,type500,0,,
0x00000000,RAW,LOUKAPOUKA,type500,0,,
0x00000000,RAW,BATIBATI,type500,0,,
0x00000000,RAW,KUPAOKUPAO,type500,0,,
0x00000000,RAW,AREHAREH,type500,0,,
0x00000000,RAW,BURINBURIN,type500,0,,
0x08148300,RAW,RITETA,sprite,3,,EVIL;FINN;RUNN
0x00000000,RAW,MURTLETURTLE,type500,0,,
0x00000000,RAW,CATKAT,type500,0,,
0x00000000,RAW,LEOLEO,type500,0,,
0x00000000,RAW,BRANDYBRANDY,type500,0,,
0x00000000,RAW,BAHTABAHTA,type500,0,,
0x00000000,RAW,LANELANE,type500,0,,
0x00000000,RAW,YELLABELLA,type500,0,,
0x00000000,RAW,JELLYJELLY,type500,0,,
0x00000000,RAW,JOYNJOYN,type500,0,,
0x00000000,RAW,NIINII,type500,0,,
0x00000000,RAW,TANIASTANIAS,type500,0,,
0x08041001,RAW,RIPZFATE,audio,1,,WIZZ
0x00000000,RAW,ABONABON,type500,0,,
0x00000000,RAW,NUTTABUTTA,type500,0,,
0x00000000,RAW,WILTWILT,type500,0,,
0x00000000,RAW,ARISMEND,type500,0,,
0x00c60046,RAW,BOPEPOMEN,type500,0,,
0x00000000,RAW,CRIBCRIB,type500,0,,
0x00000000,RAW,CNOCNO,type500,0,,
0x00000000,RAW,DSIDSI,type500,0,,
0x00000000,RAW,HEEBEEJEEBEE,type500,0,,
0x00000000,RAW,ZOELOEZOELOE,type500,0,,
0x00000000,RAW,IAMSHERI,type500,0,,
0x00000000,RAW,PIPERPIPER,type500,0,,
0x38a0c119,WRAP,MADISSYN,sprite,1,,MENU
0x00000000,RAW,DMANDMAN,type500,0,,
0x00000000,RAW,NFLNFL,type500,0,,
0x00000000,RAW,CARMAR,type500,0,,
0x00000000,RAW,JJKKUU,type500,0,,
0x00000000,RAW,JTBJTB,type500,0,,
0x00000000,RAW,KARALARA,type500,0,,
0x00000000,RAW,COILYCOILY,type500,0,,
0x04041001,RAW,RAYNYM,audio,1,,WIZZ
0x00000000,RAW,LOADLOAD,type500,0,,
0x00000000,RAW,SYTSYT,type500,0,,
0x00000000,RAW,TRIKSENTRIKSEN,type500,0,,
0x2c182010,RAW,SAYMAIY,sprite,1,,MEGA
0x00000000,RAW,TSETTSET,type500,0,,
0x00000000,RAW,PIPACSPIPACS,type500,0,,
0x00000000,RAW,WANZWANZ,type500,0,,
0x00000000,RAW,RUKURUKU,type500,0,,
0x00000000,RAW,TIZITIZI,type500,0,,
0x00000000,RAW,POOTERWOOTER,type500,0,,
0x00000000,RAW,FYAFYA,type500,0,,
0x00000000,RAW,MDOMDO,type500,0,,
0x00000000,RAW,GUIGASGUIGAS,type500,0,,
0x00000000,RAW,MEYBEY,type500,0,,
0x00000000,RAW,RITABITA,type500,0,,
0x00000000,RAW,FISKHAJFISKHAJ,type500,0,,
0x00000000,RAW,FTFFTF,type500,0,,
0x00000000,RAW,CDLMCDLM,type500,0,,
0x00000000,RAW,GARMAR,type500,0,,
0x00000000,RAW,LUKASLUKAS,type500,0,,
0x00000000,RAW,NAXYNAXY,type500,0,,
0x00000000,RAW,NSRMNSRM,type500,0,,
0x00000000,RAW,FAITBAIT,type500,0,,
0x00000000,RAW,KYLLAPSKYLLAPS,type500,0,,
0x00000000,RAW,PHYOPHYO,type500,0,,
0x00000000,RAW,TAMRAM,type500,0,,
0x00000000,RAW,SMLTSMLT,type500,0,,
0x00000000,RAW,SARALARA,type500,0,,
0x00000000,RAW,IBUIBU,type500,0,,
0x00000000,RAW,KATERTATER,type500,0,,
0x00000000,RAW,DWIDARMA,type500,0,,
0x00000000,RAW,HYJUHYJU,type500,0,,
0x0e041001,RAW,YAROWN,audio,1,,WIZZ
0x00000000,RAW,XCPUXCPU,type500,0,,
0x00000000,RAW,COUNTERCOUNTER,type500,0,,
0x00000000,RAW,RELLABELLA,type500,0,,
0x00000000,RAW,CELIFELI,type500,0,,
0x00000000,RAW,LARALARA,type500,0,,
0x00000000,RAW,TKATKA,type500,0,,
0x00000000,RAW,WEKWETIWEKWETI,type500,0,,
0x00000000,RAW,GIPGIP,type500,0,,
0x00000000,RAW,INAHINAH,type500,0,,
0x00000000,RAW,PANAPANA,type500,0,,
0x00000000,RAW,TIGYWIGY,type500,0,,
0x00000000,RAW,DINEDINE,type500,0,,
0x00000000,RAW,DENIDENI,type500,0,,
0x00000000,RAW,JACKOBACKO,type500,0,,
0x00000000,RAW,MATKAT,type500,0,,
0x00000000,RAW,GFSGFS,type500,0,,
0x00000000,RAW,JARRYBARRY,type500,0,,
0x00000000,RAW,MELOVANACHUPAR,type500,0,,
0x00000000,RAW,SHAWHA,type500,0,,
0x00000000,RAW,RUPIRUPI,type500,0,,
0x00000000,RAW,DOOBOO,type500,0,,
0x00000000,RAW,MCMCMCMC,type500,0,,
0x00000000,RAW,RAZZYRAZZY,type500,0,,
0x00000000,RAW,PREYPREY,type500,0,,
0x00000000,RAW,SAJBSAJB,type500,0,,
0x00000000,RAW,FLOSSYFLOSSY,type500,0,,
0x00000000,RAW,KAJJKAJJ,type500,0,,
0x00000000,RAW,ZUPERDUPER,type500,0,,
0x00000000,RAW,SENAYSENAY,type500,0,,
0x00000000,RAW,VIRNAVIRNA,type500,0,,
0x00000000,RAW,LOMISMOLOMISMO,type500,0,,
0x00000000,RAW,JOURJOUR,type500,0,,
0x00000000,RAW,RALARALA,type500,0,,
0x00000000,RAW,MIJMIJ,type500,0,,
0x00000000,RAW,FUZZLEFUZZLE,type500,0,,
0x00000000,RAW,SOGARDSOGARD,type500,0,,
0x00000000,RAW,YUKKILUKKI,type500,0,,
0x00000000,RAW,WONKAWONKA,type500,0,,
0x00000000,RAW,CLEOLE,type500,0,,
0x00000000,RAW,MIRIANMIRIAN,type500,0,,
0x00000000,RAW,CISACISA,type500,0,,
0x00000000,RAW,LTLTLTLT,type500,0,,
0x00000000,RAW,BOWZOW,type500,0,,
0x00000000,RAW,PNBPNB,type500,0,,
0x00000000,RAW,MAIIMAII,type500,0,,
0x00000000,RAW,OGJOGJ,type500,0,,
0x00000000,RAW,BOBBALOBBA,type500,0,,
0x00000000,RAW,BOMBBOMB,type500,0,,
0x00000000,RAW,URIIRUURIIRU,type500,0,,
0x040a2110,RAW,MDSOUR,sprite,1,,FINN
0x00000000,RAW,BALIWSAU,type500,0,,
0x00000000,RAW,TUTWIL,type500,0,,
0x00000000,RAW,LEEVEE,type500,0,,
0x00000000,RAW,LILIBILI,type500,0,,
0x00000000,RAW,LANDALANDA,type500,0,,
0x00000000,RAW,BROCKOBROCKO,type500,0,,
0x00000000,RAW,WIGGYPIGGY,type500,0,,
0x00000000,RAW,NHAINHAI,type500,0,,
0x00000000,RAW,TORKTORK,type500,0,,
0x00000000,RAW,LEOLEOLEOLEO,type500,0,,
0x00000000,RAW,MERCYMERCY,type500,0,,
0x00000000,RAW,NKGNKG,type500,0,,
0x00000000,RAW,HERROHERRO,type500,0,,
0x00000000,RAW,ARTYARTY,type500,0,,
0x00000000,RAW,JJFFJJFF,type500,0,,
0x00000000,RAW,BRIERI,type500,0,,
0x00000000,RAW,LENALENA,type500,0,,
0x00000000,RAW,STARMARY,type500,0,,
0x00000000,RAW,CECILCECIL,type500,0,,
0x00000000,RAW,BOGUSBOGUS,type500,0,,
0x00000000,RAW,SEANYSEANY,type500,0,,
0x00000000,RAW,SEXIZEXI,type500,0,,
0x00000000,RAW,AIINII,type500,0,,
0x00000000,RAW,CJSCJS,type500,0,,
0x00000000,RAW,HPHPHPHP,type500,0,,
0x00000000,RAW,AEAYAEAY,type500,0,,
0x00000000,RAW,JACKASSJACKASS,type500,0,,
0x00000000,RAW,YVEEVE,type500,0,,
0x08041001,RAW,RAHELG,audio,1,,WIZZ
0x00000000,RAW,PAPOPAPO,type500,0,,
0x00000000,RAW,ALODALOD,type500,0,,
0x00000000,RAW,HARMAR,type500,0,,
0x00000000,RAW,MMSSMMSS,type500,0,,
0x00000000,RAW,HEKEKEKE,type500,0,,
0x00000000,RAW,YTRAYTRA,type500,0,,
0x00000000,RAW,NEEVEE,type500,0,,
0x00000000,RAW,TEEVEE,type500,0,,
0x40b48011,RAW,ERICOBAZUAYE,sprite,1,,MENU
0x00000000,RAW,VINCYMINCY,type500,0,,
0x00000000,RAW,TURNERTURNER,type500,0,,
0x00000000,RAW,SAKASAKA,type500,0,,
0x00000000,RAW,COCOSLOCOS,type500,0,,
0x00000000,RAW,LIEFLIEF,type500,0,,
0x00000000,RAW,SEXEKSEXEK,type500,0,,
0x00000000,RAW,RWWRWW,type500,0,,
0x00000000,RAW,HIOHIO,type500,0,,
0x00000000,RAW,SCHUCH,type500,0,,
0x00000000,RAW,MATTWILL,type500,0,,
0x00000000,RAW,MCMSMCMS,type500,0,,
0x00000000,RAW,JELEJELE,type500,0,,
0x00000000,RAW,GFKGVKGFKGVK,type500,0,,
0x00000000,RAW,DUCKYDUCKY,type500,0,,
0x00000000,RAW,QIWIQIWI,type500,0,,
0x00000000,RAW,SUXSUX,type500,0,,
0x00000000,RAW,KIKAKIKA,type500,0,,
0x00000000,RAW,CESECESE,type500,0,,
0x00000000,RAW,MIJMIJMIJMIJ,type500,0,,
0x00000000,RAW,SWIMSWIM,type500,0,,
0x00000000,RAW,MORRMORR,type500,0,,
0x00000000,RAW,SOUHASOUHA,type500,0,,
0x00000000,RAW,JOFAJOFA,type500,0,,
0x00000000,RAW,DARIDARI,type500,0,,
0x00000000,RAW,TENMEN,type500,0,,
0x00000000,RAW,DESSEPESSE,type500,0,,
0x00000000,RAW,TONOTONO,type500,0,,
0x00000000,RAW,MANILOMANILO,type500,0,,
0x00000000,RAW,SOUPYSOUPY,type500,0,,
0x00000000,RAW,FLUTEFLUTE,type500,0,,
0x00000000,RAW,YOIOYOIO,type500,0,,
0x00000000,RAW,THANUTHANU,type500,0,,
0x00000000,RAW,TOONTOON,type500,0,,
0x00000000,RAW,CHEWYCHEWY,type500,0,,
0x00000000,RAW,IGCMIGCM,type500,0,,
0x00000000,RAW,BARKBARK,type500,0,,
0x00000000,RAW,RESIMRESIM,type500,0,,
0x00000000,RAW,SUUUAUUU,type500,0,,
0x28a0c119,WRAP,MADOGRASS,sprite,1,,MENU
0x00000000,RAW,PANGYAPANGYA,type500,0,,
0x00000000,RAW,ZWGHZWGH,type500,0,,
0x00000000,RAW,HORNELAS,type500,0,,
0x00000000,RAW,DORNELAS,type500,0,,
0x00000000,RAW,HOIHOIHOIHOI,type500,0,,
0x00000000,RAW,KALCEKALCE,type500,0,,
0x28a0c119,WRAP,MADISLN,sprite,1,,MENU
0x00000000,RAW,CPMCPM,type500,0,,
0x00000000,RAW,OIGPIG,type500,0,,
0x00000000,RAW,LOCOSLOCOS,type500,0,,
0x00000000,RAW,DOLADOLA,type500,0,,
0x00000000,RAW,REAHREAH,type500,0,,
0x28a0c119,WRAP,RHAME,sprite,1,,MENU
0x00000000,RAW,POCOSLOCOS,type500,0,,
0x00000000,RAW,SEXYJEXY,type500,0,,
0x00000000,RAW,MARMARMARMAR,type500,0,,
0x00000000,RAW,RLBRLB,type500,0,,
0x00000000,RAW,TUWTUW,type500,0,,
0x00000000,RAW,HAYATIHAYATI,type500,0,,
0x00000000,RAW,SZSSZS,type500,0,,
0x00000000,RAW,YOBOOB,type500,0,,
0x00000000,RAW,MAHWAH,type500,0,,
0x00000000,RAW,ROSSYROSSY,type500,0,,
0x00000000,RAW,CCOKCCOK,type500,0,,
0x00000000,RAW,LEIFLEIF,type500,0,,
0x00000000,RAW,BIGNBIGN,type500,0,,
0x00000000,RAW,CAMOCAMO,type500,0,,
0x00000000,RAW,LIAVIA,type500,0,,
0x00000000,RAW,RAJASVYRAJASVY,type500,0,,
0x00000000,RAW,YURYUR,type500,0,,
0x00000000,RAW,KUKUKUKU,type500,0,,
0x00000000,RAW,ALTLALTL,type500,0,,
0x00000000,RAW,KUVILUVI,type500,0,,
0x00000000,RAW,GOJGOJ,type500,0,,
0x08041001,RAW,DUSTYBIN,audio,1,,WIZZ
0x00000000,RAW,SAGESAGE,type500,0,,
0x00000000,RAW,ERIERI,type500,0,,
0x00000000,RAW,TEJAMOTEJAMO,type500,0,,
0x00000000,RAW,SHADSHAD,type500,0,,
0x00000000,RAW,MELLABELLA,type500,0,,
0x00000000,RAW,KEIREI,type500,0,,
0x00000000,RAW,TTAIBTAI,type500,0,,
0x00000000,RAW,JUULJUUL,type500,0,,
0x00000000,RAW,MANDMAND,type500,0,,
0x00000000,RAW,RAMRAMRAMRAM,type500,0,,
0x00000000,RAW,WOYAWOYA,type500,0,,
0x00000000,RAW,FUCKYDUCKY,type500,0,,
0x00000000,RAW,ELKUKI,type500,0,,
0x00000000,RAW,XEBAXEBA,type500,0,,
0x00000000,RAW,JESSEPESSE,type500,0,,
0x00000000,RAW,KOESIEKOESIE,type500,0,,
0x00000000,RAW,COMACOMA,type500,0,,
0x00000000,RAW,SERTEPERTE,type500,0,,
0x00000000,RAW,LODALODA,type500,0,,
0x00000000,RAW,WWRWWR,type500,0,,
0x00000000,RAW,PEQUEPEQUE,type500,0,,
0x00000000,RAW,NOCNOC,type500,0,,
0x00000000,RAW,WIFELIFE,type500,0,,
0x00000000,RAW,SANGERSANGER,type500,0,,
0x08041001,RAW,WILFED,audio,1,,WIZZ
0x00000000,RAW,THUCHU,type500,0,,
0x00000000,RAW,PRIZKRIZ,type500,0,,
0x00000000,RAW,BEIDERWIEDEN,type500,0,,
0x00000000,RAW,RADHARADHA,type500,0,,
0x00000000,RAW,TRELITRELI,type500,0,,
0x00000000,RAW,NELANELA,type500,0,,
0x00000000,RAW,PUGDUG,type500,0,,
0x00000000,RAW,GYGY,type500,0,,
0x00000000,RAW,SCHOENSCHOEN,type500,0,,
0x00000000,RAW,KRIZKRIZ,type500,0,,
0x00000000,RAW,RUUDRUUD,type500,0,,
0x00000000,RAW,JERIWN,type500,0,,
0x00000000,RAW,ZIGPIG,type500,0,,
0x00000000,RAW,TWUTWU,type500,0,,
0x04041001,RAW,RUSTYGRL,audio,1,,WIZZ
0x00000000,RAW,MGLMGL,type500,0,,
0x00000000,RAW,JULIKAJULIKA,type500,0,,
0x00000000,RAW,NAJAFNAJAF,type500,0,,
0x00000000,RAW,FAHQFAHQ,type500,0,,
0x00000000,RAW,SERIER,type500,0,,
0x00000000,RAW,NCONCO,type500,0,,
0x00000000,RAW,HIGPIG,type500,0,,
0x00000000,RAW,LAIVAI,type500,0,,
0x00000000,RAW,WUTWUT,type500,0,,
0x00000000,RAW,CHEEKCHEEK,type500,0,,
0x00000000,RAW,RHEARHEA,type500,0,,
0x00000000,RAW,NESSATESSA,type500,0,,
0x00000000,RAW,DIZYDIZY,type500,0,,
0x00000000,RAW,HALSAL,type500,0,,
0x00000000,RAW,ACHTACHT,type500,0,,
0x00000000,RAW,CUSHPUSH,type500,0,,
0x00000000,RAW,CHILCHIL,type500,0,,
0x00000000,RAW,HAIAMHAIAM,type500,0,,
0x00000000,RAW,MGLMGLMGLMGL,type500,0,,
0x00000000,RAW,TUVATUVA,type500,0,,
0x00000000,RAW,ALENALEN,type500,0,,
0x02102152,RAW,DUMBETS,audio,2,,BOIL;FOOD
0x00000000,RAW,PIWI,type500,0,,
0x00000000,RAW,JHAMJHAM,type500,0,,
0x00000000,RAW,RSTYGL,type500,0,,
0x00000000,RAW,FOXSFOXS,type500,0,,
0x00000000,RAW,KOFKOF,type500,0,,
0x00000000,RAW,KALLEBALLE,type500,0,,
0x00000000,RAW,FBXFBX,type500,0,,
0x00000000,RAW,DELLABELLA,type500,0,,
0x00000000,RAW,NIOOKNIOOK,type500,0,,
0x00000000,RAW,UFFLENUFFLEN,type500,0,,
0x00000000,RAW,HOYHOYHOYHOY,type500,0,,
0x00000000,RAW,REVENREVEN,type500,0,,
0x00000000,RAW,FORTEFORTE,type500,0,,
0x00000000,RAW,PEKPEK,type500,0,,
0x00000000,RAW,NITABITA,type500,0,,
0x00000000,RAW,BSMS,type500,0,,
0x00000000,RAW,STYSTY,type500,0,,
0x00000000,RAW,XPXPXPXP,type500,0,,
0x00000000,RAW,AKSAAKSA,type500,0,,
0x00000000,RAW,JEAPJEAP,type500,0,,
0x00000000,RAW,GIGIGIGI,type500,0,,
0x00000000,RAW,BINGBING,type500,0,,
0x00000000,RAW,CEROZERO,type500,0,,
0x00000000,RAW,TINDUPINDU,type500,0,,
0x00000000,RAW,PIGPIGPIGPIG,type500,0,,
0x00000000,RAW,MIKEYNIKEY,type500,0,,
0x00000000,RAW,XENALENA,type500,0,,
0x00000000,RAW,KEKEKEKE,type500,0,,
0x00000000,RAW,SYOESYOE,type500,0,,
0x00000000,RAW,SAMFLOEMMA,type500,0,,
0x00000000,RAW,XVRXVR,type500,0,,
0x00000000,RAW,WATTWATT,type500,0,,
0x00000000,RAW,DRUPEDRUPE,type500,0,,
0x08192250,RAW,FUNKYCHLOE,sprite,1,,MEGA
0x00000000,RAW,JLEEJLEE,type500,0,,
0x00000000,RAW,CQLCQL,type500,0,,
0x00000000,RAW,SMSMMSMS,type500,0,,
0x00000000,RAW,LARRYBARRY,type500,0,,
0x00000000,RAW,GYGYGYGY,type500,0,,
0x00000000,RAW,WAIVAI,type500,0,,
0x08041001,RAW,RIQIKU,audio,1,,WIZZ
0x00000000,RAW,DHEODHEO,type500,0,,
0x00000000,RAW,MIDODIDO,type500,0,,
0x00000000,RAW,NIKITANIKITA,type500,0,,
0x00000000,RAW,HEYBEY,type500,0,,
0x00000000,RAW,MHIEJHIE,type500,0,,
0x00000000,RAW,JONABONA,type500,0,,
0x00000000,RAW,EREDERED,type500,0,,
0x00000000,RAW,POULPOUL,type500,0,,
0x00000000,RAW,RAVERRAVER,type500,0,,
0x00000000,RAW,FEETBEET,type500,0,,
0x00000000,RAW,TRUETRUE,type500,0,,
0x00000000,RAW,PUSHPUSH,type500,0,,
0x00000000,RAW,ZALYZALY,type500,0,,
0x00000000,RAW,DEMIADEMIA,type500,0,,
0x00000000,RAW,VEDAVEDA,type500,0,,
0x00000000,RAW,UJAUJA,type500,0,,
0x00000000,RAW,BNHJNH,type500,0,,
0x00000000,RAW,SACHASACHA,type500,0,,
0x00000000,RAW,MOONTOON,type500,0,,
0x00000000,RAW,TARALARA,type500,0,,
0x00000000,RAW,NYETNYET,type500,0,,
0x00000000,RAW,VINODVINOD,type500,0,,
0x00000000,RAW,TRAYTRAY,type500,0,,
0x00000000,RAW,LUGDUG,type500,0,,
0x00000000,RAW,JABSJABS,type500,0,,
0x00000000,RAW,AOKEAOKE,type500,0,,
0x00000000,RAW,TOMTOMTOMTOM,type500,0,,
0x00000000,RAW,PLAYBOYPLAYBOY,type500,0,,
0x00000000,RAW,JENALENA,type500,0,,
0x00000000,RAW,POGZPOGZ,type500,0,,
0x00000000,RAW,JOELOE,type500,0,,
0x00000000,RAW,SHHHHHHH,type500,0,,
0x00000000,RAW,DESTINYDESTINY,type500,0,,
0x00000000,RAW,MINNIEMINNIE,type500,0,,
0x0e041001,RAW,PISCAPOCHA,audio,1,,WIZZ
0x00000000,RAW,TILINTILIN,type500,0,,
0x00000000,RAW,DIPPOHIPPO,type500,0,,
0x00000000,RAW,RAYFAY,type500,0,,
0x00000000,RAW,RNRNRNRN,type500,0,,
0x00000000,RAW,PHOYPHOY,type500,0,,
0x00000000,RAW,REHAREHA,type500,0,,
0x00000000,RAW,SEVCANSEVCAN,type500,0,,
0x00000000,RAW,CDODDSRDODDS,type500,0,,
0x00000000,RAW,AJEPAJEP,type500,0,,
0x00000000,RAW,DELTERDELTER,type500,0,,
0x00000000,RAW,JLJJLJ,type500,0,,
0x00000000,RAW,LADOLADO,type500,0,,
0x00000000,RAW,NHHHHHHH,type500,0,,
0x00000000,RAW,AFYAFY,type500,0,,
0x00000000,RAW,ZANELANE,type500,0,,
0x00000000,RAW,OESTEOESTE,type500,0,,
0x00000000,RAW,AEHRAEHR,type500,0,,
0x00000000,RAW,MACUZMACUZ,type500,0,,
0x00000000,RAW,LATERTATER,type500,0,,
0x00000000,RAW,NELLYJELLY,type500,0,,
0x00000000,RAW,DTHDTH,type500,0,,
0x00000000,RAW,BAMRAM,type500,0,,
0x00000000,RAW,PIGYWIGY,type500,0,,
0x00000000,RAW,OHCUHC,type500,0,,
0x00000000,RAW,CASSLEECASSLEE,type500,0,,
0x00000000,RAW,MFMMFM,type500,0,,
0x00000000,RAW,CHABELACHABELA,type500,0,,
0x00000000,RAW,DAJELDAJEL,type500,0,,
0x00000000,RAW,WKLRWKLR,type500,0,,
0x00000000,RAW,ITOTITOT,type500,0,,
0x00000000,RAW,EBETEBET,type500,0,,
0x00000000,RAW,IYINGIYING,type500,0,,
0x00000000,RAW,DEVADEVA,type500,0,,
0x00000000,RAW,DLONRADLONRA,type500,0,,
0x00000000,RAW,PAANPAAN,type500,0,,
0x00000000,RAW,TEGASEGA,type500,0,,
0x00000000,RAW,TIWITIWI,type500,0,,
0x00000000,RAW,USALSA,type500,0,,
0x00000000,RAW,SOQOSOQO,type500,0,,
0x00000000,RAW,DOGJOG,type500,0,,
0x00000000,RAW,WELLABELLA,type500,0,,
0x00000000,RAW,BYEBYEBYEBYE,type500,0,,
0x00000000,RAW,PATRIPATRI,type500,0,,
0x00000000,RAW,CONCON,type500,0,,
0x00000000,RAW,RAGGAPAGGA,type500,0,,
0x00000000,RAW,KIDODIDO,type500,0,,
0x00000000,RAW,DOITTOIT,type500,0,,
0x38a0c119,WRAP,ROYNEN,sprite,1,,MENU
0x00000000,RAW,ICTICT,type500,0,,
0x00000000,RAW,SEHSEH,type500,0,,
0x00000000,RAW,XIPOXIPO,type500,0,,
0x00000000,RAW,MOOSEJOOSE,type500,0,,
0x00000000,RAW,HUSSYLUSSY,type500,0,,
0x00000000,RAW,CZCCZC,type500,0,,
0x00000000,RAW,BOOBOOBOOBOO,type500,0,,
0x00000000,RAW,SIMBUSIMBU,type500,0,,
0x00000000,RAW,POAPOA,type500,0,,
0x00000000,RAW,IERIER,type500,0,,
0x00000000,RAW,DANDAHDANDAH,type500,0,,
0x00000000,RAW,TTLT,type500,0,,
0x00000000,RAW,CBKSBK,type500,0,,
0x00000000,RAW,UBIUBI,type500,0,,
0x00000000,RAW,SKAWITCH,type500,0,,
0x31190002,RAW,SAHASHI,type700,0,,
0x08041001,RAW,LORENM,audio,1,,WIZZ
0x00000000,RAW,JEEVEE,type500,0,,
0x00000000,RAW,YELISSELIS,type500,0,,
0x00000000,RAW,ZOOBOO,type500,0,,
0x00000000,RAW,CHUCHU,type500,0,,
0x00000000,RAW,BENKBENK,type500,0,,
0x00000000,RAW,EDINEDIN,type500,0,,
0x00000000,RAW,LAGLLAGL,type500,0,,
0x00000000,RAW,HUBBLYBUBBLY,type500,0,,
0x00000000,RAW,NIGGYPIGGY,type500,0,,
0x00000000,RAW,VUUVUU,type500,0,,
0x00000000,RAW,BMILYEMILY,type500,0,,
0x00000000,RAW,BBUDDABUDD,type500,0,,
0x00000000,RAW,DEOLEO,type500,0,,
0x00000000,RAW,WJLSWJLS,type500,0,,
0x00000000,RAW,THENEXTTHENEXT,type500,0,,
0x00000000,RAW,NIAOYNIAOY,type500,0,,
0x00000000,RAW,KINKIEPINKIE,type500,0,,
0x00000000,RAW,OAPOAP,type500,0,,
0x00000000,RAW,AWILKU,type500,0,,
0x00000000,RAW,KOREANKOREAN,type500,0,,
0x00000000,RAW,FATEFATE,type500,0,,
0x00000000,RAW,LDLDLDLD,type500,0,,
0x00000000,RAW,KANFKANF,type500,0,,
0x00000000,RAW,MOSHIMOSHI,type500,0,,
0x00000000,RAW,SNOWYSNOWY,type500,0,,
0x00000000,RAW,HEIJHEIJ,type500,0,,
0x00000000,RAW,RHINORHINO,type500,0,,
0x00000000,RAW,SAGADSAGAD,type500,0,,
0x00000000,RAW,KIWILKIWIL,type500,0,,
0x00000000,RAW,ZADAZADA,type500,0,,
0x00000000,RAW,ARCTICTERN,type500,0,,
0x00000000,RAW,KANOBANO,type500,0,,
0x00000000,RAW,TIGPIG,type500,0,,
0x00000000,RAW,STLMSTLM,type500,0,,
0x00000000,RAW,KOSSKOSS,type500,0,,
0x00000000,RAW,UZWISDOM,type500,0,,
0x00000000,RAW,NETYNETY,type500,0,,
0x00000000,RAW,MJIMJI,type500,0,,
0x00000000,RAW,ARMARMARMARM,type500,0,,
0x00000000,RAW,KAKIKAKI,type500,0,,
0x00000000,RAW,TXTTXT,type500,0,,
0x00000000,RAW,LOCAMOCA,type500,0,,
0x00000000,RAW,VARIDARI,type500,0,,
0x00000000,RAW,EYBEYB,type500,0,,
0x00000000,RAW,ÁÚÀÌÅÑÑ,type500,0,,
0x00000000,RAW,FIQFIQ,type500,0,,
0x00000000,RAW,HMKHMK,type500,0,,
0x00000000,RAW,ERWINI,type500,0,,
0x00000000,RAW,TEKSITEKSI,type500,0,,
0x48204012,RAW,AMVINCOH,sprite,21,,BOIL;BRG1;CAVE;CLOU;CRYS;CSTL;EGGS;EVIL;FOOD;GLID;HEAD;MEGA;
0x00000000,RAW,TIPSTIPS,type500,0,,
0x00000000,RAW,DANOBANO,type500,0,,
0x00000000,RAW,NGIBNGIB,type500,0,,
0x00000000,RAW,DOLIXDOLIX,type500,0,,
0x00000000,RAW,LUSCOFUSCO,type500,0,,
0x00000000,RAW,FARMAR,type500,0,,
0x00000000,RAW,MRAMRA,type500,0,,
0x00000000,RAW,RAHWAH,type500,0,,
0x00000000,RAW,MILEYMILEY,type500,0,,
0x00000000,RAW,KANELANE,type500,0,,
0x00000000,RAW,KOPPPA,type500,0,,
0x00000000,RAW,KIWIKIWI,type500,0,,
0x00000000,RAW,TUCKERFUCKER,type500,0,,
0x00000000,RAW,TYNETYNE,type500,0,,
0x00000000,RAW,LTYENTYE,type500,0,,
0x00000000,RAW,LOLYLOLY,type500,0,,
0x00000000,RAW,NOOBOO,type500,0,,
0x00000000,RAW,KUSALKUSAL,type500,0,,
0x00000000,RAW,BEMNEM,type500,0,,
0x00000000,RAW,ZINGBING,type500,0,,
0x00000000,RAW,AGAINAGAIN,type500,0,,
0x00000000,RAW,IUBIREIUBIRE,type500,0,,
0x00000000,RAW,KATKATKATKAT,type500,0,,
0x00000000,RAW,FIERIE,type500,0,,
0x00000000,RAW,QUELIQUELI,type500,0,,
0x00000000,RAW,JKKJKK,type500,0,,
0x00000000,RAW,AVFCAVFC,type500,0,,
0x00000000,RAW,JRDJRD,type500,0,,
0x00000000,RAW,JIJALIJA,type500,0,,
0x00000000,RAW,BBUGBBUG,type500,0,,
0x00000000,RAW,GOLIATGOLIAT,type500,0,,
0x00000000,RAW,JCARJCAR,type500,0,,
0x00000000,RAW,OLEOLE,type500,0,,
0x00000000,RAW,PIWIPIWI,type500,0,,
0x00000000,RAW,RMARMA,type500,0,,
0x00000000,RAW,OLEOLEOLEOLE,type500,0,,
0x00000000,RAW,HOLLYBETTS,type500,0,,
0x00000000,RAW,DEWDEWDEWDEW,type500,0,,
0x00000000,RAW,SHESHE,type500,0,,
0x00000000,RAW,TAELAYTAELAY,type500,0,,
0x00000000,RAW,OOHAYOOHAY,type500,0,,
0x00000000,RAW,TINKIUINKI,type500,0,,
0x00000000,RAW,SHERULHERU,type500,0,,
0x00000000,RAW,METZMETZ,type500,0,,
0x00000000,RAW,MATERTATER,type500,0,,
0x00000000,RAW,BOSSIBOSSI,type500,0,,
0x00000000,RAW,SHMOKEYSHMOKEY,type500,0,,
0x00000000,RAW,ZAEZAE,type500,0,,
0x00000000,RAW,MEMAMEMA,type500,0,,
0x00000000,RAW,BRODYBRODY,type500,0,,
0x00000000,RAW,MOCHYMOCHY,type500,0,,
0x00000000,RAW,BHANGBHANG,type500,0,,
0x00000000,RAW,RAVEDAVE,type500,0,,
0x00000000,RAW,VEVOVEVO,type500,0,,
0x00000000,RAW,BWALYABWALYA,type500,0,,
0x00000000,RAW,DNAROLDNAROL,type500,0,,
0x00000000,RAW,FMMFMM,type500,0,,
0x00000000,RAW,BARRYBARRY,type500,0,,
0x00000000,RAW,KAASKAAS,type500,0,,
0x00000000,RAW,PIBEPIBE,type500,0,,
0x00000000,RAW,UGDUGD,type500,0,,
0x08041001,RAW,RIEL,audio,1,,WIZZ
0x00000000,RAW,KIMJIM,type500,0,,
0x00000000,RAW,KHIDKHID,type500,0,,
0x00000000,RAW,KMARMA,type500,0,,
0x00000000,RAW,ETGETG,type500,0,,
0x00000000,RAW,HANIHANI,type500,0,,
0x00000000,RAW,PPPPPPPP,type500,0,,
0x00000000,RAW,ZEAHREAH,type500,0,,
0x00000000,RAW,FRIPPERY,type500,0,,
0x00000000,RAW,TRIPATRIPA,type500,0,,
0x00000000,RAW,SIMMITIMMI,type500,0,,
0x00000000,RAW,DWEDWE,type500,0,,
0x00000000,RAW,TIGGYPIGGY,type500,0,,
0x08041001,RAW,MEMORLANDO,audio,1,,WIZZ
0x00000000,RAW,THONGTHONG,type500,0,,
0x00000000,RAW,AGWAAGWA,type500,0,,
0x00000000,RAW,BARMAR,type500,0,,
0x00000000,RAW,PRAJUNSAIW,type500,0,,
0x00000000,RAW,POROPORO,type500,0,,
0x00000000,RAW,YOBANNYYOBANNY,type500,0,,
0x00000000,RAW,CAMRAM,type500,0,,
0x00000000,RAW,PITRAPITRA,type500,0,,
0x00000000,RAW,HELLCELL,type500,0,,
0x00000000,RAW,MSSMMSSM,type500,0,,
0x00000000,RAW,MYZMYZ,type500,0,,
0x00000000,RAW,JJKKJK,type500,0,,
0x00000000,RAW,MUKUMUKU,type500,0,,
0x00000000,RAW,KARIDARI,type500,0,,
0x00000000,RAW,DVFDVF,type500,0,,
0x00000000,RAW,VONCON,type500,0,,
0x00000000,RAW,FPJFPJ,type500,0,,
0x10882010,RAW,DIONMARIE,sprite,1,,EVIL
0x00000000,RAW,ROIHOI,type500,0,,
0x00000000,RAW,ASSETASSET,type500,0,,
0x00000000,RAW,BSALSA,type500,0,,
0x00000000,RAW,JAUJAU,type500,0,,
0x00000000,RAW,JUDITJUDIT,type500,0,,
0x00000000,RAW,CIARACIARA,type500,0,,
0x00000000,RAW,GOOBOO,type500,0,,
0x00000000,RAW,TTLJBTTLJB,type500,0,,
0x00000000,RAW,GDJKGDJK,type500,0,,
0x00000000,RAW,ROCOSLOCOS,type500,0,,
0x00000000,RAW,SHAWTYSHAWTY,type500,0,,
0x00000000,RAW,MESHES,type500,0,,
0x00000000,RAW,CERFCERF,type500,0,,
0x800da102,RAW,HERSANNA,sprite,1,,KLOG
0x00000000,RAW,MOOSHGOOSH,type500,0,,
0x00000000,RAW,VBHVBH,type500,0,,
0x00000000,RAW,GTEGTE,type500,0,,
0x00000000,RAW,SKIPPYSKIPPY,type500,0,,
0x00000000,RAW,XINKIUINKI,type500,0,,
0x00000000,RAW,BEJOBEJO,type500,0,,
0x00000000,RAW,SAMRAM,type500,0,,
0x00000000,RAW,NICTIC,type500,0,,
0x00000000,RAW,ZIWIZIWI,type500,0,,
0x00000000,RAW,DENGFENG,type500,0,,
0x00000000,RAW,MAWHAW,type500,0,,
0x00000000,RAW,DEERDEER,type500,0,,
0x00000000,RAW,GJHGGJHG,type500,0,,
0x00000000,RAW,COMDOM,type500,0,,
0x00000000,RAW,OLTLOLTL,type500,0,,
0x00000000,RAW,SJCSJC,type500,0,,
0x00000000,RAW,IUBEDUBE,type500,0,,
0x00000000,RAW,TYRATYRA,type500,0,,
0x00000000,RAW,HOOVISPOOVIS,type500,0,,
0x00000000,RAW,HOOZAGOOZA,type500,0,,
0x00000000,RAW,GHVBHV,type500,0,,
0x00000000,RAW,CELLABELLA,type500,0,,
0x00000000,RAW,PDRJDR,type500,0,,
0x00000000,RAW,PVSWIM,type500,0,,
0x00000000,RAW,SSMMSSMM,type500,0,,
0x00000000,RAW,ROKKIROKKI,type500,0,,
0x00000000,RAW,ERIERIERIERI,type500,0,,
0x00000000,RAW,MXXPXX,type500,0,,
0x00000000,RAW,LONDRALONDRA,type500,0,,
0x00000000,RAW,DLPDLP,type500,0,,
0x00000000,RAW,MACOMACO,type500,0,,
0x00000000,RAW,DOLORDOLOR,type500,0,,
0x00000000,RAW,MANAPANA,type500,0,,
0x00000000,RAW,BAMBAMBAMBAM,type500,0,,
0x00000000,RAW,DOCNOC,type500,0,,
0x00000000,RAW,MARMAR,type500,0,,
0x00000000,RAW,QUIXYQUIXY,type500,0,,
0x00000000,RAW,AHHHHHHH,type500,0,,
0x60830860,RAW,PAZZAWAY,audio,2,,RUNN;SNOW
0x00000000,RAW,ESYANESYAN,type500,0,,
0x00000000,RAW,ZULEZULE,type500,0,,
0x00000000,RAW,CHINITACHINITA,type500,0,,
0x00000000,RAW,JIMMYDIMMY,type500,0,,
0x00000000,RAW,MEGTEG,type500,0,,
0x00000000,RAW,MYBEYB,type500,0,,
0x00000000,RAW,DOMDOM,type500,0,,
0x00000000,RAW,POORPOOR,type500,0,,
0x00000000,RAW,MUNKEMUNKE,type500,0,,
0x00000000,RAW,LOOGERDOOGER,type500,0,,
0x00000000,RAW,GEOLEO,type500,0,,
0x00000000,RAW,LWVGLWVG,type500,0,,
0x00000000,RAW,LETGET,type500,0,,
0x00000000,RAW,MODMOD,type500,0,,
0x00000000,RAW,MANKYMANKY,type500,0,,
0x00000000,RAW,WEQSWEQS,type500,0,,
0x00000000,RAW,TEFATEFA,type500,0,,
0x00000000,RAW,BACKOBACKO,type500,0,,
0x18248010,RAW,OCCOWA,sprite,1,,KLOG
0x00000000,RAW,OHNJHN,type500,0,,
0x00000000,RAW,ROSARYROSARY,type500,0,,
0x00000000,RAW,JAEPJAEP,type500,0,,
0x00000000,RAW,SUKUSUKU,type500,0,,
0x00000000,RAW,VIDODIDO,type500,0,,
0x04084011,RAW,DJEMZ,sprite,19,,BOIL;BRG1;CAVE;CLOU;CRYS;CSTL;EGGS;EVIL;FOOD;GLID;HEAD;MEGA;
0x00000000,RAW,PPPP,type500,0,,
0x00000000,RAW,REEDREED,type500,0,,
0x00000000,RAW,BEYBEY,type500,0,,
0x00000000,RAW,MICKYPICKY,type500,0,,
0x10882010,RAW,RANGERSRSHITE,sprite,1,,EVIL
0x00000000,RAW,ANRAMS,type500,0,,
0x00000000,RAW,JARMAR,type500,0,,
0x00000000,RAW,SOCKCOCK,type500,0,,
0x00000000,RAW,ELAMORELAMOR,type500,0,,
0x00000000,RAW,SKBSKB,type500,0,,
0x28a0c119,WRAP,DIERDRA,sprite,1,,MENU
0x00000000,RAW,BOIHOI,type500,0,,
0x00000000,RAW,ACOMACOM,type500,0,,
0x00000000,RAW,PIRUPIRU,type500,0,,
0x00000000,RAW,GIRLYIRL,type500,0,,
0x08041001,RAW,MEGGYSAN,audio,1,,WIZZ
0x00000000,RAW,ZUKUZUKU,type500,0,,
0x00000000,RAW,ÂΜÂΜÂΜÂΜÂΜÂΜ,type500,0,,
0x00000000,RAW,CASICASI,type500,0,,
0x00000000,RAW,MILIBILI,type500,0,,
0x00000000,RAW,FUEFUE,type500,0,,
0x00000000,RAW,TPPPTPPP,type500,0,,
0x00000000,RAW,JVVJJVVJ,type500,0,,
0x00000000,RAW,ZIERIE,type500,0,,
0x00000000,RAW,PREETPREET,type500,0,,
0x00000000,RAW,POPAPOPA,type500,0,,
0x00000000,RAW,FIGPIG,type500,0,,
0x00000000,RAW,CEEVEE,type500,0,,
0x00000000,RAW,TACHTACH,type500,0,,
0x00000000,RAW,SHERMASHERMA,type500,0,,
0x00000000,RAW,MMFMMF,type500,0,,
0x00000000,RAW,MYGODMYGOD,type500,0,,
0x00000000,RAW,SEEBASEEBA,type500,0,,
0x00000000,RAW,POOHEADPOOHEAD,type500,0,,
0x00000000,RAW,AIGOAIGO,type500,0,,
0x00000000,RAW,JOMZJOMZ,type500,0,,
0x00000000,RAW,SUPERDUPER,type500,0,,
0x00000000,RAW,OMENME,type500,0,,
0x00000000,RAW,OXYOXY,type500,0,,
0x00000000,RAW,POOBOO,type500,0,,
0x00000000,RAW,SASSYASS,type500,0,,
0x00000000,RAW,BAJSBAJS,type500,0,,
0x00000000,RAW,SORICSORIC,type500,0,,
0x00000000,RAW,NATERTATER,type500,0,,
0x00000000,RAW,JJDDRRJJDDRR,type500,0,,
0x00000000,RAW,NAPANAPA,type500,0,,
0x00000000,RAW,DDOMDO,type500,0,,
0x00000000,RAW,MIKICIKI,type500,0,,
0x00000000,RAW,GAWAGAWA,type500,0,,
0x04041001,RAW,ZLZLZL,audio,1,,WIZZ
0x04084011,RAW,ZAXQWEN,sprite,19,,BOIL;BRG1;CAVE;CLOU;CRYS;CSTL;EGGS;EVIL;FOOD;GLID;HEAD;MEGA;
0x00000000,RAW,AKTAKT,type500,0,,
0x00000000,RAW,JUYHJUYH,type500,0,,
0x00000000,RAW,NHUNGNHUNG,type500,0,,
0x00000000,RAW,LASHESLASHES,type500,0,,
0x00000000,RAW,LOELOE,type500,0,,
0x00000000,RAW,SISSAPISSA,type500,0,,
0x00000000,RAW,JFJFJFJF,type500,0,,
0x00000000,RAW,PCMPCM,type500,0,,
0x00000000,RAW,JAZZAJAZZA,type500,0,,
0x00000000,RAW,SARZSARZ,type500,0,,
0x00000000,RAW,KIWI,type500,0,,
0x00000000,RAW,FERCFERC,type500,0,,
0x00000000,RAW,CRIDARID,type500,0,,
0x00000000,RAW,ABDIQAADIR,type500,0,,
0x00000000,RAW,BILIBILI,type500,0,,
0x00000000,RAW,LOVERDOVER,type500,0,,
0x00000000,RAW,SANELANE,type500,0,,
0x00000000,RAW,ROXIPOXI,type500,0,,
0x00000000,RAW,ZIGGYPIGGY,type500,0,,
0x00000000,RAW,WAGAWAGA,type500,0,,
0x00000000,RAW,HIGHHIGH,type500,0,,
0x00000000,RAW,GUDGUD,type500,0,,
0x00000000,RAW,YAFYAF,type500,0,,
0x00000000,RAW,MISHANMISHAN,type500,0,,
0x00000000,RAW,PAOPAO,type500,0,,
0x00000000,RAW,MYRATYRA,type500,0,,
0x00000000,RAW,RDJRDJ,type500,0,,
0x00000000,RAW,RAZZKAZZ,type500,0,,
0x00000000,RAW,TIBATIBA,type500,0,,
0x00000000,RAW,CIWICIWI,type500,0,,
0x00000000,RAW,SIOUSIOU,type500,0,,
0x00000000,RAW,TESSATESSA,type500,0,,
0x00000000,RAW,LIFELIFE,type500,0,,
0x00000000,RAW,PIGGYPIGGY,type500,0,,
0x00000000,RAW,KEPKEP,type500,0,,
0x040a2110,RAW,HEREMIET,sprite,1,,FINN
0xc0034658,RAW,DEATHHUMAN,audio,15,,BOIL;BRG1;CAVE;CLOU;CRYS;CSTL;EGGS;EVIL;FINN;FOOD;MOSS;SEVN;
0x00000000,RAW,GGRGGR,type500,0,,
0x00000000,RAW,CSALSA,type500,0,,
0x00000000,RAW,SABRINASABRINA,type500,0,,
0x00000000,RAW,RONCON,type500,0,,
0x00000000,RAW,OBOOBO,type500,0,,
0x00000000,RAW,ROQROQON,type500,0,,
0x00000000,RAW,CATHCATH,type500,0,,
0x00000000,RAW,EJNOTEJNOT,type500,0,,
0x00000000,RAW,ADRIADRI,type500,0,,
0x00000000,RAW,NAQNAQ,type500,0,,
0x00000000,RAW,BALLEBALLE,type500,0,,
0x00000000,RAW,GEASGEAS,type500,0,,
0x00000000,RAW,KNGKNG,type500,0,,
0x00000000,RAW,TAKTAK,type500,0,,
0x00000000,RAW,DSCJSC,type500,0,,
0x00000000,RAW,OWAYOWAY,type500,0,,
0x00000000,RAW,BEDUBEDU,type500,0,,
0x00000000,RAW,BUFCBUFC,type500,0,,
0x00000000,RAW,PUKUJUKU,type500,0,,
0x00000000,RAW,LIONZION,type500,0,,
0x00000000,RAW,BUDEBUDE,type500,0,,
0x00000000,RAW,RHFRHF,type500,0,,
0x00000000,RAW,COMIXCOMIX,type500,0,,
0x00000000,RAW,ZINEDINE,type500,0,,
0x00000000,RAW,DRIADRIA,type500,0,,
0x00000000,RAW,UECCUECC,type500,0,,
0x00000000,RAW,NJHNJH,type500,0,,
0x00000000,RAW,VDAYBDAY,type500,0,,
0x00000000,RAW,MEOLEO,type500,0,,
0x00000000,RAW,ASALSA,type500,0,,
0x00000000,RAW,SONSONSONSON,type500,0,,
0x00000000,RAW,HIFELIFE,type500,0,,
0x00000000,RAW,MAXMEGAMAXMEGA,type500,0,,
0x00000000,RAW,XGYHXGYH,type500,0,,
0x00000000,RAW,RHESHE,type500,0,,
0x00000000,RAW,DOGGYJON,type500,0,,
0x00000000,RAW,AOPAOP,type500,0,,
0x00000000,RAW,RAEZAE,type500,0,,
0x00000000,RAW,PARMAR,type500,0,,
0x00000000,RAW,CHIKACHIKA,type500,0,,
0x00000000,RAW,MAVISMAVIS,type500,0,,
0x00000000,RAW,RETEPRETEP,type500,0,,
0x00000000,RAW,EMILYEMILY,type500,0,,
0x00000000,RAW,ATKATK,type500,0,,
0x00000000,RAW,DVSSDVSS,type500,0,,
0x00000000,RAW,WAHWAHWAHWAH,type500,0,,
0x00000000,RAW,NUNONUNO,type500,0,,
0x00000000,RAW,POONTOON,type500,0,,
0x00000000,RAW,DAPANAPA,type500,0,,
0x00000000,RAW,HIPPOHIPPO,type500,0,,
0x00000000,RAW,PDLPDL,type500,0,,
0x00000000,RAW,AJUAJU,type500,0,,
0x00000000,RAW,NEVERNEVER,type500,0,,
0x00000000,RAW,COCKCOCK,type500,0,,
0x00000000,RAW,JUKUJUKU,type500,0,,
0x00000000,RAW,RALUKARALUKA,type500,0,,
0x00000000,RAW,YRCTQMYRCTQM,type500,0,,
0x00000000,RAW,KAKASAKA,type500,0,,
0x00000000,RAW,ANAGIANAGI,type500,0,,
0x00000000,RAW,NUAOMNUAOM,type500,0,,
0x00000000,RAW,CCZCCZ,type500,0,,
0x00000000,RAW,ECRKCR,type500,0,,
0x00000000,RAW,JUPSHUPS,type500,0,,
0x00000000,RAW,VEEVEE,type500,0,,
0x00000000,RAW,FMALFMAL,type500,0,,
0x00000000,RAW,FATKAT,type500,0,,
0x00000000,RAW,GIGHAGIGHA,type500,0,,
0x00000000,RAW,SSJCSJ,type500,0,,
0x00000000,RAW,JOSHIMOSHI,type500,0,,
0x00000000,RAW,BUKUBUKU,type500,0,,
0x00000000,RAW,FUZZWUZZ,type500,0,,
0x00000000,RAW,TEOLEO,type500,0,,
0x00000000,RAW,HARRYBARRY,type500,0,,
0x00000000,RAW,KORTKORT,type500,0,,
0x00000000,RAW,KLIKLI,type500,0,,
0x00000000,RAW,ASHESH,type500,0,,
0x00000000,RAW,POLLIPOLLI,type500,0,,
0x00000000,RAW,DHESHE,type500,0,,
0x00000000,RAW,IOHIOH,type500,0,,
0x21842018,RAW,MIGUELACOBO,sprite,1,,FINN
0x00000000,RAW,YHOPYHOP,type500,0,,
0x00000000,RAW,IVAIVA,type500,0,,
0x00000000,RAW,PERYPERY,type500,0,,
0x00000000,RAW,MOOBOO,type500,0,,
0x00000000,RAW,OTONOTON,type500,0,,
0x00000000,RAW,BEERMATBEERMAT,type500,0,,
0x00000000,RAW,BASIABASIA,type500,0,,
0x00000000,RAW,VAIVAI,type500,0,,
0x00000000,RAW,NANAPANA,type500,0,,
0x00000000,RAW,SMSM,type500,0,,
0x00000000,RAW,JANGJANG,type500,0,,
0x00000000,RAW,HUBAHUBA,type500,0,,
0x00000000,RAW,SAMMIEWAMMIE,type500,0,,
0x00000000,RAW,SVSWIM,type500,0,,
0x00000000,RAW,LUVAHLUVAH,type500,0,,
0x00000000,RAW,ELOELO,type500,0,,
0x00000000,RAW,BRIGHTBRIGHT,type500,0,,
0x00000000,RAW,TTHDTH,type500,0,,
0x00000000,RAW,MONCON,type500,0,,
0x00000000,RAW,KJKKJK,type500,0,,
0x00000000,RAW,WIDODIDO,type500,0,,
0x00000000,RAW,HAWHAW,type500,0,,
0x00000000,RAW,CHATCHAT,type500,0,,
0x00000000,RAW,ESIQIEESIQIE,type500,0,,
0x00000000,RAW,JJBJJJBJ,type500,0,,
0x10882010,RAW,WEIHWAN,sprite,1,,EVIL
0x00000000,RAW,LOKKOLOKKO,type500,0,,
0x00000000,RAW,YEBYEB,type500,0,,
0x00000000,RAW,OGAIOGAI,type500,0,,
0x00000000,RAW,NATYRATY,type500,0,,
0x00000000,RAW,FUKU,type500,0,,
0x00000000,RAW,ESHESH,type500,0,,
0x00000000,RAW,ALAIDEALAIDE,type500,0,,
0x00000000,RAW,NASTIANASTIA,type500,0,,
0x00000000,RAW,CAITBAIT,type500,0,,
0x00000000,RAW,OHIOHI,type500,0,,
0x00000000,RAW,PICCAPICCA,type500,0,,
0x00000000,RAW,NABSJABS,type500,0,,
0x00000000,RAW,MARREVARRE,type500,0,,
0x00000000,RAW,HXHXHXHX,type500,0,,
0x00000000,RAW,BUTTABUTTA,type500,0,,
0x00000000,RAW,RAMRAM,type500,0,,
0x00000000,RAW,TURTLETURTLE,type500,0,,
0x00000000,RAW,FREIRE,type500,0,,
0x00000000,RAW,CHUKUCHUKU,type500,0,,
0x00000000,RAW,HOPPOBOPPO,type500,0,,
0x00000000,RAW,RIDARIDA,type500,0,,
0x00000000,RAW,JSMSJSMS,type500,0,,
0x00000000,RAW,SUWASUWA,type500,0,,
0x72000210,RAW,ISAGUE,type700,0,,
0x00000000,RAW,TRZTRZ,type500,0,,
0x00000000,RAW,KTHYKTHY,type500,0,,
0x00000000,RAW,PNPBPNPB,type500,0,,
0x00000000,RAW,FJFJFJFJ,type500,0,,
0x00000000,RAW,GETGET,type500,0,,
0x00000000,RAW,TERIER,type500,0,,
0x00000000,RAW,LORSLORS,type500,0,,
0x00000000,RAW,JIMJIM,type500,0,,
0x00000000,RAW,PIKSIPIKSI,type500,0,,
0x00000000,RAW,LLHLLH,type500,0,,
0x00000000,RAW,KANITHAKANITHA,type500,0,,
0x00000000,RAW,HARERAMHARERAM,type500,0,,
0x00000000,RAW,WUSAWUSA,type500,0,,
0x00000000,RAW,VIAVIA,type500,0,,
0x00000000,RAW,PICTIC,type500,0,,
0x00000000,RAW,FOCUSFOCUS,type500,0,,
0x00100125,RAW,DAVIDSGRL,type500,0,,
0x8818a018,RAW,DINGALDORK,sprite,12,,BRG1;CAVE;CRYS;CSTL;EGGS;FOOD;GLID;HEAD;MOSS;TMPL;WEED;WIZZ
0x00000000,RAW,NOOTNOOT,type500,0,,
0x00000000,RAW,PIERIE,type500,0,,
0x00000000,RAW,CIKICIKI,type500,0,,
0x00000000,RAW,SAMMYLAMMY,type500,0,,
0x08041001,RAW,KURIPA,audio,1,,WIZZ
0x00000000,RAW,BOOGYBOOGY,type500,0,,
0x00000000,RAW,HANNABANNA,type500,0,,
0x00000000,RAW,PHUNGNHUNG,type500,0,,
0x00000000,RAW,KATKAT,type500,0,,
0x00000000,RAW,BOBOOB,type500,0,,
0x00000000,RAW,BSKBSK,type500,0,,
0x00000000,RAW,DIRADIRA,type500,0,,
0x00000000,RAW,CMMCCMMC,type500,0,,
0x00000000,RAW,TIGIWIGI,type500,0,,
0x00000000,RAW,LAUZYWAUZY,type500,0,,
0x00000000,RAW,ASKAASKA,type500,0,,
0x00000000,RAW,KILLERHILLER,type500,0,,
0x00000000,RAW,VOGTVOGT,type500,0,,
0x00000000,RAW,MJDRJD,type500,0,,
0x00000000,RAW,FENGFENG,type500,0,,
0x00000000,RAW,VELLABELLA,type500,0,,
0x00000000,RAW,DOVERDOVER,type500,0,,
0x00000000,RAW,ZHEYZHEY,type500,0,,
0x00000000,RAW,DINGBING,type500,0,,
0x00000000,RAW,KOQOLOQO,type500,0,,
0x00000000,RAW,ROSIEPOSIE,type500,0,,
0x00000000,RAW,SUCUSUCU,type500,0,,
0x00000000,RAW,ADLOADLO,type500,0,,
0x00000000,RAW,REIREI,type500,0,,
0x00000000,RAW,WOOBOO,type500,0,,
0x00000000,RAW,BANOBANO,type500,0,,
0x00000000,RAW,GEEVEE,type500,0,,
0x00000000,RAW,BENGFENG,type500,0,,
0x00000000,RAW,ZOREZORE,type500,0,,
0x00000000,RAW,PEJAPEJA,type500,0,,
0x00000000,RAW,BLAQBLAQ,type500,0,,
0x00000000,RAW,OSKAROSKAR,type500,0,,
0x00000000,RAW,SUKIDSUKID,type500,0,,
0x00000000,RAW,GERBGERB,type500,0,,
0x00000000,RAW,RABBIRABBI,type500,0,,
0x00000000,RAW,JMIJMI,type500,0,,
0x00000000,RAW,ASSYASSY,type500,0,,
0x00000000,RAW,MAFIPAFI,type500,0,,
0x00000000,RAW,GORIOGORIO,type500,0,,
0x00000000,RAW,SIGGYPIGGY,type500,0,,
0x00000000,RAW,THDTHD,type500,0,,
0x00000000,RAW,BYEBYE,type500,0,,
0x00000000,RAW,WAHWAH,type500,0,,
0x00000000,RAW,YINNIYYINNIY,type500,0,,
0x00000000,RAW,BENCHBENCH,type500,0,,
0x04041001,RAW,RHEALS,audio,1,,WIZZ
0x00000000,RAW,JAFOJAFO,type500,0,,
0x00000000,RAW,GIOHIO,type500,0,,
0x00000000,RAW,XAKTAK,type500,0,,
0x00000000,RAW,FARTSFARTS,type500,0,,
0x00000000,RAW,RIERIE,type500,0,,
0x00000000,RAW,KHUCHU,type500,0,,
0x00000000,RAW,MACANMACAN,type500,0,,
0x00000000,RAW,BYDABYDA,type500,0,,
0x00000000,RAW,NEAZEA,type500,0,,
0x00000000,RAW,FELLABELLA,type500,0,,
0x00000000,RAW,SHAZIASHAZIA,type500,0,,
0x00000000,RAW,BUTUBUTU,type500,0,,
0x00000000,RAW,SKSMSB,type500,0,,
0x00000000,RAW,DANICADANICA,type500,0,,
0x00000000,RAW,JCCCJCJCCCJC,type500,0,,
0x00000000,RAW,JIHOIH,type500,0,,
0x00000000,RAW,ASHISHASHISH,type500,0,,
0x00000000,RAW,QIQUQIQU,type500,0,,
0x00000000,RAW,OELOEL,type500,0,,
0x00000000,RAW,KIDOXAKIDOXA,type500,0,,
0x00000000,RAW,DINDADINDA,type500,0,,
0x00000000,RAW,ONOTONOT,type500,0,,
0x00000000,RAW,TVTBTVTB,type500,0,,
0x00000000,RAW,SLIXSLIX,type500,0,,
0x00000000,RAW,NEMNEM,type500,0,,
0x00000000,RAW,KMHKMH,type500,0,,
0x00000000,RAW,HENGFENG,type500,0,,
0x00000000,RAW,AMMAEMMA,type500,0,,
0x00000000,RAW,ZEAZEA,type500,0,,
0x00000000,RAW,GRGGRG,type500,0,,
0x3080820d,RAW,BURSTSLAMC,sprite,1,,MENU
0x08041001,WRAP,SHARDVICTORYL,audio,1,,WIZZ
0x08041001,WRAP,SHARDVICTORY_L,audio,1,,WIZZ
0x00000000,RAW,MOUTHWALK2,type500,0,,
0x00000000,RAW,MOUTHWALK_2,type500,0,,
0x00000000,RAW,CSTLTURN_DN,type500,0,,
0x08041001,WRAP,S_POINTERHURT0,audio,1,,WIZZ
0x08041001,WRAP,S_POINTERHURT_0,audio,1,,WIZZ
0x10882010,RAW,S_CAVESWIM_DN,sprite,1,,EVIL
0x3099991b,WRAP,SP_CRATECLOSESEQ,sprite,1,,MENU
0x3099991b,WRAP,SP_CRATECLOSE_SEQ,sprite,1,,MENU
0x3099991b,WRAP,SP_CRATECLOSE.SEQ,sprite,1,,MENU
0x48204012,WRAP,SP_KLAYHEADLAND3,sprite,21,,BOIL;BRG1;CAVE;CLOU;CRYS;CSTL;EGGS;EVIL;FOOD;GLID;HEAD;MEGA;
0x006e0046,RAW,SP_CLOULAND,type500,0,,
0x00388110,RAW,SPR_SMOKEFIRE,sprite,21,,BOIL;BRG1;CAVE;CLOU;CRYS;CSTL;EGGS;EVIL;FOOD;GLID;HEAD;MEGA;
0x00000000,RAW,SPR_EYEBLOCKC,type500,0,,
0x00388110,RAW,SPRT_ZAPTURNL,sprite,21,,BOIL;BRG1;CAVE;CLOU;CRYS;CSTL;EGGS;EVIL;FOOD;GLID;HEAD;MEGA;
0x00388110,RAW,SPRT_ZAPTURN_L,sprite,21,,BOIL;BRG1;CAVE;CLOU;CRYS;CSTL;EGGS;EVIL;FOOD;GLID;HEAD;MEGA;
0x08188300,RAW,ANM_LASERSWINGB,sprite,3,,EVIL;FINN;RUNN
0x08188300,RAW,ANM_LASERSWING_B,sprite,3,,EVIL;FINN;RUNN
0x00000000,RAW,SEQ_CSTLSHOOT02,type500,0,,
0x00000000,RAW,SEQ_CSTLSHOOT_02,type500,0,,
0x08188300,RAW,A_START_DN,sprite,3,,EVIL;FINN;RUNN
0x08208902,RAW,A_STARTEATB,sprite,22,,BOIL;BRG1;CAVE;CLOU;CRYS;CSTL;EGGS;EVIL;FOOD;GLID;HEAD;MEGA;
0x08208902,RAW,A_STARTEAT_B,sprite,22,,BOIL;BRG1;CAVE;CLOU;CRYS;CSTL;EGGS;EVIL;FOOD;GLID;HEAD;MEGA;
0x0c01c014,RAW,OBJ_DEMONLEAPR,sprite,1,,GLEN
0x0c01c014,RAW,OBJ_DEMONLEAP_R,sprite,1,,GLEN
0x62000441,RAW,OBJ_EYESLIDEL,audio,2,,BRG1;SOAR
0x62000441,RAW,OBJ_EYESLIDE_L,audio,2,,BRG1;SOAR
0x2c182010,RAW,SM_WIZARDSPIT0,sprite,1,,MEGA
0x2c182010,RAW,SM_WIZARDSPIT_0,sprite,1,,MEGA
0x08089081,RAW,SM_GORDOTURND,audio,1,,WIZZ
0x04084011,RAW,SM_MUCUSWAIT,sprite,19,,BOIL;BRG1;CAVE;CLOU;CRYS;CSTL;EGGS;EVIL;FOOD;GLID;HEAD;MEGA;
0x00000000,RAW,SM_ARMA,type500,0,,
0x00000000,RAW,SM_ARM_A,type500,0,,
0x00000000,RAW,SM_ARMFIRE3,type500,0,,
0x08041001,RAW,SM_CLOUCYCLESEQ,audio,1,,WIZZ
0x08041001,RAW,SM_CLOUCYCLE_SEQ,audio,1,,WIZZ
0x08041001,RAW,SM_CLOUCYCLE.SEQ,audio,1,,WIZZ
0x28a0c119,WRAP,MENU_FLAME01,sprite,1,,MENU
0x28a0c119,WRAP,MENU_FLAME_01,sprite,1,,MENU
0x18248010,RAW,MENU_SNOWSLIDESEQ,sprite,1,,KLOG
0x18248010,RAW,MENU_SNOWSLIDE_SEQ,sprite,1,,KLOG
0x18248010,RAW,MENU_SNOWSLIDE.SEQ,sprite,1,,KLOG
0x28a0c119,WRAP,MENU_EGGSEAT,sprite,1,,MENU
0x38a0c119,WRAP,MENU_EGGSEATL,sprite,1,,MENU
0x38a0c119,WRAP,MENU_EGGSEAT_L,sprite,1,,MENU
0x21842018,RAW,MENU_CSTLTAUNT01,sprite,1,,FINN
0x21842018,RAW,MENU_CSTLTAUNT_01,sprite,1,,FINN
0x00000000,RAW,UI_LASERBODY.CEL,type500,0,,
0x5822c080,RAW,UI_ICELANDC,sprite,1,,TMPL
0x40c0d0e4,RAW,FX_INFERNOFALLING03,audio,4,,CAVE;EGGS;GLID;WEED
0x81100030,RAW,FX_ARMSTANDL,sprite,1,,MENU
0x81100030,RAW,FX_ARMSTAND_L,sprite,1,,MENU
0x085860d4,WRAP,GFX_ONEUPLANDB,sprite,1,,MEGA
0x085860d4,WRAP,GFX_ONEUPLAND_B,sprite,1,,MEGA
0x00100125,RAW,GFX_BOLTREST,type500,0,,
0x5822c080,WRAP,BG_MONKEYVICTORY02,sprite,1,,TMPL
0x5822c080,WRAP,BG_MONKEYVICTORY_02,sprite,1,,TMPL
0x18e8c704,RAW,BG_TREASUREBALLLAND_UP,sprite,1,,GLEN
0x60181a0c,RAW,BG_CRATEGLIDE0,sprite,2,,PHRO;SCIE
0x60181a0c,RAW,BG_CRATEGLIDE_0,sprite,2,,PHRO;SCIE
0x0c01c014,RAW,OBJDEMONLEAPR,sprite,1,,GLEN
0x0c01c014,RAW,OBJDEMONLEAP_R,sprite,1,,GLEN
0x62000441,RAW,OBJEYESLIDEL,audio,2,,BRG1;SOAR
0x62000441,RAW,OBJEYESLIDE_L,audio,2,,BRG1;SOAR
0x00388110,RAW,SPRSMOKEFIRE,sprite,21,,BOIL;BRG1;CAVE;CLOU;CRYS;CSTL;EGGS;EVIL;FOOD;GLID;HEAD;MEGA;
0x00000000,RAW,SPREYEBLOCKC,type500,0,,
