cluster_class_hex,swap_popcount,n_pairs,n_members,component_size,component_kinds,n_labeled,labeled_examples,swap_examples,members,members_truncated
0x00000003,2,112,153,16,sprite|anim,0,,0‚Üî1 | 0‚ÜîE | 0‚ÜîG | 1‚Üî2,0x10b85810;0x10b91810;0x10b9181c;0x10b94810;0x10b9481c;0x10b95010;0x10b9501c;0x10b95a10;0x10b95a1c;0x10b95c10;0x10b95c1c;0x10b97810;0x10b9781c;0x10b9d810;0x10b9d81c;0x10bb5810,no
0x00283063,8,20,23,10,sprite,2,0x4aee0118=Shriney Guard boss slamming down animati | 0x4baf8200=Shriney Guard boss yelling animation,,0x2a6e0410;0x46269090;0x492c8430;0x4a1ea052;0x4a4ec094;0x4aee0118;0x4baf8200;0x4c2a8850;0x523ea110;0x7a0ec210,no
0x00283063,8,20,23,10,sprite,1,0x4a3ea110=Menu door opens to reveal monkey animati,,0x326e0410;0x4a3ea110;0x512c8430;0x524ec094;0x52ee0118;0x53af8200;0x542a8850;0x5e269090;0x620ec210;0x92af8810,no
0x00000003,2,112,153,8,sprite|anim,0,,0‚Üî1 | 0‚ÜîE | 0‚ÜîG | 1‚Üî2,0x408a1c10;0x408a2c10;0x40c21c10;0x40c22c10;0x40da1c10;0x40da2c10;0x40ea1c10;0x40ea2c10,no
0x00000003,2,112,153,6,sprite|anim,0,,0‚Üî1 | 0‚ÜîE | 0‚ÜîG | 1‚Üî2,0x00ce0610;0x09ce0610;0x0ace0610;0x0cce0610;0x18ce0610;0x28ce0610,no
0x00000003,2,112,153,6,audio,0,,0‚Üî1 | 0‚ÜîE | 0‚ÜîG | 1‚Üî2,0xb0107444;0xb0807444;0xb0b07444;0xb0d07444;0xb1907444;0xb2907444,no
0x007850a5,10,17,22,5,sprite,1,0x4baf8200=Shriney Guard boss yelling animation,,0x2a6e0410;0x4a4ec094;0x4baf8200;0x4c2a8850;0x523ea110,no
0x007850a5,10,17,22,5,sprite,1,0x4a3ea110=Menu door opens to reveal monkey animati,,0x326e0410;0x4a3ea110;0x524ec094;0x53af8200;0x542a8850,no
0x007850a5,10,17,22,5,sprite,1,0x4aee0118=Shriney Guard boss slamming down animati,,0x46269090;0x492c8430;0x4a1ea052;0x4aee0118;0x7a0ec210,no
0x00000003,2,112,153,5,sprite|anim,0,,0‚Üî1 | 0‚ÜîE | 0‚ÜîG | 1‚Üî2,0x080c8300;0x08148300;0x08188300;0x081d8300;0x081e8300,no
0x00000003,2,112,153,5,sprite|anim,0,,0‚Üî1 | 0‚ÜîE | 0‚ÜîG | 1‚Üî2,0x800da102;0x800da116;0x800da11a;0x800da132;0x800da152,no
0x00000005,2,52,86,5,sprite|anim,0,,0‚Üî2 | 0‚ÜîD | 0‚ÜîH | 0‚ÜîD,0x10b95010;0x10b95a10;0x10b97810;0x10b9d810;0x10bb5810,no
0x007850a5,10,17,22,5,sprite,0,,,0x512c8430;0x52ee0118;0x5e269090;0x620ec210;0x92af8810,no
0x00d89129,10,14,20,4,sprite,1,0x4baf8200=Shriney Guard boss yelling animation,,0x2a6e0410;0x46269090;0x4a1ea052;0x4baf8200,no
0x00d89129,10,14,20,4,sprite,1,0x4a3ea110=Menu door opens to reveal monkey animati,,0x4a3ea110;0x512c8430;0x524ec094;0x92af8810,no
0x00000003,2,112,153,4,sprite|anim,0,,0‚Üî1 | 0‚ÜîE | 0‚ÜîG | 1‚Üî2,0x41ca1c10;0x42ca1c10;0x44ca1c10;0x48ca1c10,no
0x00000003,2,112,153,4,sprite|anim,0,,0‚Üî1 | 0‚ÜîE | 0‚ÜîG | 1‚Üî2,0x462c6040;0x46346040;0x46386040;0x463e6040,no
0x00000005,2,52,86,4,sprite|anim,0,,0‚Üî2 | 0‚ÜîD | 0‚ÜîH | 0‚ÜîD,0x080c8300;0x08188300;0x081d8300;0x085c8300,no
0x00000005,2,52,86,4,sprite|anim,0,,0‚Üî2 | 0‚ÜîD | 0‚ÜîH | 0‚ÜîD,0x10b85810;0x10b91810;0x10b94810;0x10b95c10,no
0x00000005,2,52,86,4,sprite|anim,0,,0‚Üî2 | 0‚ÜîD | 0‚ÜîH | 0‚ÜîD,0x10b9501c;0x10b95a1c;0x10b9781c;0x10b9d81c,no
0x00000005,2,52,86,4,sprite|anim,0,,0‚Üî2 | 0‚ÜîD | 0‚ÜîH | 0‚ÜîD,0x408a1c10;0x40da1c10;0x41ca1c10;0x44ca1c10,no
0x00000001,1,17,27,4,audio,0,,0‚Üî00 | 0‚Üî01 | 0‚Üî02 | 0‚Üî03,0x4c02d240;0x4c22d240;0x4c62d240;0x4ca2d240,no
0x00000003,2,112,153,3,sprite,1,0x4aee0118=Shriney Guard boss slamming down animati,0‚Üî1 | 0‚ÜîE | 0‚ÜîG | 1‚Üî2,0x4aee0118;0x52ee0118;0x62ee0118,no
0x00000003,2,112,153,3,sprite,1,0x4baf8200=Shriney Guard boss yelling animation,0‚Üî1 | 0‚ÜîE | 0‚ÜîG | 1‚Üî2,0x4baf8200;0x53af8200;0x63af8200,no
0x00000003,2,112,153,3,sprite|anim,1,0x61981a0c=Plain monkey enemy,0‚Üî1 | 0‚ÜîE | 0‚ÜîG | 1‚Üî2,0x60181a0c;0x61581a0c;0x61981a0c,no
0x00d89129,10,14,20,3,sprite,1,0x4aee0118=Shriney Guard boss slamming down animati,,0x4aee0118;0x4c2a8850;0x7a0ec210,no
0x03283063,10,4,7,3,sprite,1,0x4aee0118=Shriney Guard boss slamming down animati,,0x4aee0118;0x53af8200;0x612c8430,no
0x00000003,2,112,153,3,audio,0,,0‚Üî1 | 0‚ÜîE | 0‚ÜîG | 1‚Üî2,0x04041001;0x08041001;0x0e041001,no
0x00000003,2,112,153,3,sprite|anim,0,,0‚Üî1 | 0‚ÜîE | 0‚ÜîG | 1‚Üî2,0x18e88310;0x18e88510;0x18e88910,no
0x00000003,2,112,153,3,sprite|anim,0,,0‚Üî1 | 0‚ÜîE | 0‚ÜîG | 1‚Üî2,0x2e809804;0x2e811804;0x2e839804,no
0x00000003,2,112,153,3,sprite|anim,0,,0‚Üî1 | 0‚ÜîE | 0‚ÜîG | 1‚Üî2,0x3080820d;0x3080840d;0x30808e0d,no
0x00000003,2,112,153,3,sprite|anim,0,,0‚Üî1 | 0‚ÜîE | 0‚ÜîG | 1‚Üî2,0x400c989d;0x400c991d;0x400c9a1d,no
0x00000003,2,112,153,3,sprite|anim,0,,0‚Üî1 | 0‚ÜîE | 0‚ÜîG | 1‚Üî2,0x40b18011;0x40b28011;0x40b48011,no
0x00000003,2,112,153,3,audio,0,,0‚Üî1 | 0‚ÜîE | 0‚ÜîG | 1‚Üî2,0x48209640;0x49609640;0x49a09640,no
0x00000003,2,112,153,3,sprite,0,,0‚Üî1 | 0‚ÜîE | 0‚ÜîG | 1‚Üî2,0x492c8430;0x512c8430;0x612c8430,no
0x00000003,2,112,153,3,audio,0,,0‚Üî1 | 0‚ÜîE | 0‚ÜîG | 1‚Üî2,0x4c02d240;0x4c62d240;0x4ca2d240,no
0x00000003,2,112,153,3,sprite|anim,0,,0‚Üî1 | 0‚ÜîE | 0‚ÜîG | 1‚Üî2,0x5a89815f;0x5ab9815f;0x5ad9815f,no
0x00000003,2,112,153,3,sprite|anim,0,,0‚Üî1 | 0‚ÜîE | 0‚ÜîG | 1‚Üî2,0xb468d0c6;0xb868d0c6;0xbe68d0c6,no
0x00000003,2,112,153,3,audio,0,,0‚Üî1 | 0‚ÜîE | 0‚ÜîG | 1‚Üî2,0xc8648260;0xc864b260;0xc864d260,no
0x00000009,2,27,47,3,sprite|anim,0,,0‚Üî3 | 0‚ÜîC | 0‚ÜîI | 1‚Üî4,0x08148300;0x081d8300;0x085c8300,no
0x00000009,2,27,47,3,sprite|anim,0,,0‚Üî3 | 0‚ÜîC | 0‚ÜîI | 1‚Üî4,0x10b85810;0x10b95c10;0x10b97810,no
0x00000009,2,27,47,3,sprite|anim,0,,0‚Üî3 | 0‚ÜîC | 0‚ÜîI | 1‚Üî4,0x10b91810;0x10b95010;0x10bb5810,no
0x00000009,2,27,47,3,sprite|anim,0,,0‚Üî3 | 0‚ÜîC | 0‚ÜîI | 1‚Üî4,0x10b94810;0x10b95a10;0x10b9d810,no
0x00000009,2,27,47,3,sprite|anim,0,,0‚Üî3 | 0‚ÜîC | 0‚ÜîI | 1‚Üî4,0x10b9481c;0x10b95a1c;0x10b9d81c,no
0x00000009,2,27,47,3,sprite|anim,0,,0‚Üî3 | 0‚ÜîC | 0‚ÜîI | 1‚Üî4,0x408a1c10;0x40c21c10;0x42ca1c10,no
0x00000009,2,27,47,3,sprite|anim,0,,0‚Üî3 | 0‚ÜîC | 0‚ÜîI | 1‚Üî4,0x40ea1c10;0x41ca1c10;0x48ca1c10,no
0x00000005,2,52,86,3,sprite|anim,0,,0‚Üî2 | 0‚ÜîD | 0‚ÜîH | 0‚ÜîD,0x00ce0610;0x0ace0610;0x28ce0610,no
0x00000005,2,52,86,3,sprite|anim,0,,0‚Üî2 | 0‚ÜîD | 0‚ÜîH | 0‚ÜîD,0x09ce0610;0x0cce0610;0x18ce0610,no
0x00000005,2,52,86,3,sprite|anim,0,,0‚Üî2 | 0‚ÜîD | 0‚ÜîH | 0‚ÜîD,0x10b9181c;0x10b9481c;0x10b95c1c,no
0x00000005,2,52,86,3,sprite|anim,0,,0‚Üî2 | 0‚ÜîD | 0‚ÜîH | 0‚ÜîD,0x400c989d;0x400c9a1d;0x40189a1d,no
0x00000005,2,52,86,3,sprite|anim,0,,0‚Üî2 | 0‚ÜîD | 0‚ÜîH | 0‚ÜîD,0x800da102;0x800da116;0x800da152,no
0x00000005,2,52,86,3,audio,0,,0‚Üî2 | 0‚ÜîD | 0‚ÜîH | 0‚ÜîD,0xb0107444;0xb0b07444;0xb2907444,no
0x00000005,2,52,86,3,audio,0,,0‚Üî2 | 0‚ÜîD | 0‚ÜîH | 0‚ÜîD,0xb0807444;0xb0d07444;0xb1907444,no
0x00000001,1,17,27,3,sprite|anim,0,,0‚Üî00 | 0‚Üî01 | 0‚Üî02 | 0‚Üî03,0x1cf99931;0x1df99931;0x1ef99931,no
0x00000001,1,17,27,3,sprite|anim,0,,0‚Üî00 | 0‚Üî01 | 0‚Üî02 | 0‚Üî03,0x28a0c119;0x30a0c119;0x38a0c119,no
0x00000001,1,17,27,3,sprite|anim,0,,0‚Üî00 | 0‚Üî01 | 0‚Üî02 | 0‚Üî03,0x410800f9;0x410808f9;0x410818f9,no
0x00000001,1,17,27,3,anim;sprite|anim,0,,0‚Üî00 | 0‚Üî01 | 0‚Üî02 | 0‚Üî03,0x60a91c9c;0x60a91d9c;0x61a91c9c,no
0x00000001,1,17,27,3,anim;sprite|anim,0,,0‚Üî00 | 0‚Üî01 | 0‚Üî02 | 0‚Üî03,0x60aa1c9c;0x60aa1e9c;0x62aa1c9c,no
0x00000011,2,18,35,3,sprite|anim,0,,0‚Üî4 | 0‚ÜîB | 0‚ÜîJ | 1‚Üî5,0x10b95a10;0x10b97810;0x10bb5810,no
0x00d89129,10,14,20,3,sprite,0,,,0x326e0410;0x53af8200;0x5e269090,no
0x00d89129,10,14,20,3,sprite,0,,,0x492c8430;0x4a4ec094;0x523ea110,no
0x00d89129,10,14,20,3,sprite,0,,,0x52ee0118;0x542a8850;0x620ec210,no
0x01991231,10,12,20,3,sprite,0,,,0x2a6e0410;0x4a4ec094;0x4c2a8850,no
0x01991231,10,12,20,3,sprite,0,,,0x326e0410;0x524ec094;0x542a8850,no
0x01991231,10,12,20,3,sprite,0,,,0x492c8430;0x4a1ea052;0x7a0ec210,no
0x01991231,10,12,20,3,sprite,0,,,0x52ee0118;0x5e269090;0x92af8810,no
0x00283063,8,20,23,3,sprite,0,,,0x612c8430;0x62ee0118;0x63af8200,no
0x060c60c5,10,4,7,3,sprite,0,,,0x4a4ec094;0x52ee0118;0x63af8200,no
0x00000003,2,112,153,2,sprite,1,0x4a3ea110=Menu door opens to reveal monkey animati,0‚Üî1 | 0‚ÜîE | 0‚ÜîG | 1‚Üî2,0x4a3ea110;0x523ea110,no
0x00000005,2,52,86,2,sprite,1,0x4aee0118=Shriney Guard boss slamming down animati,0‚Üî2 | 0‚ÜîD | 0‚ÜîH | 0‚ÜîD,0x4aee0118;0x62ee0118,no
0x00000005,2,52,86,2,sprite,1,0x4baf8200=Shriney Guard boss yelling animation,0‚Üî2 | 0‚ÜîD | 0‚ÜîH | 0‚ÜîD,0x4baf8200;0x63af8200,no
0x0040c685,8,10,20,2,sprite,1,0x4a3ea110=Menu door opens to reveal monkey animati,,0x4a3ea110;0x52ee0118,no
0x0040c685,8,10,20,2,sprite,1,0x4aee0118=Shriney Guard boss slamming down animati,,0x4aee0118;0x523ea110,no
0x0040c685,8,10,20,2,sprite,1,0x4baf8200=Shriney Guard boss yelling animation,,0x4baf8200;0x7a0ec210,no
0x000a10c1,6,6,12,2,sprite,1,0x4aee0118=Shriney Guard boss slamming down animati,,0x2a6e0410;0x4aee0118,no
0x06184187,10,8,16,2,sprite,1,0x4baf8200=Shriney Guard boss yelling animation,,0x2a6e0410;0x4baf8200,no
0x06184187,10,8,16,2,sprite,1,0x4a3ea110=Menu door opens to reveal monkey animati,,0x4a3ea110;0x524ec094,no
0x06184187,10,8,16,2,sprite,1,0x4aee0118=Shriney Guard boss slamming down animati,,0x4aee0118;0x7a0ec210,no
0x01991231,10,12,20,2,sprite,1,0x4aee0118=Shriney Guard boss slamming down animati,,0x46269090;0x4aee0118,no
0x01991231,10,12,20,2,sprite,1,0x4a3ea110=Menu door opens to reveal monkey animati,,0x4a3ea110;0x53af8200,no
0x01991231,10,12,20,2,sprite,1,0x4baf8200=Shriney Guard boss yelling animation,,0x4baf8200;0x523ea110,no
0x060c60c5,10,4,7,2,sprite,1,0x4aee0118=Shriney Guard boss slamming down animati,,0x4aee0118;0x524ec094,no
0x067850a5,12,4,8,2,sprite,1,0x4baf8200=Shriney Guard boss yelling animation,,0x4baf8200;0x524ec094,no
0x03283063,10,4,7,2,sprite,1,0x4baf8200=Shriney Guard boss yelling animation,,0x4baf8200;0x52ee0118,no
0x03087041,8,8,16,2,sprite|anim;type500,0,,,0x00000000;0x40c21c10,no
0x03087041,8,8,16,2,audio,0,,,0x10f0e983;0x92f8f1c0,no
0x03087041,8,8,16,2,sprite|anim,0,,,0x12800031;0x93043811,no
0x03087041,8,8,16,2,sprite|anim,0,,,0x222222d8;0x262e0319,no
0x03087041,8,8,16,2,sprite|anim,0,,,0x80b92212;0x88a16190,no
0x03087041,8,8,16,2,sprite|anim,0,,,0x8818a018;0x98f8221e,no
0x03087041,8,8,16,2,sprite|anim,0,,,0xb69c8356;0xbebce258,no
0x03087041,8,8,16,2,sprite|anim,0,,,0xc48c7158;0xd89c319a,no
0x03061893,10,5,10,2,audio,0,,,0x001822d8;0x1828e640,no
0x03061893,10,5,10,2,audio;sprite|anim,0,,,0x081c8302;0x0e041001,no
0x03061893,10,5,10,2,audio,0,,,0x401106da;0x5821c242,no
0x03061893,10,5,10,2,audio,0,,,0x40400270;0x5870c6e8,no
0x03061893,10,5,10,2,audio,0,,,0x486002db;0x5050c643,no
0x00249009,6,5,10,2,audio,0,,,0x001822d8;0x401106da,no
0x00249009,6,5,10,2,audio,0,,,0x0434ce72;0x04a68e56,no
0x00249009,6,5,10,2,audio,0,,,0x0462e0bb;0x2470e0f2,no
0x00249009,6,5,10,2,audio,0,,,0x04dce858;0x4cddccd8,no
0x00249009,6,5,10,2,audio,0,,,0x1828e640;0x5821c242,no
0x016082a1,8,6,12,2,audio,0,,,0x001822d8;0x40400270,no
0x016082a1,8,6,12,2,audio,0,,,0x0120e27a;0x0462e0bb,no
0x016082a1,8,6,12,2,audio,0,,,0x012484d2;0x04a68e56,no
0x016082a1,8,6,12,2,sprite|anim,0,,,0x024e981c;0x404c5919,no
0x016082a1,8,6,12,2,audio,0,,,0x1828e640;0x5870c6e8,no
0x016082a1,8,6,12,2,audio,0,,,0x44d6c8cd;0x4cddccd8,no
0x001a43c1,9,5,10,2,audio,0,,,0x001822d8;0x486002db,no
0x001a43c1,9,5,10,2,audio,0,,,0x0462e0bb;0x0478a37a,no
0x001a43c1,9,5,10,2,audio,0,,,0x04a68e56;0x83248e62,no
0x001a43c1,9,5,10,2,audio,0,,,0x1828e640;0x5050c643,no
0x001a43c1,9,5,10,2,audio,0,,,0x25d2c8d8;0x4cddccd8,no
0x00000081,2,6,12,2,sprite|anim,0,,0‚Üî7 | 0‚ÜîM | 1‚Üî8 | 1‚ÜîN,0x004a981c;0x024e981c,no
0x00000081,2,6,12,2,sprite|anim,0,,0‚Üî7 | 0‚ÜîM | 1‚Üî8 | 1‚ÜîN,0x0408c01e;0x0428801e,no
0x00000081,2,6,12,2,sprite|anim,0,,0‚Üî7 | 0‚ÜîM | 1‚Üî8 | 1‚ÜîN,0x10b85810;0x10b95a10,no
0x00000081,2,6,12,2,sprite|anim,0,,0‚Üî7 | 0‚ÜîM | 1‚Üî8 | 1‚ÜîN,0x10b95c10;0x10bb5810,no
0x00000081,2,6,12,2,sprite|anim,0,,0‚Üî7 | 0‚ÜîM | 1‚Üî8 | 1‚ÜîN,0x40c21c10;0x44ca1c10,no
0x00000081,2,6,12,2,sprite|anim,0,,0‚Üî7 | 0‚ÜîM | 1‚Üî8 | 1‚ÜîN,0x40da1c10;0x48ca1c10,no
0x00000003,2,112,153,2,type500,0,,0‚Üî1 | 0‚ÜîE | 0‚ÜîG | 1‚Üî2,0x006e0046;0x00ae0046,no
0x00000003,2,112,153,2,sprite|anim,0,,0‚Üî1 | 0‚ÜîE | 0‚ÜîG | 1‚Üî2,0x0b0811bb;0x0b081dbb,no
0x00000003,2,112,153,2,sprite|anim,0,,0‚Üî1 | 0‚ÜîE | 0‚ÜîG | 1‚Üî2,0x1df99931;0x1ef99931,no
0x00000003,2,112,153,2,sprite|anim,0,,0‚Üî1 | 0‚ÜîE | 0‚ÜîG | 1‚Üî2,0x28a0c119;0x30a0c119,no
0x00000003,2,112,153,2,sprite,0,,0‚Üî1 | 0‚ÜîE | 0‚ÜîG | 1‚Üî2,0x2a6e0410;0x326e0410,no
0x00000003,2,112,153,2,audio,0,,0‚Üî1 | 0‚ÜîE | 0‚ÜîG | 1‚Üî2,0x302010c4;0x302016c4,no
0x00000003,2,112,153,2,sprite|anim,0,,0‚Üî1 | 0‚ÜîE | 0‚ÜîG | 1‚Üî2,0x3a186940;0x3a186980,no
0x00000003,2,112,153,2,sprite|anim,0,,0‚Üî1 | 0‚ÜîE | 0‚ÜîG | 1‚Üî2,0x40106054;0x4c106054,no
0x00000003,2,112,153,2,sprite|anim,0,,0‚Üî1 | 0‚ÜîE | 0‚ÜîG | 1‚Üî2,0x407801d0;0x407801dc,no
0x00000003,2,112,153,2,sprite|anim,0,,0‚Üî1 | 0‚ÜîE | 0‚ÜîG | 1‚Üî2,0x410800f9;0x410818f9,no
0x00000003,2,112,153,2,sprite,0,,0‚Üî1 | 0‚ÜîE | 0‚ÜîG | 1‚Üî2,0x46269090;0x5e269090,no
0x00000003,2,112,153,2,sprite,0,,0‚Üî1 | 0‚ÜîE | 0‚ÜîG | 1‚Üî2,0x4a4ec094;0x524ec094,no
0x00000003,2,112,153,2,sprite,0,,0‚Üî1 | 0‚ÜîE | 0‚ÜîG | 1‚Üî2,0x4c2a8850;0x542a8850,no
0x00000003,2,112,153,2,audio,0,,0‚Üî1 | 0‚ÜîE | 0‚ÜîG | 1‚Üî2,0x51200640;0x61200640,no
0x00000003,2,112,153,2,sprite|anim,0,,0‚Üî1 | 0‚ÜîE | 0‚ÜîG | 1‚Üî2,0x60a91c9c;0x60aa1c9c,no
0x00000003,2,112,153,2,sprite|anim,0,,0‚Üî1 | 0‚ÜîE | 0‚ÜîG | 1‚Üî2,0x60b98cbd;0x60b9bcbd,no
0x00000003,2,112,153,2,sprite,0,,0‚Üî1 | 0‚ÜîE | 0‚ÜîG | 1‚Üî2,0x620ec210;0x7a0ec210,no
0x00000003,2,112,153,2,audio,0,,0‚Üî1 | 0‚ÜîE | 0‚ÜîG | 1‚Üî2,0x62318245;0x7a318245,no
0x00000003,2,112,153,2,sprite|anim,0,,0‚Üî1 | 0‚ÜîE | 0‚ÜîG | 1‚Üî2,0x6a351094;0x6c351094,no
0x00000003,2,112,153,2,sprite|anim,0,,0‚Üî1 | 0‚ÜîE | 0‚ÜîG | 1‚Üî2,0x6d209c95;0xed209c94,no
0x00000003,2,112,153,2,audio,0,,0‚Üî1 | 0‚ÜîE | 0‚ÜîG | 1‚Üî2,0x70204350;0x70404350,no
0x00000003,2,112,153,2,audio,0,,0‚Üî1 | 0‚ÜîE | 0‚ÜîG | 1‚Üî2,0x7c108242;0x7c108244,no
0x00000003,2,112,153,2,sprite|anim,0,,0‚Üî1 | 0‚ÜîE | 0‚ÜîG | 1‚Üî2,0x81421850;0x82421850,no
0x00000003,2,112,153,2,sprite|anim,0,,0‚Üî1 | 0‚ÜîE | 0‚ÜîG | 1‚Üî2,0xa9387d8c;0xc9387d8c,no
0x00000003,2,112,153,2,sprite|anim,0,,0‚Üî1 | 0‚ÜîE | 0‚ÜîG | 1‚Üî2,0xe00e989d;0xe00e991d,no
0x00000003,2,112,153,2,audio,0,,0‚Üî1 | 0‚ÜîE | 0‚ÜîG | 1‚Üî2,0xf03391e9;0xf033a1e9,no
0x00000009,2,27,47,2,sprite|anim,0,,0‚Üî3 | 0‚ÜîC | 0‚ÜîI | 1‚Üî4,0x00ce0610;0x09ce0610,no
0x00000009,2,27,47,2,sprite|anim,0,,0‚Üî3 | 0‚ÜîC | 0‚ÜîI | 1‚Üî4,0x080c8300;0x081e8300,no
0x00000009,2,27,47,2,sprite|anim,0,,0‚Üî3 | 0‚ÜîC | 0‚ÜîI | 1‚Üî4,0x0ace0610;0x18ce0610,no
0x00000009,2,27,47,2,sprite|anim,0,,0‚Üî3 | 0‚ÜîC | 0‚ÜîI | 1‚Üî4,0x0cce0610;0x28ce0610,no
0x00000009,2,27,47,2,sprite|anim,0,,0‚Üî3 | 0‚ÜîC | 0‚ÜîI | 1‚Üî4,0x10b9181c;0x10b9501c,no
0x00000009,2,27,47,2,sprite|anim,0,,0‚Üî3 | 0‚ÜîC | 0‚ÜîI | 1‚Üî4,0x10b95c1c;0x10b9781c,no
0x00000009,2,27,47,2,sprite|anim,0,,0‚Üî3 | 0‚ÜîC | 0‚ÜîI | 1‚Üî4,0x408a2c10;0x40c22c10,no
0x00000009,2,27,47,2,sprite|anim,0,,0‚Üî3 | 0‚ÜîC | 0‚ÜîI | 1‚Üî4,0x462c6040;0x463e6040,no
0x00000009,2,27,47,2,sprite|anim,0,,0‚Üî3 | 0‚ÜîC | 0‚ÜîI | 1‚Üî4,0x800da116;0x800da132,no
0x00000009,2,27,47,2,sprite|anim,0,,0‚Üî3 | 0‚ÜîC | 0‚ÜîI | 1‚Üî4,0x800da11a;0x800da152,no
0x00000009,2,27,47,2,audio,0,,0‚Üî3 | 0‚ÜîC | 0‚ÜîI | 1‚Üî4,0xb0107444;0xb0807444,no
0x00000009,2,27,47,2,audio,0,,0‚Üî3 | 0‚ÜîC | 0‚ÜîI | 1‚Üî4,0xb0b07444;0xb1907444,no
0x00000009,2,27,47,2,audio,0,,0‚Üî3 | 0‚ÜîC | 0‚ÜîI | 1‚Üî4,0xb0d07444;0xb2907444,no
0x00000005,2,52,86,2,audio,0,,0‚Üî2 | 0‚ÜîD | 0‚ÜîH | 0‚ÜîD,0x04041001;0x0e041001,no
0x00000005,2,52,86,2,sprite|anim,0,,0‚Üî2 | 0‚ÜîD | 0‚ÜîH | 0‚ÜîD,0x08148300;0x081e8300,no
0x00000005,2,52,86,2,sprite|anim,0,,0‚Üî2 | 0‚ÜîD | 0‚ÜîH | 0‚ÜîD,0x18e88310;0x18e88910,no
0x00000005,2,52,86,2,sprite|anim,0,,0‚Üî2 | 0‚ÜîD | 0‚ÜîH | 0‚ÜîD,0x2e811804;0x2e839804,no
0x00000005,2,52,86,2,sprite|anim,0,,0‚Üî2 | 0‚ÜîD | 0‚ÜîH | 0‚ÜîD,0x3080840d;0x30808e0d,no
0x00000005,2,52,86,2,sprite|anim,0,,0‚Üî2 | 0‚ÜîD | 0‚ÜîH | 0‚ÜîD,0x408a2c10;0x40da2c10,no
0x00000005,2,52,86,2,sprite|anim,0,,0‚Üî2 | 0‚ÜîD | 0‚ÜîH | 0‚ÜîD,0x40b18011;0x40b48011,no
0x00000005,2,52,86,2,sprite|anim,0,,0‚Üî2 | 0‚ÜîD | 0‚ÜîH | 0‚ÜîD,0x40c21c10;0x40ea1c10,no
0x00000005,2,52,86,2,sprite|anim,0,,0‚Üî2 | 0‚ÜîD | 0‚ÜîH | 0‚ÜîD,0x40c22c10;0x40ea2c10,no
0x00000005,2,52,86,2,sprite|anim,0,,0‚Üî2 | 0‚ÜîD | 0‚ÜîH | 0‚ÜîD,0x42ca1c10;0x48ca1c10,no
0x00000005,2,52,86,2,sprite|anim,0,,0‚Üî2 | 0‚ÜîD | 0‚ÜîH | 0‚ÜîD,0x462c6040;0x46386040,no
0x00000005,2,52,86,2,sprite|anim,0,,0‚Üî2 | 0‚ÜîD | 0‚ÜîH | 0‚ÜîD,0x46346040;0x463e6040,no
0x00000005,2,52,86,2,audio,0,,0‚Üî2 | 0‚ÜîD | 0‚ÜîH | 0‚ÜîD,0x48209640;0x49609640,no
0x00000005,2,52,86,2,sprite,0,,0‚Üî2 | 0‚ÜîD | 0‚ÜîH | 0‚ÜîD,0x492c8430;0x612c8430,no
0x00000005,2,52,86,2,audio,0,,0‚Üî2 | 0‚ÜîD | 0‚ÜîH | 0‚ÜîD,0x4c02d240;0x4ca2d240,no
0x00000005,2,52,86,2,sprite|anim,0,,0‚Üî2 | 0‚ÜîD | 0‚ÜîH | 0‚ÜîD,0x5a89815f;0x5ad9815f,no
0x00000005,2,52,86,2,sprite|anim,0,,0‚Üî2 | 0‚ÜîD | 0‚ÜîH | 0‚ÜîD,0x60181a0c;0x61581a0c,no
0x00000005,2,52,86,2,sprite|anim,0,,0‚Üî2 | 0‚ÜîD | 0‚ÜîH | 0‚ÜîD,0x800da11a;0x800da132,no
0x00000005,2,52,86,2,sprite|anim,0,,0‚Üî2 | 0‚ÜîD | 0‚ÜîH | 0‚ÜîD,0xb468d0c6;0xbe68d0c6,no
0x00000005,2,52,86,2,audio,0,,0‚Üî2 | 0‚ÜîD | 0‚ÜîH | 0‚ÜîD,0xc8648260;0xc864d260,no
0x0024020d,6,4,8,2,sprite|anim,0,,70‚ÜîJUMP | START‚ÜîEND,0x00ce0610;0x48ca1c10,no
0x0024020d,6,4,8,2,sprite|anim,0,,70‚ÜîJUMP | START‚ÜîEND,0x09ce0610;0x41ca1c10,no
0x0024020d,6,4,8,2,sprite|anim,0,,70‚ÜîJUMP | START‚ÜîEND,0x0ace0610;0x42ca1c10,no
0x0024020d,6,4,8,2,sprite|anim,0,,70‚ÜîJUMP | START‚ÜîEND,0x0cce0610;0x44ca1c10,no
0x00055841,7,5,10,2,audio,0,,,0x0120e27a;0x0478a37a,no
0x00055841,7,5,10,2,audio,0,,,0x012484d2;0x83248e62,no
0x00055841,7,5,10,2,audio,0,,,0x25d2c8d8;0x44d6c8cd,no
0x00055841,7,5,10,2,audio,0,,,0x40400270;0x486002db,no
0x00055841,7,5,10,2,audio,0,,,0x5050c643;0x5870c6e8,no
0x00288255,8,5,10,2,audio,0,,,0x0120e27a;0x2470e0f2,no
0x00288255,8,5,10,2,audio,0,,,0x012484d2;0x0434ce72,no
0x00288255,8,5,10,2,audio,0,,,0x04dce858;0x44d6c8cd,no
0x00288255,8,5,10,2,audio,0,,,0x401106da;0x40400270,no
0x00288255,8,5,10,2,audio,0,,,0x5821c242;0x5870c6e8,no
0x000c48ad,9,4,8,2,sprite|anim,0,,,0x022e3442;0x10057441,no
0x000c48ad,9,4,8,2,sprite|anim,0,,,0x02ed1470;0x883d14b4,no
0x000c48ad,9,4,8,2,sprite|anim,0,,,0x08de7215;0x60de1050,no
0x000c48ad,9,4,8,2,anim;sprite|anim,0,,,0x424d1840;0x4e05b540,no
0x00421c41,7,5,10,2,audio,0,,,0x0434ce72;0x83248e62,no
0x00421c41,7,5,10,2,audio,0,,,0x0478a37a;0x2470e0f2,no
0x00421c41,7,5,10,2,audio,0,,,0x04dce858;0x25d2c8d8,no
0x00421c41,7,5,10,2,audio,0,,,0x401106da;0x486002db,no
0x00421c41,7,5,10,2,audio,0,,,0x5050c643;0x5821c242,no
0x0002404d,6,7,14,2,sprite|anim,0,,,0x052aa082;0x0538a2ea,no
0x0002404d,6,7,14,2,sprite|anim,0,,,0x0628a800;0xa628e009,no
0x0002404d,6,7,14,2,sprite|anim,0,,,0x0708a4a0;0xd70880a4,no
0x0002404d,6,7,14,2,sprite|anim,0,,,0x112ae088;0x8139a088,no
0x0002404d,6,7,14,2,sprite|anim,0,,,0x1b280c33;0x3da80d13,no
0x0002404d,6,7,14,2,sprite|anim,0,,,0x2524e089;0x8524a880,no
0x0002404d,6,7,14,2,sprite|anim,0,,,0x8569a090;0x9629a000,no
0x069c8b09,12,4,8,2,sprite|anim,0,,,0x06101db0;0x0b290ba2,no
0x069c8b09,12,4,8,2,sprite|anim,0,,,0x193ca112;0xcaadc032,no
0x069c8b09,12,4,8,2,sprite|anim,0,,,0x48d81135;0x8068815c,no
0x069c8b09,12,4,8,2,sprite|anim,0,,,0x4c106054;0xa8482860,no
0x008b4a25,10,4,8,2,sprite|anim,0,,,0x06101db0;0x2b3889b2,no
0x008b4a25,10,4,8,2,sprite|anim,0,,,0x0a1820d4;0xa8482860,no
0x008b4a25,10,4,8,2,sprite|anim,0,,,0x0c78005c;0x48d81135,no
0x008b4a25,10,4,8,2,sprite|anim,0,,,0x18248010;0xcaadc032,no
0x00000001,1,17,27,2,sprite|anim,0,,0‚Üî00 | 0‚Üî01 | 0‚Üî02 | 0‚Üî03,0x069480a0;0x069580a0,no
0x00000001,1,17,27,2,sprite|anim,0,,0‚Üî00 | 0‚Üî01 | 0‚Üî02 | 0‚Üî03,0x60b93cbd;0x60b9bcbd,no
0x00000001,1,17,27,2,audio,0,,0‚Üî00 | 0‚Üî01 | 0‚Üî02 | 0‚Üî03,0x7622c165;0x7623c165,no
0x00000001,1,17,27,2,sprite|anim,0,,0‚Üî00 | 0‚Üî01 | 0‚Üî02 | 0‚Üî03,0xa0cc18d0;0xa0cc1cd0,no
0x00000011,2,18,35,2,sprite|anim,0,,0‚Üî4 | 0‚ÜîB | 0‚ÜîJ | 1‚Üî5,0x080c8300;0x081d8300,no
0x00000011,2,18,35,2,sprite|anim,0,,0‚Üî4 | 0‚ÜîB | 0‚ÜîJ | 1‚Üî5,0x08188300;0x085c8300,no
0x00000011,2,18,35,2,sprite|anim,0,,0‚Üî4 | 0‚ÜîB | 0‚ÜîJ | 1‚Üî5,0x09ce0610;0x18ce0610,no
0x00000011,2,18,35,2,sprite|anim,0,,0‚Üî4 | 0‚ÜîB | 0‚ÜîJ | 1‚Üî5,0x0ace0610;0x28ce0610,no
0x00000011,2,18,35,2,sprite|anim,0,,0‚Üî4 | 0‚ÜîB | 0‚ÜîJ | 1‚Üî5,0x10b85810;0x10b94810,no
0x00000011,2,18,35,2,sprite|anim,0,,0‚Üî4 | 0‚ÜîB | 0‚ÜîJ | 1‚Üî5,0x10b91810;0x10b95c10,no
0x00000011,2,18,35,2,sprite|anim,0,,0‚Üî4 | 0‚ÜîB | 0‚ÜîJ | 1‚Üî5,0x10b9181c;0x10b95c1c,no
0x00000011,2,18,35,2,sprite|anim,0,,0‚Üî4 | 0‚ÜîB | 0‚ÜîJ | 1‚Üî5,0x10b95010;0x10b9d810,no
0x00000011,2,18,35,2,sprite|anim,0,,0‚Üî4 | 0‚ÜîB | 0‚ÜîJ | 1‚Üî5,0x10b9501c;0x10b9d81c,no
0x00000011,2,18,35,2,sprite|anim,0,,0‚Üî4 | 0‚ÜîB | 0‚ÜîJ | 1‚Üî5,0x10b95a1c;0x10b9781c,no
0x00000011,2,18,35,2,sprite|anim,0,,0‚Üî4 | 0‚ÜîB | 0‚ÜîJ | 1‚Üî5,0x408a1c10;0x44ca1c10,no
0x00000011,2,18,35,2,sprite|anim,0,,0‚Üî4 | 0‚ÜîB | 0‚ÜîJ | 1‚Üî5,0x40da1c10;0x41ca1c10,no
0x00000011,2,18,35,2,sprite|anim,0,,0‚Üî4 | 0‚ÜîB | 0‚ÜîJ | 1‚Üî5,0x40ea1c10;0x42ca1c10,no
0x00000011,2,18,35,2,sprite|anim,0,,0‚Üî4 | 0‚ÜîB | 0‚ÜîJ | 1‚Üî5,0x800da116;0x800da152,no
0x00000011,2,18,35,2,audio,0,,0‚Üî4 | 0‚ÜîB | 0‚ÜîJ | 1‚Üî5,0xb0807444;0xb1907444,no
0x00000011,2,18,35,2,audio,0,,0‚Üî4 | 0‚ÜîB | 0‚ÜîJ | 1‚Üî5,0xb0b07444;0xb2907444,no
0x0138838d,11,4,8,2,sprite|anim,0,,,0x080c8300;0x462c6040,no
0x0138838d,11,4,8,2,sprite|anim,0,,,0x08148300;0x46346040,no
0x0138838d,11,4,8,2,sprite|anim,0,,,0x08188300;0x46386040,no
0x0138838d,11,4,8,2,sprite|anim,0,,,0x081e8300;0x463e6040,no
0x00000041,2,8,16,2,sprite|anim,0,,0‚Üî6 | 0‚ÜîL | 0‚ÜîL | 1‚Üî7,0x081d8300;0x085c8300,no
0x00000041,2,8,16,2,sprite|anim,0,,0‚Üî6 | 0‚ÜîL | 0‚ÜîL | 1‚Üî7,0x10b85810;0x10b95c10,no
0x00000041,2,8,16,2,sprite|anim,0,,0‚Üî6 | 0‚ÜîL | 0‚ÜîL | 1‚Üî7,0x10b95010;0x10bb5810,no
0x00000041,2,8,16,2,sprite|anim,0,,0‚Üî6 | 0‚ÜîL | 0‚ÜîL | 1‚Üî7,0x10b95a10;0x10b9d810,no
0x00000041,2,8,16,2,sprite|anim,0,,0‚Üî6 | 0‚ÜîL | 0‚ÜîL | 1‚Üî7,0x10b95a1c;0x10b9d81c,no
0x00000041,2,8,16,2,sprite|anim,0,,0‚Üî6 | 0‚ÜîL | 0‚ÜîL | 1‚Üî7,0x40c21c10;0x42ca1c10,no
0x00000041,2,8,16,2,sprite|anim,0,,0‚Üî6 | 0‚ÜîL | 0‚ÜîL | 1‚Üî7,0x40da1c10;0x44ca1c10,no
0x00000041,2,8,16,2,sprite|anim,0,,0‚Üî6 | 0‚ÜîL | 0‚ÜîL | 1‚Üî7,0x40ea1c10;0x48ca1c10,no
0x00000021,2,13,26,2,sprite|anim,0,,0‚Üî5 | 0‚ÜîA | 0‚ÜîK | 1‚Üî6,0x081e8300;0x085c8300,no
0x00000021,2,13,26,2,sprite|anim,0,,0‚Üî5 | 0‚ÜîA | 0‚ÜîK | 1‚Üî6,0x09ce0610;0x28ce0610,no
0x00000021,2,13,26,2,sprite|anim,0,,0‚Üî5 | 0‚ÜîA | 0‚ÜîK | 1‚Üî6,0x10b85810;0x10b95010,no
0x00000021,2,13,26,2,sprite|anim,0,,0‚Üî5 | 0‚ÜîA | 0‚ÜîK | 1‚Üî6,0x10b91810;0x10b95a10,no
0x00000021,2,13,26,2,sprite|anim,0,,0‚Üî5 | 0‚ÜîA | 0‚ÜîK | 1‚Üî6,0x10b9181c;0x10b95a1c,no
0x00000021,2,13,26,2,sprite|anim,0,,0‚Üî5 | 0‚ÜîA | 0‚ÜîK | 1‚Üî6,0x10b94810;0x10bb5810,no
0x00000021,2,13,26,2,sprite|anim,0,,0‚Üî5 | 0‚ÜîA | 0‚ÜîK | 1‚Üî6,0x10b95c10;0x10b9d810,no
0x00000021,2,13,26,2,sprite|anim,0,,0‚Üî5 | 0‚ÜîA | 0‚ÜîK | 1‚Üî6,0x10b95c1c;0x10b9d81c,no
0x00000021,2,13,26,2,sprite|anim,0,,0‚Üî5 | 0‚ÜîA | 0‚ÜîK | 1‚Üî6,0x408a1c10;0x48ca1c10,no
0x00000021,2,13,26,2,sprite|anim,0,,0‚Üî5 | 0‚ÜîA | 0‚ÜîK | 1‚Üî6,0x40c21c10;0x41ca1c10,no
0x00000021,2,13,26,2,sprite|anim,0,,0‚Üî5 | 0‚ÜîA | 0‚ÜîK | 1‚Üî6,0x40da1c10;0x42ca1c10,no
0x00000021,2,13,26,2,sprite|anim,0,,0‚Üî5 | 0‚ÜîA | 0‚ÜîK | 1‚Üî6,0x40ea1c10;0x44ca1c10,no
0x00000021,2,13,26,2,audio,0,,0‚Üî5 | 0‚ÜîA | 0‚ÜîK | 1‚Üî6,0xb0807444;0xb2907444,no
0x002a0c21,7,5,10,2,sprite|anim,0,,,0x082e03d8;0x222222d8,no
0x002a0c21,7,5,10,2,sprite|anim,0,,,0x88783718;0x98f8221e,no
0x002a0c21,7,5,10,2,sprite|anim,0,,,0x93043811;0xd2801814,no
0x002a0c21,7,5,10,2,sprite|anim,0,,,0xb69c8356;0xb7cce25e,no
0x002a0c21,7,5,10,2,sprite|anim,0,,,0xc89e9158;0xd89c319a,no
0x00006097,7,5,10,2,sprite|anim,0,,,0x082e03d8;0x262e0319,no
0x00006097,7,5,10,2,sprite|anim,0,,,0x12800031;0xd2801814,no
0x00006097,7,5,10,2,sprite|anim,0,,,0x8818a018;0x88783718,no
0x00006097,7,5,10,2,sprite|anim,0,,,0xb7cce25e;0xbebce258,no
0x00006097,7,5,10,2,sprite|anim,0,,,0xc48c7158;0xc89e9158,no
0x008c1081,6,4,8,2,sprite|anim,0,,,0x0a1820d4;0x4c106054,no
0x008c1081,6,4,8,2,sprite|anim,0,,,0x0b290ba2;0x2b3889b2,no
0x008c1081,6,4,8,2,sprite|anim,0,,,0x0c78005c;0x8068815c,no
0x008c1081,6,4,8,2,sprite|anim,0,,,0x18248010;0x193ca112,no
0x00001403,4,4,8,2,sprite|anim,0,,04‚Üî15 | 06‚Üî13 | 14‚Üî25 | 16‚Üî23,0x10b91810;0x10b9481c,no
0x00001403,4,4,8,2,sprite|anim,0,,04‚Üî15 | 06‚Üî13 | 14‚Üî25 | 16‚Üî23,0x10b9181c;0x10b94810,no
0x00001403,4,4,8,2,sprite|anim,0,,04‚Üî15 | 06‚Üî13 | 14‚Üî25 | 16‚Üî23,0x400c991d;0x40189a1d,no
0x00001403,4,4,8,2,sprite|anim,0,,04‚Üî15 | 06‚Üî13 | 14‚Üî25 | 16‚Üî23,0x408a2c10;0x41ca1c10,no
0x00000603,4,4,8,2,sprite|anim,0,,03‚Üî13 | 04‚Üî12 | 13‚Üî23 | 14‚Üî22,0x10b94810;0x10b9501c,no
0x00000603,4,4,8,2,sprite|anim,0,,03‚Üî13 | 04‚Üî12 | 13‚Üî23 | 14‚Üî22,0x10b9481c;0x10b95010,no
0x00000603,4,4,8,2,sprite|anim,0,,03‚Üî13 | 04‚Üî12 | 13‚Üî23 | 14‚Üî22,0x408a1c10;0x40ea2c10,no
0x00000603,4,4,8,2,sprite|anim,0,,03‚Üî13 | 04‚Üî12 | 13‚Üî23 | 14‚Üî22,0x408a2c10;0x40ea1c10,no
0x00000483,4,4,8,2,sprite|anim,0,,01‚Üî13 | 04‚Üî10 | 11‚Üî23 | 14‚Üî20,0x10b94810;0x10b95a1c,no
0x00000483,4,4,8,2,sprite|anim,0,,01‚Üî13 | 04‚Üî10 | 11‚Üî23 | 14‚Üî20,0x10b9481c;0x10b95a10,no
0x00000483,4,4,8,2,sprite|anim,0,,01‚Üî13 | 04‚Üî10 | 11‚Üî23 | 14‚Üî20,0x408a1c10;0x40c22c10,no
0x00000483,4,4,8,2,sprite|anim,0,,01‚Üî13 | 04‚Üî10 | 11‚Üî23 | 14‚Üî20,0x408a2c10;0x40c21c10,no
0x00000503,4,4,8,2,sprite|anim,0,,02‚Üî13 | 04‚Üî11 | 12‚Üî23 | 14‚Üî21,0x10b94810;0x10b95c1c,no
0x00000503,4,4,8,2,sprite|anim,0,,02‚Üî13 | 04‚Üî11 | 12‚Üî23 | 14‚Üî21,0x10b9481c;0x10b95c10,no
0x00000503,4,4,8,2,sprite|anim,0,,02‚Üî13 | 04‚Üî11 | 12‚Üî23 | 14‚Üî21,0x408a1c10;0x40da2c10,no
0x00000503,4,4,8,2,sprite|anim,0,,02‚Üî13 | 04‚Üî11 | 12‚Üî23 | 14‚Üî21,0x408a2c10;0x40da1c10,no
0x00000283,4,4,8,2,sprite|anim,0,,01‚Üî12 | 03‚Üî10 | 11‚Üî22 | 13‚Üî20,0x10b95010;0x10b95a1c,no
0x00000283,4,4,8,2,sprite|anim,0,,01‚Üî12 | 03‚Üî10 | 11‚Üî22 | 13‚Üî20,0x10b9501c;0x10b95a10,no
0x00000283,4,4,8,2,sprite|anim,0,,01‚Üî12 | 03‚Üî10 | 11‚Üî22 | 13‚Üî20,0x40c21c10;0x40ea2c10,no
0x00000283,4,4,8,2,sprite|anim,0,,01‚Üî12 | 03‚Üî10 | 11‚Üî22 | 13‚Üî20,0x40c22c10;0x40ea1c10,no
0x00000303,4,6,12,2,sprite|anim,0,,02‚Üî12 | 03‚Üî11 | 12‚Üî22 | 13‚Üî21,0x10b95010;0x10b95c1c,no
0x00000303,4,6,12,2,sprite|anim,0,,02‚Üî12 | 03‚Üî11 | 12‚Üî22 | 13‚Üî21,0x10b9501c;0x10b95c10,no
0x00000303,4,6,12,2,sprite|anim,0,,02‚Üî12 | 03‚Üî11 | 12‚Üî22 | 13‚Üî21,0x40da1c10;0x40ea2c10,no
0x00000303,4,6,12,2,sprite|anim,0,,02‚Üî12 | 03‚Üî11 | 12‚Üî22 | 13‚Üî21,0x40da2c10;0x40ea1c10,no
0x00000303,4,6,12,2,anim,0,,02‚Üî12 | 03‚Üî11 | 12‚Üî22 | 13‚Üî21,0x60a91d9c;0x60aa1e9c,no
0x00000303,4,6,12,2,sprite|anim,0,,02‚Üî12 | 03‚Üî11 | 12‚Üî22 | 13‚Üî21,0x61a91c9c;0x62aa1c9c,no
0x00000183,4,4,8,2,sprite|anim,0,,01‚Üî11 | 02‚Üî10 | 11‚Üî21 | 12‚Üî20,0x10b95a10;0x10b95c1c,no
0x00000183,4,4,8,2,sprite|anim,0,,01‚Üî11 | 02‚Üî10 | 11‚Üî21 | 12‚Üî20,0x10b95a1c;0x10b95c10,no
0x00000183,4,4,8,2,sprite|anim,0,,01‚Üî11 | 02‚Üî10 | 11‚Üî21 | 12‚Üî20,0x40c21c10;0x40da2c10,no
0x00000183,4,4,8,2,sprite|anim,0,,01‚Üî11 | 02‚Üî10 | 11‚Üî21 | 12‚Üî20,0x40c22c10;0x40da1c10,no
0x0040c685,8,10,20,2,sprite,0,,,0x2a6e0410;0x492c8430,no
0x0040c685,8,10,20,2,sprite,0,,,0x326e0410;0x512c8430,no
0x0040c685,8,10,20,2,sprite,0,,,0x46269090;0x4a4ec094,no
0x0040c685,8,10,20,2,sprite,0,,,0x4a1ea052;0x4c2a8850,no
0x0040c685,8,10,20,2,sprite,0,,,0x524ec094;0x5e269090,no
0x0040c685,8,10,20,2,sprite,0,,,0x53af8200;0x620ec210,no
0x0040c685,8,10,20,2,sprite,0,,,0x542a8850;0x92af8810,no
0x01062423,8,4,8,2,sprite,0,,,0x2a6e0410;0x4a4ec094,no
0x01062423,8,4,8,2,sprite,0,,,0x326e0410;0x524ec094,no
0x01062423,8,4,8,2,sprite,0,,,0x4a1ea052;0x7a0ec210,no
0x01062423,8,4,8,2,sprite,0,,,0x52ee0118;0x92af8810,no
0x000a10c1,6,6,12,2,sprite,0,,,0x326e0410;0x52ee0118,no
0x000a10c1,6,6,12,2,sprite,0,,,0x4a1ea052;0x523ea110,no
0x000a10c1,6,6,12,2,sprite,0,,,0x4a4ec094;0x7a0ec210,no
0x000a10c1,6,6,12,2,sprite,0,,,0x524ec094;0x620ec210,no
0x000a10c1,6,6,12,2,sprite,0,,,0x53af8200;0x92af8810,no
0x06184187,10,8,16,2,sprite,0,,,0x326e0410;0x53af8200,no
0x06184187,10,8,16,2,sprite,0,,,0x46269090;0x4a1ea052,no
0x06184187,10,8,16,2,sprite,0,,,0x4a4ec094;0x523ea110,no
0x06184187,10,8,16,2,sprite,0,,,0x512c8430;0x92af8810,no
0x06184187,10,8,16,2,sprite,0,,,0x52ee0118;0x620ec210,no
0x01991231,10,12,20,2,sprite,0,,,0x512c8430;0x620ec210,no
0x007850a5,10,17,22,2,sprite,0,,,0x612c8430;0x62ee0118,no
0x05a6854f,14,5,10,2,audio;sprite|anim,0,,,0x408a1c10;0xb0d07444,no
0x05a6854f,14,5,10,2,audio;sprite|anim,0,,,0x40da1c10;0xb0807444,no
0x05a6854f,14,5,10,2,audio;sprite|anim,0,,,0x40ea1c10;0xb0b07444,no
0x05a6854f,14,5,10,2,audio;sprite|anim,0,,,0x41ca1c10;0xb1907444,no
0x05a6854f,14,5,10,2,audio;sprite|anim,0,,,0x42ca1c10;0xb2907444,no
0x060c60c5,10,4,7,2,sprite,0,,,0x53af8200;0x62ee0118,no
0x067850a5,12,4,8,2,sprite,0,,,0x4a4ec094;0x53af8200,no
0x067850a5,12,4,8,2,sprite,0,,,0x512c8430;0x62ee0118,no
0x067850a5,12,4,8,2,sprite,0,,,0x52ee0118;0x612c8430,no
0x03283063,10,4,7,2,sprite,0,,,0x512c8430;0x63af8200,no
