cohort_id,line_range,opaque_name,n_ids,n_intra_pairs,intra_class_top,asset_ids,asset_kinds,asset_levels,labeled_ids,co_occurring_cohort_count
C0000,15949-15993,InitPlayerEntity,1,0,,0x21842018,sprite|anim,FINN,,0
C0001,22393-22447,AddPlayerOrbs,1,0,,0x428254e2,audio,,,1
C0002,23951-23990,InitEntity_8c510186,1,0,,0x8c510186,sprite|anim,BOIL;BRG1;CAVE;CLOU;CRYS;CSTL;EGGS;EVIL;FINN;FOOD;GLEN;GLID;HEAD;KLOG;MEGA;MENU;MOSS;PHRO;RUNN;SCIE;SEVN;SNOW;SOAR;TMPL;WEED;WIZZ,,1
C0003,24072-24107,InitTimerDisplayEntity,1,0,,0x6a351094,sprite|anim,BOIL;BRG1;CAVE;CLOU;CRYS;CSTL;EGGS;EVIL;FINN;FOOD;GLEN;GLID;HEAD;KLOG;MEGA;MENU;MOSS;PHRO;RUNN;SCIE;SEVN;SNOW;SOAR;TMPL;WEED;WIZZ,,2
C0004,24362-25159,CreateMenuEntities,8,28,0x00155e51(1);0x01c07221(1);0x0cef18a9(1);0x17e91ba5(1);0x0ca9c6f5(1);0x125fa537(1),0x00e2f188;0x80e85ea0;0x88a28194;0x902c0002;0x9158a0f6;0xa9240484;0xb8700ca1;0xe8628689,sprite|anim,BOIL;BRG1;CAVE;CLOU;CRYS;CSTL;EGGS;EVIL;FINN;FOOD;GLEN;GLID;HEAD;KLOG;MEGA;MENU;MOSS;PHRO;RUNN;SCIE;SEVN;SNOW;SOAR;TMPL;WEED;WIZZ,0x00e2f188=Number glyph frames 0-9,11
C0005,25994-26013,ToggleMenuSelectionHighlight,1,0,,0x646c2cc0,audio,,,1
C0006,26044-26088,ToggleMenuOptionState,7,21,0x0111880d(1);0x00004011(1);0x00188403(1);0x086c6217(1);0x018c0c63(1);0x02734a3f(1),0x0ad0f813;0x29c0e211;0x2ad0f011;0x68c0f413;0x69c04050;0x69c8f473;0x90810000,audio;sprite|anim,BOIL;BRG1;CAVE;CLOU;CRYS;CSTL;EGGS;EVIL;FINN;FOOD;GLEN;GLID;HEAD;KLOG;MEGA;MENU;MOSS;PHRO;RUNN;SCIE;SEVN;SNOW;SOAR;TMPL;WEED;WIZZ,0x0ad0f813=Text: Paused | 0x29c0e211=Text: No | 0x2ad0f011=Text: Yes | 0x68c0f413=Text: Quit | 0x69c04050=Text: Continue | 0x69c8f473=Text: Quit Game,4
C0007,27388-27405,InitGreenBulletsCollectible,1,0,,0xe8628689,sprite|anim,BOIL;BRG1;CAVE;CLOU;CRYS;CSTL;EGGS;EVIL;FINN;FOOD;GLEN;GLID;HEAD;KLOG;MEGA;MENU;MOSS;PHRO;RUNN;SCIE;SEVN;SNOW;SOAR;TMPL;WEED;WIZZ,,1
C0008,27435-27448,DecorEntity_CollectWithSwirlyEffect,1,0,,0x02847462,audio,,,0
C0009,27484-27504,InitDecorEntityWithHUDIcon,1,0,,0xb8700ca1,sprite|anim,BOIL;BRG1;CAVE;CLOU;CRYS;CSTL;EGGS;EVIL;FINN;FOOD;GLEN;GLID;HEAD;KLOG;MEGA;MENU;MOSS;PHRO;RUNN;SCIE;SEVN;SNOW;SOAR;TMPL;WEED;WIZZ,,4
C0010,27733-27743,InitYellowBirdCollectible,1,0,,0xc87ca082,sprite|anim,GLID;SCIE;SOAR;TMPL,,0
C0011,27772-27807,CollectibleYellowBirdTickCallback,1,0,,0x6082c120,audio,,,0
C0012,27831-27895,InitClayballWithRandomColor,1,0,,0xb8700ca1,sprite|anim,BOIL;BRG1;CAVE;CLOU;CRYS;CSTL;EGGS;EVIL;FINN;FOOD;GLEN;GLID;HEAD;KLOG;MEGA;MENU;MOSS;PHRO;RUNN;SCIE;SEVN;SNOW;SOAR;TMPL;WEED;WIZZ,,4
C0013,27921-27934,CollectibleClaySingleTickCallback,1,0,,0x4a806042,audio,,,1
C0014,28279-28288,DecorSetSpriteIdle,1,0,,0x09406d8a,sprite|anim,BOIL;BRG1;CAVE;CLOU;CRYS;CSTL;EGGS;EVIL;FOOD;GLID;MOSS;PHRO;SCIE;SNOW;TMPL;WEED,,0
C0015,28426-28441,InitTransparentDecorEntity,1,0,,0xa9240484,sprite|anim,BOIL;BRG1;CAVE;CLOU;CRYS;CSTL;EGGS;EVIL;FINN;FOOD;GLEN;GLID;HEAD;KLOG;MEGA;MENU;MOSS;PHRO;RUNN;SCIE;SEVN;SNOW;SOAR;TMPL;WEED;WIZZ,,2
C0016,28467-28483,CollectibleExtraLifeTickCallback,1,0,,0x428254e2,audio,,,1
C0017,28511-28523,InitPhoenixHandCollectible,1,0,,0x9158a0f6,sprite|anim,BOIL;BRG1;CAVE;CLOU;CRYS;CSTL;EGGS;EVIL;FINN;FOOD;GLEN;GLID;HEAD;KLOG;MEGA;MENU;MOSS;PHRO;RUNN;SCIE;SEVN;SNOW;SOAR;TMPL;WEED;WIZZ,,1
C0018,28549-28565,CollectiblePhoenixHandTickCallback,1,0,,0x44c26454,audio,,,0
C0019,28576-28628,InitPhartHeadCollectible,2,1,0x02257505(1),0x8c510186;0xa9240484,sprite|anim,BOIL;BRG1;CAVE;CLOU;CRYS;CSTL;EGGS;EVIL;FINN;FOOD;GLEN;GLID;HEAD;KLOG;MEGA;MENU;MOSS;PHRO;RUNN;SCIE;SEVN;SNOW;SOAR;TMPL;WEED;WIZZ,,3
C0020,28658-28705,CollectiblePhartHeadTickCallback,1,0,,0xc0034658,audio,,,0
C0021,28760-28778,InitUniverseEnemaCollectible,1,0,,0x6a351094,sprite|anim,BOIL;BRG1;CAVE;CLOU;CRYS;CSTL;EGGS;EVIL;FINN;FOOD;GLEN;GLID;HEAD;KLOG;MEGA;MENU;MOSS;PHRO;RUNN;SCIE;SEVN;SNOW;SOAR;TMPL;WEED;WIZZ,,2
C0022,28808-28839,CollectibleUniverseEnemaTickCallback,1,0,,0xc88a346a,audio,,,0
C0023,28892-28903,InitSingleFrameDecorEntity,1,0,,0x08624580,sprite|anim,BRG1;SOAR,,0
C0024,28933-28986,TriggerCollectible100CTickCallback,1,0,,0x62000441,audio,,,0
C0025,29038-29049,InitScaleResetCollectible,1,0,,0x8c30008c,sprite|anim,BRG1,,0
C0026,29076-29129,CollectibleScaleResetTickCallback,1,0,,0x40864668,audio,,,0
C0027,29184-29199,Init1970IconEntity,1,0,,0x88a28194,sprite|anim,BOIL;BRG1;CAVE;CLOU;CRYS;CSTL;EGGS;EVIL;FINN;FOOD;GLEN;GLID;HEAD;KLOG;MEGA;MENU;MOSS;PHRO;RUNN;SCIE;SEVN;SNOW;SOAR;TMPL;WEED;WIZZ,,1
C0028,29236-29268,Collectible1970IconTickCallback,2,1,0x00000201(1),0x408a6461;0x428a6465,audio,,,0
C0029,29321-29336,InitHamsterShieldCollectible,1,0,,0x80e85ea0,sprite|anim,BOIL;BRG1;CAVE;CLOU;CRYS;CSTL;EGGS;EVIL;FINN;FOOD;GLEN;GLID;HEAD;KLOG;MEGA;MENU;MOSS;PHRO;RUNN;SCIE;SEVN;SNOW;SOAR;TMPL;WEED;WIZZ,,1
C0030,29365-29385,CollectibleHamsterShieldTickCallback,2,1,0x00000201(1),0x42906465;0xc2906565,audio,,,1
C0031,29432-29442,InitSuperWillieCollectible,1,0,,0x902c0002,sprite|anim,BOIL;BRG1;CAVE;CLOU;CRYS;CSTL;EGGS;EVIL;FINN;FOOD;GLEN;GLID;HEAD;KLOG;MEGA;MENU;MOSS;PHRO;RUNN;SCIE;SEVN;SNOW;SOAR;TMPL;WEED;WIZZ,,1
C0032,29467-29483,CollectibleSuperWillieTickCallback,1,0,,0xe48744c4,audio,,,0
C0033,29574-29621,DecorCollisionTickWithSpawnAndSound,1,0,,0x4a806042,audio,,,1
C0034,29679-29688,DecorStartWithRandomTimer,1,0,,0x093080c8,sprite|anim,BRG1;CAVE;CRYS;SNOW;SOAR,,0
C0035,29919-29931,DecorPlaySoundAndAnimate,1,0,,0x40023e30,audio,,,2
C0036,30108-30128,InitEntityType0x3DE,1,0,,0xfa100225,sprite|anim,BOIL;CAVE;CRYS;CSTL;EGGS;FOOD;GLID;MOSS;SCIE;SEVN;SOAR;TMPL;WEED,,0
C0037,31902-31966,InitPasswordEntity,1,0,,0x28ce0610,sprite|anim,CSTL;FOOD;SEVN;TMPL,,0
C0038,34234-34257,InitEntity_168254b5,1,0,,0x168254b5,sprite|anim,FINN,,1
C0039,36865-36918,InitScalableTimerEntity,1,0,,0x6a351094,sprite|anim,BOIL;BRG1;CAVE;CLOU;CRYS;CSTL;EGGS;EVIL;FINN;FOOD;GLEN;GLID;HEAD;KLOG;MEGA;MENU;MOSS;PHRO;RUNN;SCIE;SEVN;SNOW;SOAR;TMPL;WEED;WIZZ,,2
C0040,37324-37385,InitLoadingScreenEntity,1,0,,0x0a921e2c,sprite|anim,BRG1;CAVE;CLOU;CRYS;CSTL;EGGS;EVIL;GLID;MOSS;SEVN;SOAR;WEED;WIZZ,,0
C0041,40499-40579,CollectibleTickFinnMode,1,0,,0x2cda4604,sprite|anim,BRG1;PHRO;SOAR,,1
C0042,40728-40818,SpawnCollectibleParticles,4,6,0x00000003(2);0x00000005(1);0x07370a27(1);0x07370ae7(1);0x07370b67(1),0x5a89815f;0x5ab9815f;0x5ad9815f;0x98004092,sprite|anim,BOIL;BRG1;CAVE;CLOU;CRYS;CSTL;EGGS;EVIL;FOOD;GLEN;GLID;HEAD;KLOG;MEGA;MOSS;PHRO;SCIE;SEVN;SNOW;SOAR;TMPL;WEED;WIZZ,,8
C0043,40974-41058,CollectibleSparkleTickCallback,1,0,,0x5822c080,sprite|anim,TMPL,,0
C0044,42486-42516,EnemyStartMovingWithSound,1,0,,0x68009240,audio,,,0
C0045,42812-42823,LaserMonkeyWalkState,1,0,,0x60b98cbd,sprite|anim,BRG1;PHRO;TMPL,,0
C0046,42852-42864,InitTripleLaserMonkeyAttackState,1,0,,0x64bb1cbe,sprite|anim,BRG1;PHRO;TMPL,,0
C0047,42892-42913,LaserMonkeyIdleState,1,0,,0x60b8bc9c,sprite|anim,BRG1;PHRO;TMPL,,0
C0048,43110-43150,EntityEventHandlerSpawnParticle,1,0,,0x804c881c,sprite|anim,BRG1,,0
C0049,43304-43326,EnemyPatrolState,2,1,0x00000001(1),0x60b93cbd;0x60b9bcbd,sprite|anim,BRG1,,0
C0050,43613-43678,EntityEventHandlerSpawnProjectile,2,1,0x017a9a29(1),0x24002913;0x61200640,audio;sprite|anim,FOOD;SNOW,,0
C0051,43703-43713,InitCollectibleTimer0x1e_SpriteC,1,0,,0x006b9a6f,sprite|anim,FOOD;SNOW,,1
C0052,43749-43759,InitCollectibleTimer0x1e,1,0,,0x21a81d54,sprite|anim,FOOD;SNOW,,1
C0053,43786-43796,InitCollectibleTimer0x3c_SpriteA,1,0,,0x006b9a6f,sprite|anim,FOOD;SNOW,,1
C0054,43823-43833,InitCollectibleTimer0x3c_SpriteB,1,0,,0x21a81d54,sprite|anim,FOOD;SNOW,,1
C0055,43905-43915,InitShooterEnemyStateB,1,0,,0x21229c5c,sprite|anim,FOOD;SNOW,,0
C0056,43939-43948,InitCollectibleIdleState,1,0,,0x53209c1c,sprite|anim,FOOD;SNOW,,0
C0057,43972-43981,InitCollectibleIdleStateB,1,0,,0x20211e5f,sprite|anim,FOOD;SNOW,,0
C0058,44282-44299,AnimatedEntityToggleSpriteA,1,0,,0x35289fae,sprite|anim,TMPL,,0
C0059,44326-44343,AnimatedEntityToggleSpriteB,1,0,,0x212a9c2d,sprite|anim,TMPL,,1
C0060,44372-44383,EnemySetLoopingAnimation,1,0,,0x212a9c2d,sprite|anim,TMPL,,1
C0061,44454-44511,EnemySpawnerTickCallback,1,0,,0x51200640,audio,,,0
C0062,44546-44596,InitPathFollowingHazard,2,1,0x06a598d3(1),0x12308128;0x74044081,audio;sprite|anim,RUNN,,0
C0063,44719-44814,EntityPathFollowerWithTriggerZone,1,0,,0x746048f1,audio,,,0
C0064,45059-45074,InitConditionalCollectibleEntity,1,0,,0x6d209c95,sprite|anim,CSTL,,0
C0065,45099-45120,CollectibleIdleState,1,0,,0x6c289c1c,sprite|anim,CSTL,,0
C0066,45150-45184,InitAnimatedTimedCollectible,1,0,,0x52186e1c,sprite|anim,FOOD,,0
C0067,45595-45617,InitEntityState_Idle,1,0,,0x60181a0c,sprite|anim,PHRO;SCIE,,0
C0068,45643-45661,InitEnemyAnimatedWithDeathSpawn,2,1,0x04d852c5(1),0x400c9a1d;0x44d4c8d8,audio;sprite|anim,PHRO;SCIE,,1
C0069,45695-45722,InitEntityState_Animated,1,0,,0x611c5804,sprite|anim,PHRO;SCIE,,0
C0070,45751-45761,InitProjectilePathEntity,1,0,,0xb8700ca1,sprite|anim,BOIL;BRG1;CAVE;CLOU;CRYS;CSTL;EGGS;EVIL;FINN;FOOD;GLEN;GLID;HEAD;KLOG;MEGA;MENU;MOSS;PHRO;RUNN;SCIE;SEVN;SNOW;SOAR;TMPL;WEED;WIZZ,,4
C0071,45907-45954,InitEntityWithChildSprite,3,3,0x069a42a5(1);0x0242d253(1);0x067dc943(1),0x222d9098;0x60889602;0x8429153c,audio;sprite|anim,EVIL;SCIE,,0
C0072,46056-46121,EntityEventHandlerSpawnMultipleProjectiles,2,1,0x0698796d(1),0x082c0536;0x8b603980,sprite|anim,EVIL;GLEN;SCIE,,2
C0073,46679-46712,InitCheckpointEntity,2,1,0x00081021(1),0x80729081;0x88329285,sprite|anim,BRG1;GLID;SCIE;SNOW;TMPL;WEED,,0
C0074,46902-46927,InitCollectibleEntity_Alt,1,0,,0x88210498,sprite|anim,CSTL;MOSS,,0
C0075,48563-48575,BounceClay_DestroyingState,1,0,,0x657c322c,sprite|anim,CSTL;FOOD;HEAD;MOSS;PHRO;SNOW,,1
C0076,48668-48714,InitScaledMovingEntity,1,0,,0x9b2204a0,sprite|anim,BOIL,,0
C0077,49892-49957,TeleporterActivateTickCallback,1,0,,0x80282799,sprite|anim,BOIL;BRG1;CAVE;CLOU;CRYS;CSTL;EGGS;EVIL;FOOD;GLID;MOSS;PHRO;SCIE;SEVN;SNOW;SOAR;TMPL;WEED,,0
C0078,50011-50094,TeleporterActivate,1,0,,0x0bbb70ac,sprite|anim,BOIL;BRG1;CAVE;CLOU;CRYS;CSTL;EGGS;FOOD;GLID;MOSS;PHRO;SCIE;SNOW;SOAR;TMPL;WEED,,0
C0079,50445-50501,TeleporterPortalEventHandler,1,0,,0x01a5b0d3,audio,,,0
C0080,50534-50552,TeleporterExitState,1,0,,0x1a2ab594,sprite|anim,BOIL;BRG1;CAVE;CLOU;CRYS;CSTL;EGGS;EVIL;FOOD;GLID;HEAD;MEGA;MOSS;PHRO;RUNN;SCIE;SEVN;SNOW;SOAR;TMPL;WEED;WIZZ,,0
C0081,51417-51545,CollectibleScaledTickCallback,2,1,0x0369188f(1),0x2cda4604;0xec000027,sprite|anim,BRG1;PHRO;SOAR,,1
C0082,51932-51999,InitPathFollowingEntity_Alt,1,0,,0xc8830661,audio,,,0
C0083,52193-52203,EnemySetIdleSprite,1,0,,0x458b0320,sprite|anim,BRG1;SOAR,,0
C0084,52411-52431,InitBackgroundParticleEmitter,1,0,,0xa0cc1cd0,sprite|anim,WIZZ,,1
C0085,52468-52513,ParticleEmitterTickCallback,1,0,,0xa0149114,sprite|anim,WIZZ,,0
C0086,52579-52599,InitBackgroundSparkleEntity,1,0,,0x0244655d,sprite|anim,WIZZ,,1
C0087,53294-53305,GliderSetActiveState,1,0,,0x10057441,sprite|anim,WIZZ,,0
C0088,53466-53510,GliderLandedState,1,0,,0x024d704e,sprite|anim,WIZZ,,0
C0089,53535-53556,GliderStateInit_ResetAtSpawn,1,0,,0x08de7215,sprite|anim,WIZZ,,0
C0090,53576-53678,InitMonkeyMageBoss,3,3,0x091a585d(1);0x14b98a8b(1);0x004984c9(1),0x0244655d;0x181c3854;0x8818a018,sprite|anim,BRG1;CAVE;CRYS;CSTL;EGGS;FOOD;GLID;HEAD;MOSS;TMPL;WEED;WIZZ,,4
C0091,53809-53985,EntityMessageHandler,1,0,,0xc0099011,audio,,,1
C0092,54181-54219,EntityDestroyWithEffects,2,1,0x08c385c9(1),0x02ed1470;0xc0099011,audio;sprite|anim,WIZZ,,1
C0093,54329-54353,InitKloggChaseState,1,0,,0x022e3442,sprite|anim,WIZZ,,0
C0094,54376-54397,BossState_SpawnDeathParticle,2,1,0x00482203(1),0x60de1050;0xa0cc18d0,sprite|anim,WIZZ,,0
C0095,54428-54490,BossState_DefeatedWithParticles,2,1,0x020921c5(1),0x424d1840;0xa0cc1cd0,sprite|anim,WIZZ,,1
C0096,54578-54609,CollectibleRiseState,1,0,,0x424129a1,audio,,,0
C0097,54633-54664,CollectibleFloatState,1,0,,0x66017821,audio,,,0
C0098,54943-54992,InitGlennYntisBoss,1,0,,0x48d81135,sprite|anim,GLEN,,0
C0099,55103-55142,GlennYntisEventHandler,1,0,,0x8b603980,sprite|anim,EVIL;GLEN;SCIE,,2
C0100,55163-55231,GlennYntisDamageEventHandler,3,3,0x03c8909b(1);0x01fe835d(1);0x011b09e3(1),0x8b603980;0x98004092;0xe0c00650,audio;sprite|anim,BOIL;BRG1;CAVE;CLOU;CRYS;CSTL;EGGS;EVIL;FOOD;GLEN;GLID;HEAD;KLOG;MEGA;MOSS;PHRO;SCIE;SEVN;SNOW;SOAR;TMPL;WEED;WIZZ,,10
C0101,55407-55491,GlennYntisDeathEventHandler,4,6,0x00000003(2);0x00000005(1);0x00001105(1);0x00001085(1);0x00001385(1),0x18e88310;0x18e88510;0x18e88910;0x18e8c704,sprite|anim,GLEN,,0
C0102,55523-55539,HazardActivateWithSound,1,0,,0x7a318245,audio,,,0
C0103,55638-55656,HazardIdleWithSound,2,1,0x072a4493(1),0x407801d0;0x62318245,audio;sprite|anim,GLEN,,0
C0104,55713-55726,CollectibleActiveState,1,0,,0x407801dc,sprite|anim,GLEN,,0
C0105,55865-55875,GlennYntisIdleAnimState,1,0,,0x2d688254,sprite|anim,GLEN,,0
C0106,55899-55909,GlennYntisAnimStateB,1,0,,0x2b79835d,sprite|anim,GLEN,,0
C0107,55933-55943,GlennYntisAnimStateC,1,0,,0x69588258,sprite|anim,GLEN,,0
C0108,55972-55994,GlennYntisDefeatedState,1,0,,0x0c78005c,sprite|anim,GLEN,,0
C0109,56068-56170,InitShrineyGuardBoss,1,0,,0xa8482860,sprite|anim,MEGA,,0
C0110,56199-56275,EnemyUpdateWithCollisionAndDeath,1,0,,0x98004092,sprite|anim,BOIL;BRG1;CAVE;CLOU;CRYS;CSTL;EGGS;EVIL;FOOD;GLEN;GLID;HEAD;KLOG;MEGA;MOSS;PHRO;SCIE;SEVN;SNOW;SOAR;TMPL;WEED;WIZZ,,8
C0111,56743-56752,ShrineyGuardSetAttackState,1,0,,0x4c106054,sprite|anim,MEGA,,0
C0112,56778-56793,ShrineyGuardSetLoopingAttackState,1,0,,0x40106054,sprite|anim,MEGA,,0
C0113,56817-56829,ShrineyGuardIdleState,1,0,,0x09382152,sprite|anim,MEGA,,0
C0114,56855-56869,ShrineyGuardAttackAnimState,1,0,,0x085860d4,sprite|anim,MEGA,,0
C0115,56895-56912,ShrineyGuardReadyAttackState,1,0,,0x08192250,sprite|anim,MEGA,,0
C0116,56940-56957,ShrineyGuardStartLoopingAttackState,1,0,,0x2c182010,sprite|anim,MEGA,,0
C0117,56988-57012,ShrineyGuardDeathState,1,0,,0x0a1820d4,sprite|anim,MEGA,,0
C0118,57073-57173,InitJoeHeadJoeBoss,1,0,,0x06101db0,sprite|anim,HEAD,,0
C0119,57249-57402,JoeHeadJoeUpdateWithCollisionCheck,1,0,,0x98004092,sprite|anim,BOIL;BRG1;CAVE;CLOU;CRYS;CSTL;EGGS;EVIL;FOOD;GLEN;GLID;HEAD;KLOG;MEGA;MOSS;PHRO;SCIE;SEVN;SNOW;SOAR;TMPL;WEED;WIZZ,,8
C0120,57485-57584,JoeHeadJoeAttackEventHandler,2,1,0x00000003(1),0xf03391e9;0xf033a1e9,audio,,,0
C0121,57848-57881,JoeHeadJoeSetIdleState,2,1,0x0694d639(1),0x0b290ba2;0x603588e8,audio;sprite|anim,HEAD,,1
C0122,57966-57979,JoeHeadJoeEnterActiveState,1,0,,0x1a3109b2,sprite|anim,HEAD,,0
C0123,58013-58072,JoeHeadJoeMoveAndCheckAttack,4,6,0x01446087(1);0x0694d639(1);0x0130df35(1);0x01566e0d(1);0x1735f973(1);0x15992569(1),0x0b290ba2;0x0e3889be;0x603588e8;0xf2810224,audio;sprite|anim,HEAD,,1
C0124,58124-58136,JoeHeadJoeReturnToIdleState,1,0,,0x0b081dbb,sprite|anim,HEAD,,0
C0125,58161-58173,JoeHeadJoeReturnToIdleStateAlt,1,0,,0x0b0811bb,sprite|anim,HEAD,,0
C0126,58200-58220,JoeHeadJoeDeathAnimState,1,0,,0x2b3889b2,sprite|anim,HEAD,,0
C0127,58283-58330,InitKloggBoss,2,1,0x0592a5ed(1),0x486492c4;0xcaadc032,audio;sprite|anim,KLOG,,0
C0128,58399-58467,SpawnParticleAndMenuEntity,1,0,,0x98004092,sprite|anim,BOIL;BRG1;CAVE;CLOU;CRYS;CSTL;EGGS;EVIL;FOOD;GLEN;GLID;HEAD;KLOG;MEGA;MOSS;PHRO;SCIE;SEVN;SNOW;SOAR;TMPL;WEED;WIZZ,,8
C0129,58592-58685,EnemyHitMessageHandler,2,1,0x094650c3(1),0x0c3082c3;0x98004092,audio;sprite|anim,BOIL;BRG1;CAVE;CLOU;CRYS;CSTL;EGGS;EVIL;FOOD;GLEN;GLID;HEAD;KLOG;MEGA;MOSS;PHRO;SCIE;SEVN;SNOW;SOAR;TMPL;WEED;WIZZ,,8
C0130,58758-58851,KloggDeathEventHandler,6,15,0x00000003(4);0x00000005(3);0x00000009(2);0x00012211(1);0x00000011(1);0x00010a11(1),0x800da102;0x800da116;0x800da11a;0x800da132;0x800da152;0x888da193,sprite|anim,KLOG,,0
C0131,58953-59022,KloggSpawnProjectilesCallback,3,3,0x0008b001(1);0x01be8243(1);0x05860bcd(1),0x083488e2;0x0c34aa22;0x1a2c8516,sprite|anim,KLOG,,1
C0132,59045-59058,KloggSetMoveState,1,0,,0x193ca112,sprite|anim,KLOG,,1
C0133,59083-59097,EnemyIdleTimerState,1,0,,0x193ca112,sprite|anim,KLOG,,1
C0134,59120-59133,EnemySpriteState,1,0,,0x08bc8013,sprite|anim,KLOG,,0
C0135,59160-59181,EnemyDefeatState,1,0,,0x18248010,sprite|anim,KLOG,,0
C0136,60636-60657,InitEntity_ScaledSprite1,1,0,,0x518b11b2,sprite|anim,FOOD,,0
C0137,61268-61292,InitEntity_ScaledAnimated1,1,0,,0x78d909e0,sprite|anim,SNOW,,0
C0138,61493-61569,EntityTick_WithParticleSpawn,1,0,,0x98004092,sprite|anim,BOIL;BRG1;CAVE;CLOU;CRYS;CSTL;EGGS;EVIL;FOOD;GLEN;GLID;HEAD;KLOG;MEGA;MOSS;PHRO;SCIE;SEVN;SNOW;SOAR;TMPL;WEED;WIZZ,,8
C0139,61825-61836,ProjectileState_HomingActive,1,0,,0x410818f9,sprite|anim,FOOD;TMPL,,0
C0140,61858-61869,ProjectileState_HomingActiveVariant2,1,0,,0x410808f9,sprite|anim,FOOD;TMPL,,0
C0141,61891-61902,ProjectileState_HomingActiveVariant3,1,0,,0x410800f9,sprite|anim,FOOD;TMPL,,0
C0142,61930-62005,ProjectileHomingTickState,1,0,,0x98004092,sprite|anim,BOIL;BRG1;CAVE;CLOU;CRYS;CSTL;EGGS;EVIL;FOOD;GLEN;GLID;HEAD;KLOG;MEGA;MOSS;PHRO;SCIE;SEVN;SNOW;SOAR;TMPL;WEED;WIZZ,,8
C0143,62029-62040,ProjectileState_HomingMissileTrack,1,0,,0x40098a60,sprite|anim,FOOD;TMPL,,0
C0144,62286-62374,InitAuraEffectAtPlayer,1,0,,0xa89d0ad0,sprite|anim,BRG1;CAVE;CRYS;SNOW;SOAR,,0
C0145,62830-62857,JoeHeadJoeBallFallCallback,2,1,0x0994a647(1),0x069580a0;0x34014841,audio;sprite|anim,RUNN,,0
C0146,62885-62909,InitAnimatedDirectionalEntity,1,0,,0xb01c25f0,sprite|anim,CLOU;CRYS;CSTL;EGGS;EVIL;MOSS;SEVN;SOAR;WEED;WIZZ,,0
C0147,63145-63166,InitDirectionalPositionEntity,1,0,,0x09993072,sprite|anim,MEGA,,0
C0148,63529-63540,JoeHeadJoeBallRegularInitState,1,0,,0x3a3a49b2,sprite|anim,HEAD,,0
C0149,63568-63584,JoeHeadJoeBallStartRolling,2,1,0x2729957d(1),0x0239cb33;0x70a09ce1,audio;sprite|anim,HEAD,,0
C0150,63637-63648,JoeHeadJoeState_EnterCollisionState,1,0,,0x323ac9be,sprite|anim,HEAD,,0
C0151,64106-64117,JoeHeadJoeState_IdleAfterCollision,1,0,,0x657c322c,sprite|anim,CSTL;FOOD;HEAD;MOSS;PHRO;SNOW,,1
C0152,64377-64389,InitNegativeVelocityEntity,1,0,,0x0c34aa22,sprite|anim,KLOG,,1
C0153,64545-64570,InitEntity_ScaledSprite2,1,0,,0x815900d0,sprite|anim,EVIL;SCIE,,0
C0154,66499-66582,InitClockPlatformWithTimer,1,0,,0x82886816,sprite|anim,BOIL;CAVE;CRYS;CSTL;EGGS;GLID;MOSS;SEVN;SNOW;WEED,,0
C0155,66949-67042,ClayballState_DestroyWithDebris,5,10,0x00000003(3);0x00000005(2);0x00000009(1);0x04242411(1);0x04242211(1);0x04242111(1),0x462c6040;0x46346040;0x46386040;0x463e6040;0xd6bc2450,sprite|anim,BOIL;CAVE;CRYS;CSTL;EGGS;GLID;MOSS;SEVN;SNOW;WEED,,0
C0156,67103-67119,ShrineyGuardDeactivateWithSound,1,0,,0x222cb0e2,audio,,,0
C0157,67706-67787,ShrineyGuardEventHandler,1,0,,0x42464cc8,audio,,,0
C0158,67978-68042,ClayballTickWithParticleSpawn,1,0,,0x98004092,sprite|anim,BOIL;BRG1;CAVE;CLOU;CRYS;CSTL;EGGS;EVIL;FOOD;GLEN;GLID;HEAD;KLOG;MEGA;MOSS;PHRO;SCIE;SEVN;SNOW;SOAR;TMPL;WEED;WIZZ,,8
C0159,68467-68563,ClayballSpawnSwitchBlock,3,3,0x002a0c21(1);0x00006097(1);0x03087041(1),0x082e03d8;0x222222d8;0x262e0319,sprite|anim,EVIL,,0
C0160,68661-68710,ShrineyGuardSoundUpdateTick,4,6,0x00003309(1);0x00000141(1);0x00402283(1);0x00006349(1);0x008c6d21(1);0x00080201(1),0x086e44c0;0x11eac4c0;0x204e44c0;0x205e40c2,audio,,,0
C0161,70079-70145,PlayerProcessBounceCollision,1,0,,0x002e2414,sprite|anim,FOOD,,0
C0162,70290-70448,PlayerProcessTileCollision,3,3,0x04878569(1);0x027c91e7(1);0x0f31e4a3(1),0x00248e52;0x092b8480;0x7003474c,audio;sprite|anim,BOIL;BRG1;CAVE;CLOU;CRYS;CSTL;EGGS;EVIL;FOOD;GLID;HEAD;MEGA;MOSS;PHRO;SCIE;SEVN;SNOW;SOAR;TMPL;WEED;WIZZ,,3
C0163,70466-70495,SpawnSwirlPortalEntity,2,1,0x04efb97d(1),0x3d348056;0xca1b20cb,sprite|anim,BOIL;BRG1;CAVE;CLOU;CRYS;CSTL;EGGS;EVIL;FOOD;GLEN;GLID;HEAD;KLOG;MEGA;MOSS;PHRO;RUNN;SCIE;SEVN;SNOW;SOAR;TMPL;WEED;WIZZ,,5
C0164,70519-70537,PlayerSpawnDustParticle,1,0,,0x49289c14,sprite|anim,BOIL;BRG1;CAVE;CLOU;CRYS;CSTL;EGGS;EVIL;FOOD;GLID;HEAD;MEGA;MOSS;PHRO;SCIE;SEVN;SNOW;SOAR;TMPL;WEED;WIZZ,,0
C0165,70809-70838,SpawnPlayerDeathEffect,2,1,0x1194692b(1),0x422a0225;0x5860c640,audio;sprite|anim,CLOU,,1
C0166,70907-71156,PlayerTickCallback,3,3,0x048af653(1);0x0724e7f5(1);0x0354206d(1),0x1e28e0d4;0x40e28045;0xe0880448,audio;sprite|anim,BOIL;BRG1;CAVE;CLOU;CRYS;CSTL;EGGS;EVIL;FOOD;GLID;HEAD;MOSS;SEVN;SNOW;SOAR;WEED;WIZZ,,2
C0167,71407-71457,PlayerState_TransitionToPickup,1,0,,0x1e28e0d4,sprite|anim,BOIL;BRG1;CAVE;CLOU;CRYS;CSTL;EGGS;EVIL;FOOD;GLID;HEAD;MOSS;SEVN;SNOW;SOAR;WEED;WIZZ,,2
C0168,72771-72942,PlayerCallback_DeathDebrisSpawner,5,10,0x00000003(2);0x02a14ac3(1);0x00218625(1);0x010c312b(1);0x02186255(1);0x0895c509(1),0x146ce002;0x3d348056;0xb468d0c6;0xb868d0c6;0xbe68d0c6,audio;sprite|anim,BOIL;BRG1;CAVE;CLOU;CRYS;CSTL;EGGS;EVIL;FOOD;GLEN;GLID;HEAD;KLOG;MEGA;MOSS;PHRO;RUNN;SCIE;SEVN;SNOW;SOAR;TMPL;WEED;WIZZ,,4
C0169,73390-73512,PlayerCallback_CheckpointSaveAndSpawnHUD,1,0,,0x1d1811b3,sprite|anim,BOIL;BRG1;CAVE;CLOU;CRYS;CSTL;EGGS;EVIL;FOOD;GLID;HEAD;MEGA;MOSS;SEVN;SNOW;SOAR;TMPL;WEED;WIZZ,,0
C0170,74306-74672,PlayerCallback_DeathAnimSetStateHandler,3,3,0x00184081(1);0x00102881(1);0x000520a1(1),0x02a10c60;0x02c00e64;0x08814c64,sprite|anim,BRG1;CAVE;CLOU;CRYS;CSTL;EGGS;EVIL;GLID;MOSS;SEVN;SOAR;WEED;WIZZ,,0
C0171,75087-75117,SpawnPlayerTrailParticle,1,0,,0x02841e65,sprite|anim,BRG1;CAVE;CLOU;CRYS;CSTL;EGGS;EVIL;GLID;MOSS;SEVN;SOAR;WEED;WIZZ,,0
C0172,75192-75221,PlayerCallback_CollisionDamageSetup,1,0,,0x00388110,sprite|anim,BOIL;BRG1;CAVE;CLOU;CRYS;CSTL;EGGS;EVIL;FOOD;GLID;HEAD;MEGA;MOSS;PHRO;SCIE;SEVN;SOAR;TMPL;WEED;WIZZ,,3
C0173,75374-75423,TryActivatePowerup,1,0,,0x64221e61,audio,,,6
C0174,75446-75461,PlayerPlaySoundOnDirectionInput,1,0,,0x64221e61,audio,,,6
C0175,76198-76292,PlayerCallback_JumpInputAndCounters,1,0,,0x64221e61,audio,,,6
C0176,76451-76544,PlayerCallback_JumpTickHandler,1,0,,0x64221e61,audio,,,6
C0177,76879-76922,PlayerCallback_CrouchClimbInputHandler,1,0,,0x64221e61,audio,,,6
C0178,77055-77112,PlayerCallback_CrouchClimbTickHandler,1,0,,0x64221e61,audio,,,6
C0179,81474-82292,PlayerCallback_FallingPhysicsMain,1,0,,0x50f08207,audio,,,2
C0180,82314-83132,PlayerCallback_FallingPhysicsContinue,1,0,,0x50f08207,audio,,,2
C0181,83202-83868,PlayerCallback_JumpingPhysicsMain,1,0,,0x50f08207,audio,,,2
C0182,88493-88520,PlayerStateInit_Idle,1,0,,0x48204012,sprite|anim,BOIL;BRG1;CAVE;CLOU;CRYS;CSTL;EGGS;EVIL;FOOD;GLID;HEAD;MEGA;MOSS;PHRO;SCIE;SEVN;SNOW;SOAR;TMPL;WEED;WIZZ,,2
C0183,88551-88570,PlayerCallback_SetIdleStateCallbacks,1,0,,0x48204012,sprite|anim,BOIL;BRG1;CAVE;CLOU;CRYS;CSTL;EGGS;EVIL;FOOD;GLID;HEAD;MEGA;MOSS;PHRO;SCIE;SEVN;SNOW;SOAR;TMPL;WEED;WIZZ,,2
C0184,88594-88615,PlayerState_IdleLookAround,1,0,,0x5900c41e,sprite|anim,BOIL;BRG1;CAVE;CLOU;CRYS;CSTL;EGGS;EVIL;FOOD;GLID;HEAD;MEGA;MOSS;PHRO;SCIE;SEVN;SNOW;SOAR;TMPL;WEED;WIZZ,,1
C0185,88656-88717,PlayerState_PlayRandomIdleAnimation,2,1,0x028a2dc5(1),0x5900c41e;0xd305d045,sprite|anim,BOIL;BRG1;CAVE;CLOU;CRYS;CSTL;EGGS;EVIL;FOOD;GLID;HEAD;MEGA;MOSS;PHRO;SCIE;SEVN;SNOW;SOAR;TMPL;WEED;WIZZ,,1
C0186,88789-88811,PlayerState_WalkingRight,1,0,,0x292e8480,sprite|anim,BOIL;BRG1;CAVE;CLOU;CRYS;CSTL;EGGS;EVIL;FOOD;GLID;HEAD;MEGA;MOSS;PHRO;SCIE;SEVN;SNOW;SOAR;TMPL;WEED;WIZZ,,1
C0187,88839-88861,PlayerState_WalkingLeft,1,0,,0x18298210,sprite|anim,BOIL;BRG1;CAVE;CLOU;CRYS;CSTL;EGGS;EVIL;FOOD;GLID;HEAD;MEGA;MOSS;PHRO;SCIE;SEVN;SNOW;SOAR;TMPL;WEED;WIZZ,,0
C0188,88892-88915,PlayerState_Running,1,0,,0x292e8480,sprite|anim,BOIL;BRG1;CAVE;CLOU;CRYS;CSTL;EGGS;EVIL;FOOD;GLID;HEAD;MEGA;MOSS;PHRO;SCIE;SEVN;SNOW;SOAR;TMPL;WEED;WIZZ,,1
C0189,89009-89036,PlayerState_Falling,3,3,0x0020b005(1);0x03240f79(1);0x07320fd9(1),0x092b8480;0x0b2084d0;0x88b9833c,sprite|anim,BOIL;BRG1;CAVE;CLOU;CRYS;CSTL;EGGS;EVIL;FOOD;GLID;HEAD;MEGA;MOSS;PHRO;SCIE;SEVN;SNOW;SOAR;TMPL;WEED;WIZZ,,2
C0190,89065-89086,PlayerEnterLandingState,1,0,,0x282b8491,sprite|anim,BOIL;BRG1;CAVE;CLOU;CRYS;CSTL;EGGS;EVIL;FOOD;GLID;HEAD;MEGA;MOSS;PHRO;SCIE;SEVN;SNOW;SOAR;TMPL;WEED;WIZZ,,1
C0191,89118-89140,PlayerSetupIdleState,1,0,,0x282b8491,sprite|anim,BOIL;BRG1;CAVE;CLOU;CRYS;CSTL;EGGS;EVIL;FOOD;GLID;HEAD;MEGA;MOSS;PHRO;SCIE;SEVN;SNOW;SOAR;TMPL;WEED;WIZZ,,1
C0192,89213-89239,PlayerState_Jump,2,1,0x04878569(1),0x00248e52;0x092b8480,audio;sprite|anim,BOIL;BRG1;CAVE;CLOU;CRYS;CSTL;EGGS;EVIL;FOOD;GLID;HEAD;MEGA;MOSS;PHRO;SCIE;SEVN;SNOW;SOAR;TMPL;WEED;WIZZ,,3
C0193,89316-89340,PlayerStateInit_Walking,2,1,0x0ddb12d9(1),0x1e089010;0x70d006d8,audio;sprite|anim,BOIL;BRG1;CAVE;CLOU;CRYS;CSTL;EGGS;EVIL;FOOD;GLID;HEAD;MEGA;MOSS;PHRO;SCIE;SEVN;SNOW;SOAR;TMPL;WEED;WIZZ,,2
C0194,89365-89389,PlayerStateInit_ResumeWalking,1,0,,0x1e089010,sprite|anim,BOIL;BRG1;CAVE;CLOU;CRYS;CSTL;EGGS;EVIL;FOOD;GLID;HEAD;MEGA;MOSS;PHRO;SCIE;SEVN;SNOW;SOAR;TMPL;WEED;WIZZ,,1
C0195,89450-89466,PlayerStateInit_IdleWithZoneTrigger,1,0,,0x5a2082f2,sprite|anim,BRG1;CAVE;CLOU;CRYS;CSTL;EGGS;EVIL;GLID;MOSS;SEVN;SOAR;WEED;WIZZ,,0
C0196,89500-89515,PlayerStateInit_IdleStanding,1,0,,0x0a08c490,sprite|anim,BRG1;CAVE;CLOU;CRYS;CSTL;EGGS;EVIL;GLID;MOSS;SEVN;SOAR;WEED;WIZZ,,0
C0197,89545-89607,PlayerStateCallback_2,1,0,,0x00388110,sprite|anim,BOIL;BRG1;CAVE;CLOU;CRYS;CSTL;EGGS;EVIL;FOOD;GLID;HEAD;MEGA;MOSS;PHRO;SCIE;SEVN;SOAR;TMPL;WEED;WIZZ,,3
C0198,89625-89653,PlayerState_StandingIdle,3,3,0x00742187(1);0x00002147(1);0x00746309(1),0x00388110;0x1c395196;0x3838801a,sprite|anim,BOIL;BRG1;CAVE;CLOU;CRYS;CSTL;EGGS;EVIL;FOOD;GLID;HEAD;MEGA;MOSS;PHRO;SCIE;SEVN;SNOW;SOAR;TMPL;WEED;WIZZ,,5
C0199,89731-89771,PlayerState_PickupItem,3,3,0x0003f185(1);0x00746309(1);0x00492011(1),0x1c395196;0x1c3aa013;0x3838801a,sprite|anim,BOIL;BRG1;CAVE;CLOU;CRYS;CSTL;EGGS;EVIL;FOOD;GLID;HEAD;MEGA;MOSS;PHRO;SCIE;SEVN;SNOW;SOAR;TMPL;WEED;WIZZ,,6
C0200,89801-89861,PlayerState_LandingFromRide,1,0,,0x1c3aa013,sprite|anim,BOIL;BRG1;CAVE;CLOU;CRYS;CSTL;EGGS;EVIL;FOOD;GLID;HEAD;MEGA;MOSS;PHRO;SCIE;SEVN;SNOW;SOAR;TMPL;WEED;WIZZ,,4
C0201,90038-90121,PlayerStateInit_JumpFromPlatform,1,0,,0x1ef99931,sprite|anim,BOIL;BRG1;CAVE;CLOU;CRYS;CSTL;EGGS;EVIL;FOOD;GLID;HEAD;MEGA;MOSS;PHRO;SCIE;SEVN;SNOW;SOAR;TMPL;WEED;WIZZ,,0
C0202,90243-90262,PlayerStateInit_BounceJumpAnimation,1,0,,0x1c3aa013,sprite|anim,BOIL;BRG1;CAVE;CLOU;CRYS;CSTL;EGGS;EVIL;FOOD;GLID;HEAD;MEGA;MOSS;PHRO;SCIE;SEVN;SNOW;SOAR;TMPL;WEED;WIZZ,,4
C0203,90289-90308,PlayerStateInit_BounceActive,1,0,,0x1c3aa013,sprite|anim,BOIL;BRG1;CAVE;CLOU;CRYS;CSTL;EGGS;EVIL;FOOD;GLID;HEAD;MEGA;MOSS;PHRO;SCIE;SEVN;SNOW;SOAR;TMPL;WEED;WIZZ,,4
C0204,90570-90593,PlayerSetupDeathState,1,0,,0x393c80c2,sprite|anim,BOIL;BRG1;CAVE;CLOU;CRYS;CSTL;EGGS;EVIL;FOOD;GLID;HEAD;MEGA;MOSS;PHRO;SCIE;SEVN;SOAR;TMPL;WEED;WIZZ,,1
C0205,90664-90701,PlayerState_DeathStart,1,0,,0x1e28e0d4,sprite|anim,BOIL;BRG1;CAVE;CLOU;CRYS;CSTL;EGGS;EVIL;FOOD;GLID;HEAD;MOSS;SEVN;SNOW;SOAR;WEED;WIZZ,,2
C0206,90728-90752,PlayerState_Death,1,0,,0x1b301085,sprite|anim,BOIL;BRG1;CAVE;CLOU;CRYS;CSTL;EGGS;EVIL;FOOD;GLEN;GLID;HEAD;MEGA;MOSS;PHRO;RUNN;SCIE;SEVN;SOAR;TMPL;WEED;WIZZ,,3
C0207,90874-90903,PlayerState_CheckpointExit,1,0,,0x08208902,sprite|anim,BOIL;BRG1;CAVE;CLOU;CRYS;CSTL;EGGS;EVIL;FOOD;GLID;HEAD;MEGA;MOSS;PHRO;RUNN;SCIE;SEVN;SOAR;TMPL;WEED;WIZZ,,1
C0208,90928-90950,PlayerStateInit_FallFromLedge,1,0,,0x0a3a4051,sprite|anim,BOIL;BRG1;CAVE;CLOU;CRYS;CSTL;EGGS;EVIL;FOOD;GLID;HEAD;MEGA;MOSS;PHRO;SCIE;SEVN;SNOW;SOAR;TMPL;WEED;WIZZ,,0
C0209,91024-91043,PlayerStateInit_FallingWithInput,1,0,,0x0e0ac230,sprite|anim,BOIL;BRG1;CAVE;CLOU;CRYS;CSTL;EGGS;EVIL;FOOD;GLID;HEAD;MEGA;MOSS;PHRO;SCIE;SEVN;SNOW;SOAR;TMPL;WEED;WIZZ,,0
C0210,91066-91087,PlayerStateInit_Falling,1,0,,0x0aabc010,sprite|anim,BOIL;BRG1;CAVE;CLOU;CRYS;CSTL;EGGS;EVIL;FOOD;GLID;HEAD;MEGA;MOSS;PHRO;SCIE;SEVN;SNOW;SOAR;TMPL;WEED;WIZZ,,0
C0211,91109-91130,PlayerStateInit_TeleportLanding,1,0,,0x1a28c11a,sprite|anim,BOIL;BRG1;CAVE;CLOU;CRYS;CSTL;EGGS;EVIL;FOOD;GLID;HEAD;MEGA;MOSS;PHRO;SCIE;SEVN;SNOW;SOAR;TMPL;WEED;WIZZ,,0
C0212,91535-91612,PlayerSetupBounceAnimation,1,0,,0x393c80c2,sprite|anim,BOIL;BRG1;CAVE;CLOU;CRYS;CSTL;EGGS;EVIL;FOOD;GLID;HEAD;MEGA;MOSS;PHRO;SCIE;SEVN;SOAR;TMPL;WEED;WIZZ,,1
C0213,91660-91673,PlayerStateInit_ClimbIdle,1,0,,0x0708a4a0,sprite|anim,EGGS,,2
C0214,91695-91708,PlayerStateInit_DamageKnockback,1,0,,0x052aa082,sprite|anim,EGGS,,1
C0215,91731-91751,PlayerState_DamageKnockback,1,0,,0x421586c2,audio,,,1
C0216,91809-91834,PlayerState_CrouchOrClimbTransition,1,0,,0x0708a4a0,sprite|anim,EGGS,,2
C0217,91861-91889,PlayerStateInit_ClimbWithMirror,1,0,,0x0628a800,sprite|anim,EGGS,,1
C0218,91946-92010,PlayerStateInit_HeavyDamageLaunch,1,0,,0x1c3aa013,sprite|anim,BOIL;BRG1;CAVE;CLOU;CRYS;CSTL;EGGS;EVIL;FOOD;GLID;HEAD;MEGA;MOSS;PHRO;SCIE;SEVN;SNOW;SOAR;TMPL;WEED;WIZZ,,4
C0219,92143-92165,PlayerStateInit_ThrowProjectile,1,0,,0x04084011,sprite|anim,BOIL;BRG1;CAVE;CLOU;CRYS;CSTL;EGGS;EVIL;FOOD;GLID;HEAD;MEGA;MOSS;SEVN;SNOW;SOAR;TMPL;WEED;WIZZ,,0
C0220,92191-92220,PlayerStateInit_CheckpointRestore,1,0,,0x1e1000b3,sprite|anim,BOIL;BRG1;CAVE;CLOU;CRYS;CSTL;EGGS;EVIL;FOOD;GLID;HEAD;MEGA;MOSS;SEVN;SNOW;SOAR;TMPL;WEED;WIZZ,,2
C0221,92280-92309,UniverseEnemaActivate,1,0,,0x6c22083a,sprite|anim,BRG1;CAVE;CLOU;CRYS;CSTL;EGGS;EVIL;GLID;MOSS;SEVN;SOAR;WEED;WIZZ,,0
C0222,92400-92423,PlayerStateInit_CheckpointEntry,1,0,,0x1c8c2437,sprite|anim,CLOU;CRYS;CSTL;EGGS;EVIL;MOSS;SEVN;SOAR;WEED;WIZZ,,0
C0223,92447-92468,PlayerStateInit_ProjectileThrowAnim,1,0,,0x3838801a,sprite|anim,BOIL;BRG1;CAVE;CLOU;CRYS;CSTL;EGGS;EVIL;FOOD;GLID;HEAD;MEGA;MOSS;PHRO;SCIE;SEVN;SNOW;SOAR;TMPL;WEED;WIZZ,,2
C0224,92492-92515,PlayerStateInit_PostThrowRecovery,1,0,,0x48204012,sprite|anim,BOIL;BRG1;CAVE;CLOU;CRYS;CSTL;EGGS;EVIL;FOOD;GLID;HEAD;MEGA;MOSS;PHRO;SCIE;SEVN;SNOW;SOAR;TMPL;WEED;WIZZ,,2
C0225,92573-92597,PlayerEnterNormalState,1,0,,0x392cb014,sprite|anim,BOIL;BRG1;CAVE;CLOU;CRYS;CSTL;EGGS;EVIL;FOOD;GLID;HEAD;MEGA;MOSS;SEVN;SNOW;SOAR;TMPL;WEED;WIZZ,,0
C0226,92631-92724,PlayerStateInit_RespawnAtCheckpoint,1,0,,0x1e1000b3,sprite|anim,BOIL;BRG1;CAVE;CLOU;CRYS;CSTL;EGGS;EVIL;FOOD;GLID;HEAD;MEGA;MOSS;SEVN;SNOW;SOAR;TMPL;WEED;WIZZ,,2
C0227,93241-93291,PlayerState_StartSwimming,2,1,0x01b60a4d(1),0x00388110;0x06e0a824,audio;sprite|anim,BOIL;BRG1;CAVE;CLOU;CRYS;CSTL;EGGS;EVIL;FOOD;GLID;HEAD;MEGA;MOSS;PHRO;SCIE;SEVN;SOAR;TMPL;WEED;WIZZ,,3
C0228,93428-93498,EntityTick_ShadowMirror,12,66,0x0002404d(6);0x0c488923(2);0x002020c3(2);0x01810441(1);0x01110211(1);0x00100285(1),0x052aa082;0x0538a2ea;0x0628a800;0x0708a4a0;0x112ae088;0x2524e089;0x8139a088;0x8524a880;0x8569a090;0x9629a000;0xa628e009;0xd70880a4,sprite|anim,EGGS,,4
C0229,93538-93558,InitHUDAnimatedEntity,1,0,,0x1e1000b3,sprite|anim,BOIL;BRG1;CAVE;CLOU;CRYS;CSTL;EGGS;EVIL;FOOD;GLID;HEAD;MEGA;MOSS;SEVN;SNOW;SOAR;TMPL;WEED;WIZZ,,2
C0230,94878-94916,FinnMainTickHandler,1,0,,0x40e0824c,audio,,,0
C0231,95158-95510,FinnVehicleMovementUpdate,1,0,,0x6ae1a244,audio,,,0
C0232,95713-95747,FinnDeathExplosion,2,1,0x01e67205(1),0x088c5011;0x344210b1,sprite|anim,FINN,,0
C0233,96097-96108,InitEntity_FinnSpawnCountdown,1,0,,0xca1b20cb,sprite|anim,BOIL;BRG1;CAVE;CLOU;CRYS;CSTL;EGGS;EVIL;FOOD;GLEN;GLID;HEAD;MEGA;MOSS;PHRO;RUNN;SCIE;SEVN;SNOW;SOAR;TMPL;WEED;WIZZ,,1
C0234,96225-96243,InitEntity_FinnScaledSprite,1,0,,0x1b301085,sprite|anim,BOIL;BRG1;CAVE;CLOU;CRYS;CSTL;EGGS;EVIL;FOOD;GLEN;GLID;HEAD;MEGA;MOSS;PHRO;RUNN;SCIE;SEVN;SOAR;TMPL;WEED;WIZZ,,3
C0235,96298-96411,RunnEvent_CutsceneDebrisAndLevel,5,10,0x00000003(2);0x02a14ac3(1);0x00218625(1);0x010c312b(1);0x02186255(1);0x0895c509(1),0x146ce002;0x3d348056;0xb468d0c6;0xb868d0c6;0xbe68d0c6,audio;sprite|anim,BOIL;BRG1;CAVE;CLOU;CRYS;CSTL;EGGS;EVIL;FOOD;GLEN;GLID;HEAD;KLOG;MEGA;MOSS;PHRO;RUNN;SCIE;SEVN;SNOW;SOAR;TMPL;WEED;WIZZ,,4
C0236,98019-98045,PlatformStateInit_ResumeWithSound,2,1,0x015c91f3(1),0x3c389550;0x40f8c274,audio;sprite|anim,RUNN,,0
C0237,98098-98118,PlatformStateInit_BounceWithGravity,1,0,,0x1a202d81,sprite|anim,RUNN,,2
C0238,98143-98163,PlatformStateInit_IdleNoGravity,1,0,,0x1a202d81,sprite|anim,RUNN,,2
C0239,98230-98256,SoarStateInit_BeginFlightMode,1,0,,0x08208902,sprite|anim,BOIL;BRG1;CAVE;CLOU;CRYS;CSTL;EGGS;EVIL;FOOD;GLID;HEAD;MEGA;MOSS;PHRO;RUNN;SCIE;SEVN;SOAR;TMPL;WEED;WIZZ,,1
C0240,98285-98307,SoarState_BeginFlight,1,0,,0x3eb98520,sprite|anim,RUNN,,0
C0241,98358-98375,PlatformStateInit_LandFromFlight,2,1,0x05beef49(1),0x1a202d81;0x60680076,audio;sprite|anim,RUNN,,2
C0242,98400-98431,RunnEntityDamageEffect,3,3,0x01b2a0a5(1);0x0a162b69(1);0x02e922f3(1),0x1b301085;0x1e181d10;0x40784034,audio;sprite|anim,BOIL;BRG1;CAVE;CLOU;CRYS;CSTL;EGGS;EVIL;FOOD;GLEN;GLID;HEAD;MEGA;MOSS;PHRO;RUNN;SCIE;SEVN;SOAR;TMPL;WEED;WIZZ,,3
C0243,98488-98503,EntityEnterAnimatedIdleState,1,0,,0x5238cd10,sprite|anim,RUNN,,0
C0244,98528-98545,PlatformStateInit_FadeAndTimer,1,0,,0x04835000,sprite|anim,RUNN,,0
C0245,98715-98764,InitScaledSpriteEntity,1,0,,0x1b301085,sprite|anim,BOIL;BRG1;CAVE;CLOU;CRYS;CSTL;EGGS;EVIL;FOOD;GLEN;GLID;HEAD;MEGA;MOSS;PHRO;RUNN;SCIE;SEVN;SOAR;TMPL;WEED;WIZZ,,3
C0246,98800-98878,BossCollision_SpawnDebrisAndLayers,5,10,0x00000003(2);0x02a14ac3(1);0x00218625(1);0x010c312b(1);0x02186255(1);0x0895c509(1),0x146ce002;0x3d348056;0xb468d0c6;0xb868d0c6;0xbe68d0c6,audio;sprite|anim,BOIL;BRG1;CAVE;CLOU;CRYS;CSTL;EGGS;EVIL;FOOD;GLEN;GLID;HEAD;KLOG;MEGA;MOSS;PHRO;RUNN;SCIE;SEVN;SNOW;SOAR;TMPL;WEED;WIZZ,,4
C0247,99155-99205,RunnVerticalMovementUpdate,1,0,,0x421586c2,audio,,,1
C0248,99274-99282,RunnSetIdleState,1,0,,0x0c01c014,sprite|anim,GLEN,,0
C0249,99318-99337,RunnSetActiveState,1,0,,0x4d09d01c,sprite|anim,GLEN,,0
C0250,99484-99516,CreateFinnPlayerEntity,2,1,0x12358fc7(1),0x3da80d13;0xcc6c8070,audio;sprite|anim,KLOG,,1
C0251,99805-99887,FinnDamageEventHandler,5,10,0x00000003(2);0x00c75d8f(1);0x00c75dbf(1);0x00c75def(1);0x02a14ac3(1);0x061484ed(1),0x146ce002;0x2e809804;0x2e811804;0x2e839804;0x3d348056,audio;sprite|anim,BOIL;BRG1;CAVE;CLOU;CRYS;CSTL;EGGS;EVIL;FOOD;GLEN;GLID;HEAD;KLOG;MEGA;MOSS;PHRO;RUNN;SCIE;SEVN;SNOW;SOAR;TMPL;WEED;WIZZ,,4
C0252,100025-100036,FinnState_Spawn,2,1,0x0002404d(1),0x1b280c33;0x3da80d13,sprite|anim,KLOG,,1
C0253,100070-100080,FinnSetTurnState,1,0,,0x1b280858,sprite|anim,KLOG,,0
C0254,100109-100130,FinnSetActiveState,1,0,,0x0aa18900,sprite|anim,KLOG,,0
C0255,100409-100420,InitRunnLevelEntity,1,0,,0x0305a4f5,sprite|anim,MENU,,0
C0256,100509-100518,SetupMenuButtonAnimation,1,0,,0x63848e59,sprite|anim,MENU,0x63848e59=Menu cursor,5
C0257,100543-100550,MenuSetEntityIdle,1,0,,0x39900619,sprite|anim,MENU,,5
C0258,100566-100573,MenuSetEntityIdle2,1,0,,0x33808e1b,sprite|anim,MENU,0x33808e1b=Menu cursor animation frame,0
C0259,100715-100728,MenuActivateButton,1,0,,0x63848e59,sprite|anim,MENU,0x63848e59=Menu cursor,5
C0260,100753-100764,MenuDeactivateButton,1,0,,0x39900619,sprite|anim,MENU,,5
C0261,100786-100792,Menu_PlayConfirmSound,1,0,,0x90810000,audio,,,4
C0262,100857-100871,MenuActivateButtonWithReset,1,0,,0x63848e59,sprite|anim,MENU,0x63848e59=Menu cursor,5
C0263,100901-100913,FINN_ClearSubentityState,1,0,,0x39900619,sprite|anim,MENU,,5
C0264,100938-100946,Menu_PlaySelectSoundIfEnabled,1,0,,0x90810000,audio,,,4
C0265,100971-100979,Menu_PlayConfirmSoundIfEnabled,1,0,,0x90810000,audio,,,4
C0266,101082-101096,MenuActivateLevelSelectButton,1,0,,0x63848e59,sprite|anim,MENU,0x63848e59=Menu cursor,5
C0267,101134-101146,MenuDeactivateLevelSelectButton,1,0,,0x39900619,sprite|anim,MENU,,5
C0268,101175-101191,Menu_IncrementSelection,1,0,,0x686c1c97,audio,,,3
C0269,101215-101231,Menu_DecrementAndPlaySound,1,0,,0x686c1c97,audio,,,3
C0270,101265-101295,InitMenuSkullIconButton,2,1,0x029a4465(1),0x10094096;0x81100030,sprite|anim,MENU,,4
C0271,101325-101339,MenuActivateSkullIconButton,1,0,,0x63848e59,sprite|anim,MENU,0x63848e59=Menu cursor,5
C0272,101369-101381,MenuDeactivateSkullIconButton,1,0,,0x39900619,sprite|anim,MENU,,5
C0273,101404-101419,Menu_CycleOptionAndPlaySound,1,0,,0x686c1c97,audio,,,3
C0274,101443-101458,Menu_DecrementCounter,1,0,,0x686c1c97,audio,,,3
C0275,101571-101588,PasswordDigitSelectActive,1,0,,0x63848e59,sprite|anim,MENU,0x63848e59=Menu cursor,5
C0276,101617-101630,PasswordDigitSelectInactive,1,0,,0x39900619,sprite|anim,MENU,,5
C0277,101662-101690,PasswordSubmitEventHandler,2,1,0x0213593d(1),0x42906465;0x64221e61,audio,,,7
C0278,101715-101733,PasswordBackspaceHandler,1,0,,0x00880c1e,audio,,,2
C0279,101762-101783,PasswordDigitInputHandler,1,0,,0x00880c1e,audio,,,2
C0280,101929-101978,InitMenuEntity,1,0,,0xb8700ca1,sprite|anim,BOIL;BRG1;CAVE;CLOU;CRYS;CSTL;EGGS;EVIL;FINN;FOOD;GLEN;GLID;HEAD;KLOG;MEGA;MENU;MOSS;PHRO;RUNN;SCIE;SEVN;SNOW;SOAR;TMPL;WEED;WIZZ,,4
C0281,102049-102163,InitMenuStage1,7,21,0x00000003(2);0x044e14d9(1);0x044e24d9(1);0x044e74d9(1);0x031e5153(1);0x021d42e3(1),0x10094096;0x3080820d;0x3080840d;0x30808e0d;0x38a0c119;0x40b18011;0x68c01218,sprite|anim,MENU,,4
C0282,102203-102229,InitMenuStage2,1,0,,0x10094096,sprite|anim,MENU,,4
C0283,102245-102293,InitMenuStage3,2,1,0x029a4465(1),0x10094096;0x81100030,sprite|anim,MENU,,4
C0284,102311-102400,InitMenuStage4,2,1,0x01019fe5(1),0x10094096;0xe289c059,sprite|anim,MENU,,4
C0285,102625-102785,MenuInputHandler,1,0,,0x646c2cc0,audio,,,1
C0286,102943-103453,CreateResultsScreenEntity,1,0,,0xec95689b,sprite|anim,MENU,,0
C0287,103573-103599,TriggerEndingSequence,1,0,,0x40023e30,audio,,,2
C0288,103639-103660,EndingCreditsRevealTick,1,0,,0x00880c1e,audio,,,2
C0289,103840-103873,EndingCreditsCompleteTick,1,0,,0x40023e30,audio,,,2
C0290,108204-108330,PlaySoundEffect,5,10,0x0488bd15(1);0x0468a44f(1);0x024b0889(1);0x0f4888a7(1);0x05ad7113(1);0x00682e9f(1),0x00248e52;0x246166fa;0x44d4c8d8;0x5860c640;0x70d006d8,audio,,,5
C0291,109381-109506,SetupAndStartLevel,1,0,,0x28c080df,sprite|anim,BOIL;BRG1;CAVE;CLOU;CRYS;CSTL;EGGS;EVIL;FINN;FOOD;GLEN;GLID;HEAD;KLOG;MEGA;MENU;MOSS;PHRO;RUNN;SCIE;SEVN;SNOW;SOAR;TMPL;WEED;WIZZ,,0
C0292,109525-109590,DisplayTransitionSprite,1,0,,0x8ab92024,sprite|anim,BOIL;BRG1;CAVE;CLOU;CRYS;CSTL;EGGS;EVIL;FINN;FOOD;GLEN;GLID;HEAD;KLOG;MEGA;MENU;MOSS;PHRO;RUNN;SCIE;SEVN;SNOW;SOAR;TMPL;WEED;WIZZ,,0
C0293,110255-110303,PauseGameAndShowMenu,1,0,,0x65281e40,audio,,,0
C0294,110328-110336,PauseGameWithFadeOut,1,0,,0x4c60f249,audio,,,0
C0295,111220-111231,EntityType001_BossEntity_Init,1,0,,0x98f8221e,sprite|anim,BOIL;CAVE;CRYS;CSTL;EGGS;FOOD;GLID;HEAD;MEGA;MOSS;PHRO;SCIE;SEVN;SNOW;TMPL;WEED,,2
C0296,111260-111271,EntityType005_MovingPlatformA_Init,1,0,,0x88783718,sprite|anim,CAVE;CRYS;EGGS;FOOD;GLID;HEAD;MEGA;SCIE;TMPL;WEED,,2
C0297,111300-111311,EntityType006_MovingPlatformB_Init,1,0,,0x8818a018,sprite|anim,BRG1;CAVE;CRYS;CSTL;EGGS;FOOD;GLID;HEAD;MOSS;TMPL;WEED;WIZZ,,3
C0298,111339-111350,EntityType012_MovingPlatformC_Init,1,0,,0x9299c307,sprite|anim,MOSS,,0
C0299,111462-111472,EntityType019_ClockPlatformA_Init,1,0,,0x93043811,sprite|anim,BOIL;CAVE;CSTL;EGGS;GLID;MOSS;SEVN;SNOW;WEED,,0
C0300,111501-111511,EntityType020_ClockPlatformB_Init,1,0,,0xd2801814,sprite|anim,CAVE;CRYS;EGGS;MOSS,,0
C0301,111540-111550,EntityType021_ClockPlatformC_Init,1,0,,0x12800031,sprite|anim,BOIL;CAVE;CRYS;CSTL;EGGS;GLID;MOSS;SEVN;SNOW,,0
C0302,111582-111593,EntityType049_BossRelated_Init,1,0,,0x98f8221e,sprite|anim,BOIL;CAVE;CRYS;CSTL;EGGS;FOOD;GLID;HEAD;MEGA;MOSS;PHRO;SCIE;SEVN;SNOW;TMPL;WEED,,2
C0303,111625-111636,EntityType050_BossMain_Init,1,0,,0x88783718,sprite|anim,CAVE;CRYS;EGGS;FOOD;GLID;HEAD;MEGA;SCIE;TMPL;WEED,,2
C0304,111668-111679,EntityType051_BossPart_Init,1,0,,0x8818a018,sprite|anim,BRG1;CAVE;CRYS;CSTL;EGGS;FOOD;GLID;HEAD;MOSS;TMPL;WEED;WIZZ,,3
C0305,111711-111721,EntityType057_WaypointClayballA_Init,1,0,,0x98f8221e,sprite|anim,BOIL;CAVE;CRYS;CSTL;EGGS;FOOD;GLID;HEAD;MEGA;MOSS;PHRO;SCIE;SEVN;SNOW;TMPL;WEED,,2
C0306,111753-111763,EntityType058_WaypointClayballB_Init,1,0,,0x88783718,sprite|anim,CAVE;CRYS;EGGS;FOOD;GLID;HEAD;MEGA;SCIE;TMPL;WEED,,2
C0307,111795-111805,EntityType059_WaypointClayballC_Init,1,0,,0x8818a018,sprite|anim,BRG1;CAVE;CRYS;CSTL;EGGS;FOOD;GLID;HEAD;MOSS;TMPL;WEED;WIZZ,,3
C0308,111829-111839,EntityType062_ClayballVariantA_Init,1,0,,0x88a16190,sprite|anim,SEVN,,0
C0309,111909-111919,EntityType064_Particle_Init,1,0,,0x80b92212,sprite|anim,TMPL,,0
C0310,111949-111959,EntityType066_ClayballVariantC_Init,1,0,,0xb69c8356,sprite|anim,CSTL,,0
C0311,111989-111999,EntityType067_ClayballVariantD_Init,1,0,,0xb7cce25e,sprite|anim,CSTL,,0
C0312,112029-112039,EntityType068_ClayballVariantE_Init,1,0,,0xbebce258,sprite|anim,CSTL,,0
C0313,112062-112073,EntityType090_SwitchClayballA_Init,1,0,,0xd89c319a,sprite|anim,EVIL,,0
C0314,112105-112116,EntityType091_SwitchClayballB_Init,1,0,,0xc89e9158,sprite|anim,EVIL,,0
C0315,112148-112159,EntityType092_SwitchClayballC_Init,1,0,,0xc48c7158,sprite|anim,EVIL,,0
C0316,112191-112202,EntityType093_BonusClayball_Init,1,0,,0x10882010,sprite|anim,EVIL,,0
C0317,114458-114469,LoadLevelSpriteAssets,1,0,,0x168254b5,sprite|anim,FINN,,1
C0318,114907-115147,CheckCheatCodeInput,1,0,,0x90810000,audio,,,4
