suffix_a,suffix_b,id_a,id_b,calc_hash_prefix,shift_prefix,prefix_matches,role_a,role_b,levels_a,levels_b
01,02,0x006e0046,0x00ae0046,0x1dcc0ae5,14,,,,,
01,02,0x00ce0610,0x0cce0610,0x80dcc025,18,,,,CSTL;FOOD;SEVN;TMPL,CSTL;FOOD;SEVN;TMPL
01,02,0x00ce0610,0x18ce0610,0x03dcc024,19,,,,CSTL;FOOD;SEVN;TMPL,CSTL;FOOD;SEVN;TMPL
01,03,0x00ce0610,0x0ace0610,0x415cc025,17,,,,CSTL;FOOD;SEVN;TMPL,CSTL;FOOD;SEVN;TMPL
01,03,0x00ce0610,0x28ce0610,0x03dcc024,19,,,,CSTL;FOOD;SEVN;TMPL,CSTL;FOOD;SEVN;TMPL
01,02,0x04041001,0x08041001,0x199e0205,18,,,,,
01,03,0x04041001,0x0e041001,0xd81e0205,17,,,,,
01,02,0x08041001,0x0e041001,0x581e0204,17,,,,,
01,02,0x080c8300,0x08148300,0x188e6224,11,,,,EVIL,EVIL;FINN;RUNN
01,03,0x080c8300,0x08188300,0x190d6224,10,,,,EVIL,EVIL;FINN;RUNN
01,03,0x080c8300,0x085c8300,0x1b886224,12,,,,EVIL,FINN
01,02,0x08148300,0x08188300,0x1a0d6224,10,,,,EVIL;FINN;RUNN,EVIL;FINN;RUNN
01,03,0x08148300,0x081e8300,0x1acce224,9,,,,EVIL;FINN;RUNN,EVIL;FINN;RUNN
01,02,0x08188300,0x081e8300,0x1b4ce224,9,,,,EVIL;FINN;RUNN,EVIL;FINN;RUNN
01,03,0x08188300,0x081d8300,0x1b2c2224,8,,,,EVIL;FINN;RUNN,EVIL;FINN;RUNN
01,02,0x081d8300,0x081e8300,0x1b8c2224,8,,,,EVIL;FINN;RUNN,EVIL;FINN;RUNN
01,02,0x09ce0610,0x0ace0610,0x019cc024,16,,,,CSTL;FOOD;SEVN;TMPL,CSTL;FOOD;SEVN;TMPL
01,03,0x09ce0610,0x0cce0610,0x019cc024,16,,,,CSTL;FOOD;SEVN;TMPL,CSTL;FOOD;SEVN;TMPL
01,02,0x0ace0610,0x0cce0610,0x015cc024,17,,,,CSTL;FOOD;SEVN;TMPL,CSTL;FOOD;SEVN;TMPL
01,02,0x0b0811bb,0x0b081dbb,0x791eb444,2,,,,HEAD,HEAD
01,03,0x0cce0610,0x18ce0610,0x00dcc024,18,,,,CSTL;FOOD;SEVN;TMPL,CSTL;FOOD;SEVN;TMPL
01,02,0x10b85810,0x10b9d810,0x0f072027,7,,,,FINN,FINN
01,02,0x10b85810,0x10bb5810,0x0f374027,8,,,,FINN,FINN
01,03,0x10b85810,0x10b91810,0x0f1f1027,6,,,,FINN,FINN
01,02,0x10b91810,0x10b9181c,0x0f3f00a6,26,,,,FINN,FINN
01,02,0x10b91810,0x10b97810,0x0f3b0827,5,,,,FINN,FINN
01,02,0x10b91810,0x10b9d810,0x0f371027,6,,,,FINN,FINN
01,03,0x10b91810,0x10b94810,0x0f3d0427,4,,,,FINN,FINN
01,02,0x10b9181c,0x10b9781c,0x0f3b09a7,5,,,,FINN,FINN
01,02,0x10b9181c,0x10b9d81c,0x0f3711a7,6,,,,FINN,FINN
01,03,0x10b9181c,0x10b9481c,0x0f3d05a7,4,,,,FINN,FINN
01,02,0x10b94810,0x10b9481c,0x0f3500a6,26,,,,FINN,FINN
01,02,0x10b94810,0x10b95010,0x0f340227,3,,,,FINN,FINN
01,02,0x10b94810,0x10b97810,0x0f370427,4,,,,FINN,FINN
01,03,0x10b94810,0x10b95c10,0x0f358127,2,,,,FINN,FINN
01,02,0x10b9481c,0x10b9501c,0x0f3403a7,3,,,,FINN,FINN
01,02,0x10b9481c,0x10b9781c,0x0f3705a7,4,,,,FINN,FINN
01,03,0x10b9481c,0x10b95c1c,0x0f3580a7,2,,,,FINN,FINN
01,02,0x10b95010,0x10b9501c,0x0f3600a6,26,,,,FINN,FINN
01,02,0x10b95010,0x10b95c10,0x0f368127,2,,,,FINN,FINN
01,03,0x10b95010,0x10b95a10,0x0f3640a7,1,,,,FINN,FINN
01,03,0x10b95010,0x10b97810,0x0f370227,3,,,,FINN,FINN
01,02,0x10b9501c,0x10b95c1c,0x0f3680a7,2,,,,FINN,FINN
01,03,0x10b9501c,0x10b95a1c,0x0f364127,1,,,,FINN,FINN
01,03,0x10b9501c,0x10b9781c,0x0f3703a7,3,,,,FINN,FINN
01,02,0x10b95a10,0x10b95a1c,0x0f3740a6,26,,,,FINN,FINN
01,02,0x10b95a10,0x10b95c10,0x0f3700a7,1,,,,FINN,FINN
01,02,0x10b95a1c,0x10b95c1c,0x0f370127,1,,,,FINN,FINN
01,02,0x10b95c10,0x10b95c1c,0x0f3780a6,26,,,,FINN,FINN
01,02,0x10b97810,0x10b9781c,0x0f3300a6,26,,,,FINN,FINN
01,03,0x10b97810,0x10b9d810,0x0f370827,5,,,,FINN,FINN
01,03,0x10b9781c,0x10b9d81c,0x0f3709a7,5,,,,FINN,FINN
01,02,0x10b9d810,0x10b9d81c,0x0f2700a6,26,,,,FINN,FINN
01,03,0x10b9d810,0x10bb5810,0x0f372027,7,,,,FINN,FINN
01,02,0x18ce0610,0x28ce0610,0x05dcc024,20,,,,CSTL;FOOD;SEVN;TMPL,CSTL;FOOD;SEVN;TMPL
01,02,0x18e88310,0x18e88510,0x050c20a6,1,,,,GLEN,GLEN
01,03,0x18e88310,0x18e88910,0x050c20a6,1,,,,GLEN,GLEN
01,02,0x18e88510,0x18e88910,0x050c2126,2,,,,GLEN,GLEN
01,02,0x1df99931,0x1ef99931,0x876f2406,16,,,,BOIL;BRG1;CAVE;CLOU;CRYS;CSTL;EGGS;EVIL;FOOD;GLID;HEAD;MEGA;MOSS;PHRO;SCIE;SEVN;SNOW;SOAR;TMPL;WEED;WIZZ,BOIL;BRG1;CAVE;CLOU;CRYS;CSTL;EGGS;EVIL;FOOD;GLID;HEAD;MEGA;MOSS;PHRO;SCIE;SEVN;SNOW;SOAR;TMPL;WEED;WIZZ
01,02,0x28a0c119,0x30a0c119,0x0e042101,19,,,,MENU,MENU
01,02,0x2a6e0410,0x326e0410,0x57dc8021,19,,,,EGGS,FOOD;TMPL
01,02,0x2e809804,0x2e811804,0xc81f22a0,7,,,,KLOG,KLOG
01,02,0x2e809804,0x2e839804,0xc82f42a0,8,,,,KLOG,KLOG
01,03,0x2e811804,0x2e839804,0xc82f22a0,7,,,,KLOG,KLOG
01,02,0x302010c4,0x302016c4,0x1c1e5a23,1,,,,,
01,02,0x3080820d,0x3080840d,0x080c0303,1,,,,MENU,MENU
01,02,0x3080820d,0x30808e0d,0x080cc283,2,,,,MENU,MENU
01,03,0x3080840d,0x30808e0d,0x080cc303,1,,,,MENU,MENU
01,02,0x3a186940,0x3a186980,0x5b112232,30,,,,CAVE;EGGS;GLID;WEED,CAVE;EGGS;GLID;WEED
01,02,0x400c989d,0x400c991d,0x198f01ad,31,,,,BOIL;BRG1;CRYS;MOSS;SCIE;SNOW;SOAR;TMPL,BOIL;BRG1;CRYS;MOSS;SCIE;SNOW;SOAR;TMPL
01,03,0x400c989d,0x400c9a1d,0x198f01ad,31,,,,BOIL;BRG1;CRYS;MOSS;SCIE;SNOW;SOAR;TMPL,PHRO;SCIE
01,02,0x400c991d,0x400c9a1d,0x198f01cd,0,,,,BOIL;BRG1;CRYS;MOSS;SCIE;SNOW;SOAR;TMPL,PHRO;SCIE
01,03,0x400c9a1d,0x40189a1d,0x190e418d,10,,,,PHRO;SCIE,BOIL;BRG1;CRYS;MOSS;SCIE;SNOW;SOAR;TMPL
01,02,0x40106054,0x4c106054,0x9b1008ad,18,,,,MEGA,MEGA
01,02,0x407801d0,0x407801dc,0x171c38ac,26,,,,GLEN,GLEN
01,02,0x408a1c10,0x408a2c10,0x095d842d,4,,,,CAVE,FOOD
01,02,0x408a1c10,0x40ea1c10,0x0d57802d,13,,,,CAVE,CLOU
01,03,0x408a1c10,0x40da1c10,0x0b5b802d,12,,,,CAVE,FINN
01,03,0x408a1c10,0x41ca1c10,0x014f802d,14,,,,CAVE,CRYS
01,02,0x408a2c10,0x40ea2c10,0x0d51802d,13,,,,FOOD,WEED
01,03,0x408a2c10,0x40da2c10,0x0b5d802d,12,,,,FOOD,EGGS
01,02,0x40b18011,0x40b28011,0x0e0c400d,8,,,,MENU,MENU
01,03,0x40b18011,0x40b48011,0x0e0c400d,8,,,,MENU,MENU
01,02,0x40b28011,0x40b48011,0x0e0c800d,9,,,,MENU,MENU
01,02,0x40c21c10,0x40c22c10,0x005d842d,4,,,,BRG1,SCIE
01,02,0x40c21c10,0x40da1c10,0x015d802d,11,,,,BRG1,FINN
01,03,0x40c21c10,0x40ea1c10,0x015d802d,11,,,,BRG1,CLOU
01,02,0x40c22c10,0x40da2c10,0x015b802d,11,,,,SCIE,EGGS
01,03,0x40c22c10,0x40ea2c10,0x015b802d,11,,,,SCIE,WEED
01,02,0x40da1c10,0x40da2c10,0x035d842d,4,,,,FINN,EGGS
01,02,0x40da1c10,0x40ea1c10,0x015b802d,12,,,,FINN,CLOU
01,02,0x40da2c10,0x40ea2c10,0x015d802d,12,,,,EGGS,WEED
01,02,0x40ea1c10,0x40ea2c10,0x055d842d,4,,,,CLOU,WEED
01,02,0x410800f9,0x410818f9,0x391d1f0d,3,,,,FOOD;TMPL,FOOD;TMPL
01,02,0x41ca1c10,0x42ca1c10,0x011f802d,16,,,,CRYS,CLOU
01,03,0x41ca1c10,0x44ca1c10,0x011f802d,16,,,,CRYS,TMPL
01,02,0x42ca1c10,0x44ca1c10,0x01df802d,17,,,,CLOU,TMPL
01,03,0x42ca1c10,0x48ca1c10,0x01df802d,17,,,,CLOU,CAVE;CRYS
01,02,0x44ca1c10,0x48ca1c10,0x005f802d,18,,,,TMPL,CAVE;CRYS
01,02,0x46269090,0x5e269090,0xdece102c,19,,,,WIZZ,MENU
01,02,0x462c6040,0x46346040,0xdc920a2d,11,,,,BOIL;CAVE;CRYS;CSTL;EGGS;GLID;MOSS;SEVN;SNOW;WEED,BOIL;CAVE;CRYS;CSTL;EGGS;GLID;MOSS;SEVN;SNOW;WEED
01,03,0x462c6040,0x46386040,0xdd110a2d,10,,,,BOIL;CAVE;CRYS;CSTL;EGGS;GLID;MOSS;SEVN;SNOW;WEED,BOIL;CAVE;CRYS;CSTL;EGGS;GLID;MOSS;SEVN;SNOW;WEED
01,02,0x46346040,0x46386040,0xde110a2d,10,,,,BOIL;CAVE;CRYS;CSTL;EGGS;GLID;MOSS;SEVN;SNOW;WEED,BOIL;CAVE;CRYS;CSTL;EGGS;GLID;MOSS;SEVN;SNOW;WEED
01,03,0x46346040,0x463e6040,0xded08a2d,9,,,,BOIL;CAVE;CRYS;CSTL;EGGS;GLID;MOSS;SEVN;SNOW;WEED,BOIL;CAVE;CRYS;CSTL;EGGS;GLID;MOSS;SEVN;SNOW;WEED
01,02,0x46386040,0x463e6040,0xdf508a2d,9,,,,BOIL;CAVE;CRYS;CSTL;EGGS;GLID;MOSS;SEVN;SNOW;WEED,BOIL;CAVE;CRYS;CSTL;EGGS;GLID;MOSS;SEVN;SNOW;WEED
01,02,0x48209640,0x49a09640,0x0c2eca2c,15,,,,,
01,03,0x48209640,0x49609640,0x141eca2c,14,,,,,
01,02,0x492c8430,0x512c8430,0x3f8c842d,19,,,,WIZZ,BOIL;BRG1;CAVE;CLOU;CRYS;CSTL;EGGS;EVIL;FOOD;GLID;HEAD;MEGA;MOSS;PHRO;SCIE;SEVN;SNOW;SOAR;TMPL;WEED;WIZZ
01,03,0x492c8430,0x612c8430,0x3f8c842d,19,,,,WIZZ,FOOD;SNOW
01,02,0x49609640,0x49a09640,0x3c1eca2c,14,,,,,
01,02,0x4a3ea110,0x523ea110,0x5dc8202d,19,,Menu door opens to reveal monkey animation,,MENU,EGGS
01,02,0x4a4ec094,0x524ec094,0x53c410ad,19,,,,GLEN,BOIL;BRG1;CAVE;CLOU;CRYS;CSTL;EGGS;EVIL;FOOD;GLEN;GLID;HEAD;MEGA;MOSS;PHRO;RUNN;SCIE;SEVN;SOAR;TMPL;WEED;WIZZ
01,02,0x4aee0118,0x52ee0118,0x47dc212d,19,,Shriney Guard boss slamming down animation,,MEGA,BOIL;BRG1;CAVE;CLOU;CRYS;CSTL;EGGS;EVIL;FOOD;GLID;HEAD;MEGA;MOSS;PHRO;SCIE;SEVN;SNOW;SOAR;TMPL;WEED;WIZZ
01,03,0x4aee0118,0x62ee0118,0x47dc212d,19,,Shriney Guard boss slamming down animation,,MEGA,BRG1
01,02,0x4baf8200,0x53af8200,0x6fec422d,19,,Shriney Guard boss yelling animation,,MEGA,BOIL;BRG1;CAVE;CLOU;CRYS;CSTL;EGGS;EVIL;FOOD;GLID;HEAD;MEGA;MOSS;PHRO;SCIE;SEVN;SNOW;SOAR;TMPL;WEED;WIZZ
01,03,0x4baf8200,0x63af8200,0x6fec422d,19,,Shriney Guard boss yelling animation,,MEGA,FOOD;SNOW
01,02,0x4c02d240,0x4c62d240,0x9c4e4a2c,13,,,,,
01,03,0x4c02d240,0x4ca2d240,0x9c4e4a2c,13,,,,,
01,02,0x4c2a8850,0x542a8850,0x9f4d082d,19,,,,WIZZ,BOIL;BRG1;CAVE;CLOU;CRYS;CSTL;EGGS;EVIL;FOOD;GLID;HEAD;MEGA;MOSS;PHRO;SCIE;SEVN;SNOW;SOAR;TMPL;WEED;WIZZ
01,02,0x4c62d240,0x4ca2d240,0x9c564a2c,14,,,,,
01,02,0x51200640,0x61200640,0x381cca2d,20,,,,,
01,02,0x512c8430,0x612c8430,0x398c842d,20,,,,BOIL;BRG1;CAVE;CLOU;CRYS;CSTL;EGGS;EVIL;FOOD;GLID;HEAD;MEGA;MOSS;PHRO;SCIE;SEVN;SNOW;SOAR;TMPL;WEED;WIZZ,FOOD;SNOW
01,02,0x52ee0118,0x62ee0118,0x41dc212d,20,,,,BOIL;BRG1;CAVE;CLOU;CRYS;CSTL;EGGS;EVIL;FOOD;GLID;HEAD;MEGA;MOSS;PHRO;SCIE;SEVN;SNOW;SOAR;TMPL;WEED;WIZZ,BRG1
01,02,0x53af8200,0x63af8200,0x69ec422d,20,,,,BOIL;BRG1;CAVE;CLOU;CRYS;CSTL;EGGS;EVIL;FOOD;GLID;HEAD;MEGA;MOSS;PHRO;SCIE;SEVN;SNOW;SOAR;TMPL;WEED;WIZZ,FOOD;SNOW
01,02,0x5a89815f,0x5ab9815f,0x4b2829ce,12,,,,BOIL;BRG1;CLOU;CRYS;CSTL;EVIL;FOOD;MOSS;PHRO;SCIE;SNOW;SOAR;TMPL,BOIL;BRG1;CLOU;CRYS;CSTL;EVIL;FOOD;MOSS;PHRO;SCIE;SNOW;SOAR;TMPL
01,03,0x5a89815f,0x5ad9815f,0x4b2829ce,12,,,,BOIL;BRG1;CLOU;CRYS;CSTL;EVIL;FOOD;MOSS;PHRO;SCIE;SNOW;SOAR;TMPL,BOIL;BRG1;CLOU;CRYS;CSTL;EVIL;FOOD;MOSS;PHRO;SCIE;SNOW;SOAR;TMPL
01,02,0x5ab9815f,0x5ad9815f,0x4b2429ce,13,,,,BOIL;BRG1;CLOU;CRYS;CSTL;EVIL;FOOD;MOSS;PHRO;SCIE;SNOW;SOAR;TMPL,BOIL;BRG1;CLOU;CRYS;CSTL;EVIL;FOOD;MOSS;PHRO;SCIE;SNOW;SOAR;TMPL
01,02,0x60181a0c,0x61981a0c,0x0b3f43a9,15,,,Plain monkey enemy,PHRO;SCIE,BOIL;BRG1;CRYS;MOSS;SCIE;SNOW;SOAR;TMPL
01,03,0x60181a0c,0x61581a0c,0x130f43a9,14,,,,PHRO;SCIE,BOIL;BRG1;CRYS;MOSS;SCIE;SNOW;SOAR;TMPL
01,02,0x60a91c9c,0x60aa1c9c,0x0d1fd1a9,8,,,,BRG1,BRG1
01,02,0x60b98cbd,0x60b9bcbd,0x0f2f9189,4,,,,BRG1;PHRO;TMPL,BRG1
01,02,0x61581a0c,0x61981a0c,0x3b0f43a9,14,,,Plain monkey enemy,BOIL;BRG1;CRYS;MOSS;SCIE;SNOW;SOAR;TMPL,BOIL;BRG1;CRYS;MOSS;SCIE;SNOW;SOAR;TMPL
01,02,0x620ec210,0x7a0ec210,0x5bc44028,19,,,,BOIL;BRG1;CAVE;CLOU;CRYS;CSTL;EGGS;EVIL;FOOD;GLID;MOSS;PHRO;SCIE;SNOW;TMPL;WEED,EGGS
01,02,0x62318245,0x7a318245,0x5c2c4a88,19,,,,,
01,02,0x6a351094,0x6c351094,0x1e3e10a8,17,,,,BOIL;BRG1;CAVE;CLOU;CRYS;CSTL;EGGS;EVIL;FINN;FOOD;GLEN;GLID;HEAD;KLOG;MEGA;MENU;MOSS;PHRO;RUNN;SCIE;SEVN;SNOW;SOAR;TMPL;WEED;WIZZ,BOIL;BRG1;CAVE;CLOU;CRYS;CSTL;EGGS;EVIL;FINN;FOOD;GLEN;GLID;HEAD;KLOG;MEGA;MENU;MOSS;PHRO;RUNN;SCIE;SEVN;SNOW;SOAR;TMPL;WEED;WIZZ
01,02,0x6d209c95,0xed209c94,0x9c0f9098,23,,,,CSTL,CSTL
01,02,0x70204350,0x70404350,0x181c682b,13,,,,,
01,02,0x7c108242,0x7c108244,0x1a0c4a2a,25,,,,,
01,02,0x800da102,0x800da11a,0x19a82377,27,,,,KLOG,KLOG
01,02,0x800da102,0x800da132,0x19a82071,28,,,,KLOG,KLOG
01,03,0x800da102,0x800da116,0x19a822f4,26,,,,KLOG,KLOG
01,03,0x800da102,0x800da152,0x19a82071,28,,,,KLOG,KLOG
01,02,0x800da116,0x800da11a,0x19a82074,26,,,,KLOG,KLOG
01,03,0x800da11a,0x800da132,0x19a82077,27,,,,KLOG,KLOG
01,02,0x800da132,0x800da152,0x19a8207d,29,,,,KLOG,KLOG
01,02,0x81421850,0x82421850,0x101f0835,16,,,,WIZZ,WIZZ
01,02,0xa9387d8c,0xc9387d8c,0x3713b3b4,21,,,,CLOU,CLOU
01,02,0xb0107444,0xb0d07444,0x12028ab3,14,,,,,
01,02,0xb0107444,0xb1907444,0x0a328ab3,15,,,,,
01,03,0xb0107444,0xb0b07444,0x1e1a8ab3,13,,,,,
01,03,0xb0107444,0xb2907444,0x0a328ab3,15,,,,,
01,02,0xb0807444,0xb0b07444,0x0a168ab3,12,,,,,
01,03,0xb0807444,0xb0d07444,0x0a168ab3,12,,,,,
01,02,0xb0b07444,0xb0d07444,0x0a1a8ab3,13,,,,,
01,03,0xb0d07444,0xb1907444,0x0a028ab3,14,,,,,
01,02,0xb1907444,0xb2907444,0x0a528ab3,16,,,,,
01,02,0xb468d0c6,0xb868d0c6,0x14061af3,18,,,,BOIL;BRG1;CAVE;CLOU;CRYS;CSTL;EGGS;EVIL;FOOD;GLEN;GLID;HEAD;MEGA;MOSS;PHRO;RUNN;SCIE;SEVN;SNOW;SOAR;TMPL;WEED;WIZZ,BOIL;BRG1;CAVE;CLOU;CRYS;CSTL;EGGS;EVIL;FOOD;GLEN;GLID;HEAD;MEGA;MOSS;PHRO;RUNN;SCIE;SEVN;SNOW;SOAR;TMPL;WEED;WIZZ
01,03,0xb468d0c6,0xbe68d0c6,0xd5861af3,17,,,,BOIL;BRG1;CAVE;CLOU;CRYS;CSTL;EGGS;EVIL;FOOD;GLEN;GLID;HEAD;MEGA;MOSS;PHRO;RUNN;SCIE;SEVN;SNOW;SOAR;TMPL;WEED;WIZZ,BOIL;BRG1;CAVE;CLOU;CRYS;CSTL;EGGS;EVIL;FOOD;GLEN;GLID;HEAD;MEGA;MOSS;PHRO;RUNN;SCIE;SEVN;SNOW;SOAR;TMPL;WEED;WIZZ
01,02,0xb868d0c6,0xbe68d0c6,0x55861af2,17,,,,BOIL;BRG1;CAVE;CLOU;CRYS;CSTL;EGGS;EVIL;FOOD;GLEN;GLID;HEAD;MEGA;MOSS;PHRO;RUNN;SCIE;SEVN;SNOW;SOAR;TMPL;WEED;WIZZ,BOIL;BRG1;CAVE;CLOU;CRYS;CSTL;EGGS;EVIL;FOOD;GLEN;GLID;HEAD;MEGA;MOSS;PHRO;RUNN;SCIE;SEVN;SNOW;SOAR;TMPL;WEED;WIZZ
01,02,0xc8648260,0xc864b260,0x148e4a3c,4,,,,,
01,03,0xc8648260,0xc864d260,0x148e4a3c,4,,,,,
01,02,0xc864b260,0xc864d260,0x148e463c,5,,,,,
01,02,0xe00e989d,0xe00e991d,0x19cf01b9,31,,,,BOIL;BRG1;CRYS;MOSS;SCIE;SNOW;SOAR;TMPL,BOIL;BRG1;CRYS;MOSS;SCIE;SNOW;SOAR;TMPL
01,02,0xf03391e9,0xf033a1e9,0x1e6c3b1b,4,,,,,
02,03,0x006e0046,0x00ae0046,0x1dd40ae5,13,,,,,
02,03,0x00ce0610,0x0cce0610,0x815cc025,17,,,,CSTL;FOOD;SEVN;TMPL,CSTL;FOOD;SEVN;TMPL
02,03,0x00ce0610,0x18ce0610,0x00dcc024,18,,,,CSTL;FOOD;SEVN;TMPL,CSTL;FOOD;SEVN;TMPL
02,03,0x04041001,0x08041001,0x181e0205,17,,,,,
02,03,0x08041001,0x0e041001,0x58de0204,16,,,,,
02,03,0x080c8300,0x08148300,0x188d6224,10,,,,EVIL,EVIL;FINN;RUNN
02,03,0x08148300,0x08188300,0x1a0ce224,9,,,,EVIL;FINN;RUNN,EVIL;FINN;RUNN
02,03,0x08188300,0x081e8300,0x1b4c2224,8,,,,EVIL;FINN;RUNN,EVIL;FINN;RUNN
02,03,0x081d8300,0x081e8300,0x1b8c4224,7,,,,EVIL;FINN;RUNN,EVIL;FINN;RUNN
02,03,0x09ce0610,0x0ace0610,0x01fcc024,15,,,,CSTL;FOOD;SEVN;TMPL,CSTL;FOOD;SEVN;TMPL
02,03,0x0ace0610,0x0cce0610,0x019cc024,16,,,,CSTL;FOOD;SEVN;TMPL,CSTL;FOOD;SEVN;TMPL
02,03,0x0b0811bb,0x0b081dbb,0x791eb5c4,1,,,,HEAD,HEAD
02,03,0x10b85810,0x10b9d810,0x0f071027,6,,,,FINN,FINN
02,03,0x10b85810,0x10bb5810,0x0f372027,7,,,,FINN,FINN
02,03,0x10b91810,0x10b9181c,0x8f3f00a7,25,,,,FINN,FINN
02,03,0x10b91810,0x10b97810,0x0f3b0427,4,,,,FINN,FINN
02,03,0x10b91810,0x10b9d810,0x0f370827,5,,,,FINN,FINN
02,03,0x10b9181c,0x10b9781c,0x0f3b05a7,4,,,,FINN,FINN
02,03,0x10b9181c,0x10b9d81c,0x0f3709a7,5,,,,FINN,FINN
02,03,0x10b94810,0x10b9481c,0x8f3500a7,25,,,,FINN,FINN
02,03,0x10b94810,0x10b95010,0x0f340127,2,,,,FINN,FINN
02,03,0x10b94810,0x10b97810,0x0f370227,3,,,,FINN,FINN
02,03,0x10b9481c,0x10b9501c,0x0f3400a7,2,,,,FINN,FINN
02,03,0x10b9481c,0x10b9781c,0x0f3703a7,3,,,,FINN,FINN
02,03,0x10b95010,0x10b9501c,0x8f3600a7,25,,,,FINN,FINN
02,03,0x10b95010,0x10b95c10,0x0f3680a7,1,,,,FINN,FINN
02,03,0x10b9501c,0x10b95c1c,0x0f368127,1,,,,FINN,FINN
02,03,0x10b95a10,0x10b95a1c,0x8f3740a7,25,,,,FINN,FINN
02,03,0x10b95a10,0x10b95c10,0x0f370067,0,,,,FINN,FINN
02,03,0x10b95a1c,0x10b95c1c,0x0f3701e7,0,,,,FINN,FINN
02,03,0x10b95c10,0x10b95c1c,0x8f3780a7,25,,,,FINN,FINN
02,03,0x10b97810,0x10b9781c,0x8f3300a7,25,,,,FINN,FINN
02,03,0x10b9d810,0x10b9d81c,0x8f2700a7,25,,,,FINN,FINN
02,03,0x18ce0610,0x28ce0610,0x03dcc024,19,,,,CSTL;FOOD;SEVN;TMPL,CSTL;FOOD;SEVN;TMPL
02,03,0x18e88310,0x18e88510,0x050c2066,0,,,,GLEN,GLEN
02,03,0x18e88510,0x18e88910,0x050c20a6,1,,,,GLEN,GLEN
02,03,0x1df99931,0x1ef99931,0x870f2406,15,,,,BOIL;BRG1;CAVE;CLOU;CRYS;CSTL;EGGS;EVIL;FOOD;GLID;HEAD;MEGA;MOSS;PHRO;SCIE;SEVN;SNOW;SOAR;TMPL;WEED;WIZZ,BOIL;BRG1;CAVE;CLOU;CRYS;CSTL;EGGS;EVIL;FOOD;GLID;HEAD;MEGA;MOSS;PHRO;SCIE;SEVN;SNOW;SOAR;TMPL;WEED;WIZZ
02,03,0x28a0c119,0x30a0c119,0x0d042101,18,,,,MENU,MENU
02,03,0x2a6e0410,0x326e0410,0x54dc8021,18,,,,EGGS,FOOD;TMPL
02,03,0x2e809804,0x2e811804,0xc81f12a0,6,,,,KLOG,KLOG
02,03,0x2e809804,0x2e839804,0xc82f22a0,7,,,,KLOG,KLOG
02,03,0x302010c4,0x302016c4,0x1c1e5ae3,0,,,,,
02,03,0x3080820d,0x3080840d,0x080c03c3,0,,,,MENU,MENU
02,03,0x3080820d,0x30808e0d,0x080cc303,1,,,,MENU,MENU
02,03,0x3a186940,0x3a186980,0x5b11222a,29,,,,CAVE;EGGS;GLID;WEED,CAVE;EGGS;GLID;WEED
02,03,0x400c989d,0x400c991d,0x198f019d,30,,,,BOIL;BRG1;CRYS;MOSS;SCIE;SNOW;SOAR;TMPL,BOIL;BRG1;CRYS;MOSS;SCIE;SNOW;SOAR;TMPL
02,03,0x400c991d,0x400c9a1d,0x198f01ad,31,,,,BOIL;BRG1;CRYS;MOSS;SCIE;SNOW;SOAR;TMPL,PHRO;SCIE
02,03,0x40106054,0x4c106054,0x9a9008ad,17,,,,MEGA,MEGA
02,03,0x407801d0,0x407801dc,0x971c38ad,25,,,,GLEN,GLEN
02,03,0x408a1c10,0x408a2c10,0x095d822d,3,,,,CAVE,FOOD
02,03,0x408a1c10,0x40ea1c10,0x0d5b802d,12,,,,CAVE,CLOU
02,03,0x408a2c10,0x40ea2c10,0x0d5d802d,12,,,,FOOD,WEED
02,03,0x40b18011,0x40b28011,0x0e0c200d,7,,,,MENU,MENU
02,03,0x40b28011,0x40b48011,0x0e0c400d,8,,,,MENU,MENU
02,03,0x40c21c10,0x40c22c10,0x005d822d,3,,,,BRG1,SCIE
02,03,0x40c21c10,0x40da1c10,0x015e802d,10,,,,BRG1,FINN
02,03,0x40c22c10,0x40da2c10,0x0158802d,10,,,,SCIE,EGGS
02,03,0x40da1c10,0x40da2c10,0x035d822d,3,,,,FINN,EGGS
02,03,0x40da1c10,0x40ea1c10,0x015d802d,11,,,,FINN,CLOU
02,03,0x40da2c10,0x40ea2c10,0x015b802d,11,,,,EGGS,WEED
02,03,0x40ea1c10,0x40ea2c10,0x055d822d,3,,,,CLOU,WEED
02,03,0x410800f9,0x410818f9,0x391d1c0d,2,,,,FOOD;TMPL,FOOD;TMPL
02,03,0x41ca1c10,0x42ca1c10,0x017f802d,15,,,,CRYS,CLOU
02,03,0x42ca1c10,0x44ca1c10,0x011f802d,16,,,,CLOU,TMPL
02,03,0x44ca1c10,0x48ca1c10,0x01df802d,17,,,,TMPL,CAVE;CRYS
02,03,0x46269090,0x5e269090,0xddce102c,18,,,,WIZZ,MENU
02,03,0x462c6040,0x46346040,0xdc910a2d,10,,,,BOIL;CAVE;CRYS;CSTL;EGGS;GLID;MOSS;SEVN;SNOW;WEED,BOIL;CAVE;CRYS;CSTL;EGGS;GLID;MOSS;SEVN;SNOW;WEED
02,03,0x46346040,0x46386040,0xde108a2d,9,,,,BOIL;CAVE;CRYS;CSTL;EGGS;GLID;MOSS;SEVN;SNOW;WEED,BOIL;CAVE;CRYS;CSTL;EGGS;GLID;MOSS;SEVN;SNOW;WEED
02,03,0x46386040,0x463e6040,0xdf504a2d,8,,,,BOIL;CAVE;CRYS;CSTL;EGGS;GLID;MOSS;SEVN;SNOW;WEED,BOIL;CAVE;CRYS;CSTL;EGGS;GLID;MOSS;SEVN;SNOW;WEED
02,03,0x48209640,0x49a09640,0x0c1eca2c,14,,,,,
02,03,0x492c8430,0x512c8430,0x3c8c842d,18,,,,WIZZ,BOIL;BRG1;CAVE;CLOU;CRYS;CSTL;EGGS;EVIL;FOOD;GLID;HEAD;MEGA;MOSS;PHRO;SCIE;SEVN;SNOW;SOAR;TMPL;WEED;WIZZ
02,03,0x49609640,0x49a09640,0x3c06ca2c,13,,,,,
02,03,0x4a3ea110,0x523ea110,0x5ec8202d,18,,Menu door opens to reveal monkey animation,,MENU,EGGS
02,03,0x4a4ec094,0x524ec094,0x50c410ad,18,,,,GLEN,BOIL;BRG1;CAVE;CLOU;CRYS;CSTL;EGGS;EVIL;FOOD;GLEN;GLID;HEAD;MEGA;MOSS;PHRO;RUNN;SCIE;SEVN;SOAR;TMPL;WEED;WIZZ
02,03,0x4aee0118,0x52ee0118,0x44dc212d,18,,Shriney Guard boss slamming down animation,,MEGA,BOIL;BRG1;CAVE;CLOU;CRYS;CSTL;EGGS;EVIL;FOOD;GLID;HEAD;MEGA;MOSS;PHRO;SCIE;SEVN;SNOW;SOAR;TMPL;WEED;WIZZ
02,03,0x4baf8200,0x53af8200,0x6cec422d,18,,Shriney Guard boss yelling animation,,MEGA,BOIL;BRG1;CAVE;CLOU;CRYS;CSTL;EGGS;EVIL;FOOD;GLID;HEAD;MEGA;MOSS;PHRO;SCIE;SEVN;SNOW;SOAR;TMPL;WEED;WIZZ
02,03,0x4c02d240,0x4c62d240,0x9c424a2c,12,,,,,
02,03,0x4c2a8850,0x542a8850,0x9c4d082d,18,,,,WIZZ,BOIL;BRG1;CAVE;CLOU;CRYS;CSTL;EGGS;EVIL;FOOD;GLID;HEAD;MEGA;MOSS;PHRO;SCIE;SEVN;SNOW;SOAR;TMPL;WEED;WIZZ
02,03,0x4c62d240,0x4ca2d240,0x9c4e4a2c,13,,,,,
02,03,0x51200640,0x61200640,0x3e1cca2d,19,,,,,
02,03,0x512c8430,0x612c8430,0x3f8c842d,19,,,,BOIL;BRG1;CAVE;CLOU;CRYS;CSTL;EGGS;EVIL;FOOD;GLID;HEAD;MEGA;MOSS;PHRO;SCIE;SEVN;SNOW;SOAR;TMPL;WEED;WIZZ,FOOD;SNOW
02,03,0x52ee0118,0x62ee0118,0x47dc212d,19,,,,BOIL;BRG1;CAVE;CLOU;CRYS;CSTL;EGGS;EVIL;FOOD;GLID;HEAD;MEGA;MOSS;PHRO;SCIE;SEVN;SNOW;SOAR;TMPL;WEED;WIZZ,BRG1
02,03,0x53af8200,0x63af8200,0x6fec422d,19,,,,BOIL;BRG1;CAVE;CLOU;CRYS;CSTL;EGGS;EVIL;FOOD;GLID;HEAD;MEGA;MOSS;PHRO;SCIE;SEVN;SNOW;SOAR;TMPL;WEED;WIZZ,FOOD;SNOW
02,03,0x5a89815f,0x5ab9815f,0x4b2e29ce,11,,,,BOIL;BRG1;CLOU;CRYS;CSTL;EVIL;FOOD;MOSS;PHRO;SCIE;SNOW;SOAR;TMPL,BOIL;BRG1;CLOU;CRYS;CSTL;EVIL;FOOD;MOSS;PHRO;SCIE;SNOW;SOAR;TMPL
02,03,0x5ab9815f,0x5ad9815f,0x4b2829ce,12,,,,BOIL;BRG1;CLOU;CRYS;CSTL;EVIL;FOOD;MOSS;PHRO;SCIE;SNOW;SOAR;TMPL,BOIL;BRG1;CLOU;CRYS;CSTL;EVIL;FOOD;MOSS;PHRO;SCIE;SNOW;SOAR;TMPL
02,03,0x60181a0c,0x61981a0c,0x0b0f43a9,14,,,Plain monkey enemy,PHRO;SCIE,BOIL;BRG1;CRYS;MOSS;SCIE;SNOW;SOAR;TMPL
02,03,0x60a91c9c,0x60aa1c9c,0x0d1fb1a9,7,,,,BRG1,BRG1
02,03,0x60b98cbd,0x60b9bcbd,0x0f2f9789,3,,,,BRG1;PHRO;TMPL,BRG1
02,03,0x61581a0c,0x61981a0c,0x3b1743a9,13,,,Plain monkey enemy,BOIL;BRG1;CRYS;MOSS;SCIE;SNOW;SOAR;TMPL,BOIL;BRG1;CRYS;MOSS;SCIE;SNOW;SOAR;TMPL
02,03,0x620ec210,0x7a0ec210,0x58c44028,18,,,,BOIL;BRG1;CAVE;CLOU;CRYS;CSTL;EGGS;EVIL;FOOD;GLID;MOSS;PHRO;SCIE;SNOW;TMPL;WEED,EGGS
02,03,0x62318245,0x7a318245,0x5f2c4a88,18,,,,,
02,03,0x6a351094,0x6c351094,0x1efe10a8,16,,,,BOIL;BRG1;CAVE;CLOU;CRYS;CSTL;EGGS;EVIL;FINN;FOOD;GLEN;GLID;HEAD;KLOG;MEGA;MENU;MOSS;PHRO;RUNN;SCIE;SEVN;SNOW;SOAR;TMPL;WEED;WIZZ,BOIL;BRG1;CAVE;CLOU;CRYS;CSTL;EGGS;EVIL;FINN;FOOD;GLEN;GLID;HEAD;KLOG;MEGA;MENU;MOSS;PHRO;RUNN;SCIE;SEVN;SNOW;SOAR;TMPL;WEED;WIZZ
02,03,0x6d209c95,0xed209c94,0xac0f9098,22,,,,CSTL,CSTL
02,03,0x70204350,0x70404350,0x1810682b,12,,,,,
02,03,0x7c108242,0x7c108244,0xda0c4a2a,24,,,,,
02,03,0x800da102,0x800da11a,0x19a82374,26,,,,KLOG,KLOG
02,03,0x800da102,0x800da132,0x19a82077,27,,,,KLOG,KLOG
02,03,0x800da116,0x800da11a,0x99a82075,25,,,,KLOG,KLOG
02,03,0x800da132,0x800da152,0x19a82071,28,,,,KLOG,KLOG
02,03,0x81421850,0x82421850,0x107f0835,15,,,,WIZZ,WIZZ
02,03,0xa9387d8c,0xc9387d8c,0x3b13b3b4,20,,,,CLOU,CLOU
02,03,0xb0107444,0xb0d07444,0x121a8ab3,13,,,,,
02,03,0xb0107444,0xb1907444,0x0a028ab3,14,,,,,
02,03,0xb0807444,0xb0b07444,0x0a108ab3,11,,,,,
02,03,0xb0b07444,0xb0d07444,0x0a168ab3,12,,,,,
02,03,0xb1907444,0xb2907444,0x0a328ab3,15,,,,,
02,03,0xb468d0c6,0xb868d0c6,0x15861af3,17,,,,BOIL;BRG1;CAVE;CLOU;CRYS;CSTL;EGGS;EVIL;FOOD;GLEN;GLID;HEAD;MEGA;MOSS;PHRO;RUNN;SCIE;SEVN;SNOW;SOAR;TMPL;WEED;WIZZ,BOIL;BRG1;CAVE;CLOU;CRYS;CSTL;EGGS;EVIL;FOOD;GLEN;GLID;HEAD;MEGA;MOSS;PHRO;RUNN;SCIE;SEVN;SNOW;SOAR;TMPL;WEED;WIZZ
02,03,0xb868d0c6,0xbe68d0c6,0x55461af2,16,,,,BOIL;BRG1;CAVE;CLOU;CRYS;CSTL;EGGS;EVIL;FOOD;GLEN;GLID;HEAD;MEGA;MOSS;PHRO;RUNN;SCIE;SEVN;SNOW;SOAR;TMPL;WEED;WIZZ,BOIL;BRG1;CAVE;CLOU;CRYS;CSTL;EGGS;EVIL;FOOD;GLEN;GLID;HEAD;MEGA;MOSS;PHRO;RUNN;SCIE;SEVN;SNOW;SOAR;TMPL;WEED;WIZZ
02,03,0xc8648260,0xc864b260,0x148e4c3c,3,,,,,
02,03,0xc864b260,0xc864d260,0x148e4a3c,4,,,,,
02,03,0xe00e989d,0xe00e991d,0x19cf0189,30,,,,BOIL;BRG1;CRYS;MOSS;SCIE;SNOW;SOAR;TMPL,BOIL;BRG1;CRYS;MOSS;SCIE;SNOW;SOAR;TMPL
02,03,0xf03391e9,0xf033a1e9,0x1e6c3d1b,3,,,,,
03,04,0x006e0046,0x00ae0046,0x1dd80ae5,12,,,,,
03,04,0x00ce0610,0x0cce0610,0x819cc025,16,,,,CSTL;FOOD;SEVN;TMPL,CSTL;FOOD;SEVN;TMPL
03,04,0x00ce0610,0x18ce0610,0x015cc024,17,,,,CSTL;FOOD;SEVN;TMPL,CSTL;FOOD;SEVN;TMPL
03,04,0x04041001,0x08041001,0x18de0205,16,,,,,
03,04,0x08041001,0x0e041001,0x58be0204,15,,,,,
03,04,0x080c8300,0x08148300,0x188ce224,9,,,,EVIL,EVIL;FINN;RUNN
03,04,0x08148300,0x08188300,0x1a0c2224,8,,,,EVIL;FINN;RUNN,EVIL;FINN;RUNN
03,04,0x08188300,0x081e8300,0x1b4c4224,7,,,,EVIL;FINN;RUNN,EVIL;FINN;RUNN
03,04,0x081d8300,0x081e8300,0x1b8c7224,6,,,,EVIL;FINN;RUNN,EVIL;FINN;RUNN
03,04,0x09ce0610,0x0ace0610,0x01ccc024,14,,,,CSTL;FOOD;SEVN;TMPL,CSTL;FOOD;SEVN;TMPL
03,04,0x0ace0610,0x0cce0610,0x01fcc024,15,,,,CSTL;FOOD;SEVN;TMPL,CSTL;FOOD;SEVN;TMPL
03,04,0x0b0811bb,0x0b081dbb,0x791eb504,0,,,,HEAD,HEAD
03,04,0x10b85810,0x10b9d810,0x0f070827,5,,,,FINN,FINN
03,04,0x10b85810,0x10bb5810,0x0f371027,6,,,,FINN,FINN
03,04,0x10b91810,0x10b9181c,0x4f3f00a7,24,,,,FINN,FINN
03,04,0x10b91810,0x10b97810,0x0f3b0227,3,,,,FINN,FINN
03,04,0x10b91810,0x10b9d810,0x0f370427,4,,,,FINN,FINN
03,04,0x10b9181c,0x10b9781c,0x0f3b03a7,3,,,,FINN,FINN
03,04,0x10b9181c,0x10b9d81c,0x0f3705a7,4,,,,FINN,FINN
03,04,0x10b94810,0x10b9481c,0x4f3500a7,24,,,,FINN,FINN
03,04,0x10b94810,0x10b95010,0x0f3400a7,1,,,,FINN,FINN
03,04,0x10b94810,0x10b97810,0x0f370127,2,,,,FINN,FINN
03,04,0x10b9481c,0x10b9501c,0x0f340127,1,,,,FINN,FINN
03,04,0x10b9481c,0x10b9781c,0x0f3700a7,2,,,,FINN,FINN
03,04,0x10b95010,0x10b9501c,0x4f3600a7,24,,,,FINN,FINN
03,04,0x10b95010,0x10b95c10,0x0f368067,0,,,,FINN,FINN
03,04,0x10b9501c,0x10b95c1c,0x0f3681e7,0,,,,FINN,FINN
03,04,0x10b95a10,0x10b95a1c,0x4f3740a7,24,,,,FINN,FINN
03,04,0x10b95a10,0x10b95c10,0x0f370007,31,,,,FINN,FINN
03,04,0x10b95a1c,0x10b95c1c,0x0f370187,31,,,,FINN,FINN
03,04,0x10b95c10,0x10b95c1c,0x4f3780a7,24,,,,FINN,FINN
03,04,0x10b97810,0x10b9781c,0x4f3300a7,24,,,,FINN,FINN
03,04,0x10b9d810,0x10b9d81c,0x4f2700a7,24,,,,FINN,FINN
03,04,0x18ce0610,0x28ce0610,0x00dcc024,18,,,,CSTL;FOOD;SEVN;TMPL,CSTL;FOOD;SEVN;TMPL
03,04,0x18e88310,0x18e88510,0x050c2006,31,,,,GLEN,GLEN
03,04,0x18e88510,0x18e88910,0x050c2066,0,,,,GLEN,GLEN
03,04,0x1df99931,0x1ef99931,0x873f2406,14,,,,BOIL;BRG1;CAVE;CLOU;CRYS;CSTL;EGGS;EVIL;FOOD;GLID;HEAD;MEGA;MOSS;PHRO;SCIE;SEVN;SNOW;SOAR;TMPL;WEED;WIZZ,BOIL;BRG1;CAVE;CLOU;CRYS;CSTL;EGGS;EVIL;FOOD;GLID;HEAD;MEGA;MOSS;PHRO;SCIE;SEVN;SNOW;SOAR;TMPL;WEED;WIZZ
03,04,0x28a0c119,0x30a0c119,0x0c842101,17,,,,MENU,MENU
03,04,0x2a6e0410,0x326e0410,0x555c8021,17,,,,EGGS,FOOD;TMPL
03,04,0x2e809804,0x2e811804,0xc81f0aa0,5,,,,KLOG,KLOG
03,04,0x2e809804,0x2e839804,0xc82f12a0,6,,,,KLOG,KLOG
03,04,0x302010c4,0x302016c4,0x1c1e5a83,31,,,,,
03,04,0x3080820d,0x3080840d,0x080c03a3,31,,,,MENU,MENU
03,04,0x3080820d,0x30808e0d,0x080cc3c3,0,,,,MENU,MENU
03,04,0x3a186940,0x3a186980,0x5b112226,28,,,,CAVE;EGGS;GLID;WEED,CAVE;EGGS;GLID;WEED
03,04,0x400c989d,0x400c991d,0x198f0185,29,,,,BOIL;BRG1;CRYS;MOSS;SCIE;SNOW;SOAR;TMPL,BOIL;BRG1;CRYS;MOSS;SCIE;SNOW;SOAR;TMPL
03,04,0x400c991d,0x400c9a1d,0x198f019d,30,,,,BOIL;BRG1;CRYS;MOSS;SCIE;SNOW;SOAR;TMPL,PHRO;SCIE
03,04,0x40106054,0x4c106054,0x9a5008ad,16,,,,MEGA,MEGA
03,04,0x407801d0,0x407801dc,0x571c38ad,24,,,,GLEN,GLEN
03,04,0x408a1c10,0x408a2c10,0x095d812d,2,,,,CAVE,FOOD
03,04,0x408a1c10,0x40ea1c10,0x0d5d802d,11,,,,CAVE,CLOU
03,04,0x408a2c10,0x40ea2c10,0x0d5b802d,11,,,,FOOD,WEED
03,04,0x40b18011,0x40b28011,0x0e0c100d,6,,,,MENU,MENU
03,04,0x40b28011,0x40b48011,0x0e0c200d,7,,,,MENU,MENU
03,04,0x40c21c10,0x40c22c10,0x005d812d,2,,,,BRG1,SCIE
03,04,0x40c21c10,0x40da1c10,0x015f002d,9,,,,BRG1,FINN
03,04,0x40c22c10,0x40da2c10,0x0159002d,9,,,,SCIE,EGGS
03,04,0x40da1c10,0x40da2c10,0x035d812d,2,,,,FINN,EGGS
03,04,0x40da1c10,0x40ea1c10,0x015e802d,10,,,,FINN,CLOU
03,04,0x40da2c10,0x40ea2c10,0x0158802d,10,,,,EGGS,WEED
03,04,0x40ea1c10,0x40ea2c10,0x055d812d,2,,,,CLOU,WEED
03,04,0x410800f9,0x410818f9,0x391d1d8d,1,,,,FOOD;TMPL,FOOD;TMPL
03,04,0x41ca1c10,0x42ca1c10,0x014f802d,14,,,,CRYS,CLOU
03,04,0x42ca1c10,0x44ca1c10,0x017f802d,15,,,,CLOU,TMPL
03,04,0x44ca1c10,0x48ca1c10,0x011f802d,16,,,,TMPL,CAVE;CRYS
03,04,0x46269090,0x5e269090,0xdc4e102c,17,,,,WIZZ,MENU
03,04,0x462c6040,0x46346040,0xdc908a2d,9,,,,BOIL;CAVE;CRYS;CSTL;EGGS;GLID;MOSS;SEVN;SNOW;WEED,BOIL;CAVE;CRYS;CSTL;EGGS;GLID;MOSS;SEVN;SNOW;WEED
03,04,0x46346040,0x46386040,0xde104a2d,8,,,,BOIL;CAVE;CRYS;CSTL;EGGS;GLID;MOSS;SEVN;SNOW;WEED,BOIL;CAVE;CRYS;CSTL;EGGS;GLID;MOSS;SEVN;SNOW;WEED
03,04,0x46386040,0x463e6040,0xdf502a2d,7,,,,BOIL;CAVE;CRYS;CSTL;EGGS;GLID;MOSS;SEVN;SNOW;WEED,BOIL;CAVE;CRYS;CSTL;EGGS;GLID;MOSS;SEVN;SNOW;WEED
03,04,0x48209640,0x49a09640,0x0c06ca2c,13,,,,,
03,04,0x492c8430,0x512c8430,0x3d0c842d,17,,,,WIZZ,BOIL;BRG1;CAVE;CLOU;CRYS;CSTL;EGGS;EVIL;FOOD;GLID;HEAD;MEGA;MOSS;PHRO;SCIE;SEVN;SNOW;SOAR;TMPL;WEED;WIZZ
03,04,0x49609640,0x49a09640,0x3c0aca2c,12,,,,,
03,04,0x4a3ea110,0x523ea110,0x5f48202d,17,,Menu door opens to reveal monkey animation,,MENU,EGGS
03,04,0x4a4ec094,0x524ec094,0x514410ad,17,,,,GLEN,BOIL;BRG1;CAVE;CLOU;CRYS;CSTL;EGGS;EVIL;FOOD;GLEN;GLID;HEAD;MEGA;MOSS;PHRO;RUNN;SCIE;SEVN;SOAR;TMPL;WEED;WIZZ
03,04,0x4aee0118,0x52ee0118,0x455c212d,17,,Shriney Guard boss slamming down animation,,MEGA,BOIL;BRG1;CAVE;CLOU;CRYS;CSTL;EGGS;EVIL;FOOD;GLID;HEAD;MEGA;MOSS;PHRO;SCIE;SEVN;SNOW;SOAR;TMPL;WEED;WIZZ
03,04,0x4baf8200,0x53af8200,0x6d6c422d,17,,Shriney Guard boss yelling animation,,MEGA,BOIL;BRG1;CAVE;CLOU;CRYS;CSTL;EGGS;EVIL;FOOD;GLID;HEAD;MEGA;MOSS;PHRO;SCIE;SEVN;SNOW;SOAR;TMPL;WEED;WIZZ
03,04,0x4c02d240,0x4c62d240,0x9c444a2c,11,,,,,
03,04,0x4c2a8850,0x542a8850,0x9dcd082d,17,,,,WIZZ,BOIL;BRG1;CAVE;CLOU;CRYS;CSTL;EGGS;EVIL;FOOD;GLID;HEAD;MEGA;MOSS;PHRO;SCIE;SEVN;SNOW;SOAR;TMPL;WEED;WIZZ
03,04,0x4c62d240,0x4ca2d240,0x9c424a2c,12,,,,,
03,04,0x51200640,0x61200640,0x3d1cca2d,18,,,,,
03,04,0x512c8430,0x612c8430,0x3c8c842d,18,,,,BOIL;BRG1;CAVE;CLOU;CRYS;CSTL;EGGS;EVIL;FOOD;GLID;HEAD;MEGA;MOSS;PHRO;SCIE;SEVN;SNOW;SOAR;TMPL;WEED;WIZZ,FOOD;SNOW
03,04,0x52ee0118,0x62ee0118,0x44dc212d,18,,,,BOIL;BRG1;CAVE;CLOU;CRYS;CSTL;EGGS;EVIL;FOOD;GLID;HEAD;MEGA;MOSS;PHRO;SCIE;SEVN;SNOW;SOAR;TMPL;WEED;WIZZ,BRG1
03,04,0x53af8200,0x63af8200,0x6cec422d,18,,,,BOIL;BRG1;CAVE;CLOU;CRYS;CSTL;EGGS;EVIL;FOOD;GLID;HEAD;MEGA;MOSS;PHRO;SCIE;SEVN;SNOW;SOAR;TMPL;WEED;WIZZ,FOOD;SNOW
03,04,0x5a89815f,0x5ab9815f,0x4b2d29ce,10,,,,BOIL;BRG1;CLOU;CRYS;CSTL;EVIL;FOOD;MOSS;PHRO;SCIE;SNOW;SOAR;TMPL,BOIL;BRG1;CLOU;CRYS;CSTL;EVIL;FOOD;MOSS;PHRO;SCIE;SNOW;SOAR;TMPL
03,04,0x5ab9815f,0x5ad9815f,0x4b2e29ce,11,,,,BOIL;BRG1;CLOU;CRYS;CSTL;EVIL;FOOD;MOSS;PHRO;SCIE;SNOW;SOAR;TMPL,BOIL;BRG1;CLOU;CRYS;CSTL;EVIL;FOOD;MOSS;PHRO;SCIE;SNOW;SOAR;TMPL
03,04,0x60181a0c,0x61981a0c,0x0b1743a9,13,,,Plain monkey enemy,PHRO;SCIE,BOIL;BRG1;CRYS;MOSS;SCIE;SNOW;SOAR;TMPL
03,04,0x60a91c9c,0x60aa1c9c,0x0d1f81a9,6,,,,BRG1,BRG1
03,04,0x60b98cbd,0x60b9bcbd,0x0f2f9489,2,,,,BRG1;PHRO;TMPL,BRG1
03,04,0x61581a0c,0x61981a0c,0x3b1b43a9,12,,,Plain monkey enemy,BOIL;BRG1;CRYS;MOSS;SCIE;SNOW;SOAR;TMPL,BOIL;BRG1;CRYS;MOSS;SCIE;SNOW;SOAR;TMPL
03,04,0x620ec210,0x7a0ec210,0x59444028,17,,,,BOIL;BRG1;CAVE;CLOU;CRYS;CSTL;EGGS;EVIL;FOOD;GLID;MOSS;PHRO;SCIE;SNOW;TMPL;WEED,EGGS
03,04,0x62318245,0x7a318245,0x5eac4a88,17,,,,,
03,04,0x6a351094,0x6c351094,0x1e9e10a8,15,,,,BOIL;BRG1;CAVE;CLOU;CRYS;CSTL;EGGS;EVIL;FINN;FOOD;GLEN;GLID;HEAD;KLOG;MEGA;MENU;MOSS;PHRO;RUNN;SCIE;SEVN;SNOW;SOAR;TMPL;WEED;WIZZ,BOIL;BRG1;CAVE;CLOU;CRYS;CSTL;EGGS;EVIL;FINN;FOOD;GLEN;GLID;HEAD;KLOG;MEGA;MENU;MOSS;PHRO;RUNN;SCIE;SEVN;SNOW;SOAR;TMPL;WEED;WIZZ
03,04,0x6d209c95,0xed209c94,0xb40f9098,21,,,,CSTL,CSTL
03,04,0x70204350,0x70404350,0x1816682b,11,,,,,
03,04,0x7c108242,0x7c108244,0xba0c4a2a,23,,,,,
03,04,0x800da102,0x800da11a,0x99a82375,25,,,,KLOG,KLOG
03,04,0x800da102,0x800da132,0x19a82074,26,,,,KLOG,KLOG
03,04,0x800da116,0x800da11a,0x59a82075,24,,,,KLOG,KLOG
03,04,0x800da132,0x800da152,0x19a82077,27,,,,KLOG,KLOG
03,04,0x81421850,0x82421850,0x104f0835,14,,,,WIZZ,WIZZ
03,04,0xa9387d8c,0xc9387d8c,0x3d13b3b4,19,,,,CLOU,CLOU
03,04,0xb0107444,0xb0d07444,0x12168ab3,12,,,,,
03,04,0xb0107444,0xb1907444,0x0a1a8ab3,13,,,,,
03,04,0xb0807444,0xb0b07444,0x0a138ab3,10,,,,,
03,04,0xb0b07444,0xb0d07444,0x0a108ab3,11,,,,,
03,04,0xb1907444,0xb2907444,0x0a028ab3,14,,,,,
03,04,0xb468d0c6,0xb868d0c6,0x15461af3,16,,,,BOIL;BRG1;CAVE;CLOU;CRYS;CSTL;EGGS;EVIL;FOOD;GLEN;GLID;HEAD;MEGA;MOSS;PHRO;RUNN;SCIE;SEVN;SNOW;SOAR;TMPL;WEED;WIZZ,BOIL;BRG1;CAVE;CLOU;CRYS;CSTL;EGGS;EVIL;FOOD;GLEN;GLID;HEAD;MEGA;MOSS;PHRO;RUNN;SCIE;SEVN;SNOW;SOAR;TMPL;WEED;WIZZ
03,04,0xb868d0c6,0xbe68d0c6,0x55261af2,15,,,,BOIL;BRG1;CAVE;CLOU;CRYS;CSTL;EGGS;EVIL;FOOD;GLEN;GLID;HEAD;MEGA;MOSS;PHRO;RUNN;SCIE;SEVN;SNOW;SOAR;TMPL;WEED;WIZZ,BOIL;BRG1;CAVE;CLOU;CRYS;CSTL;EGGS;EVIL;FOOD;GLEN;GLID;HEAD;MEGA;MOSS;PHRO;RUNN;SCIE;SEVN;SNOW;SOAR;TMPL;WEED;WIZZ
03,04,0xc8648260,0xc864b260,0x148e4f3c,2,,,,,
03,04,0xc864b260,0xc864d260,0x148e4c3c,3,,,,,
03,04,0xe00e989d,0xe00e991d,0x19cf0191,29,,,,BOIL;BRG1;CRYS;MOSS;SCIE;SNOW;SOAR;TMPL,BOIL;BRG1;CRYS;MOSS;SCIE;SNOW;SOAR;TMPL
03,04,0xf03391e9,0xf033a1e9,0x1e6c3e1b,2,,,,,
1,2,0x006e0046,0x00ae0046,0x1ddc0ae5,20,,,,,
1,2,0x00ce0610,0x0cce0610,0x81dcc025,24,,,,CSTL;FOOD;SEVN;TMPL,CSTL;FOOD;SEVN;TMPL
1,2,0x00ce0610,0x18ce0610,0x01dcc024,25,,,,CSTL;FOOD;SEVN;TMPL,CSTL;FOOD;SEVN;TMPL
1,3,0x00ce0610,0x0ace0610,0x41dcc025,23,,,,CSTL;FOOD;SEVN;TMPL,CSTL;FOOD;SEVN;TMPL
1,3,0x00ce0610,0x28ce0610,0x01dcc024,25,,,,CSTL;FOOD;SEVN;TMPL,CSTL;FOOD;SEVN;TMPL
1,2,0x04041001,0x08041001,0x189e0205,24,,,,,
1,3,0x04041001,0x0e041001,0xd89e0205,23,,,,,
1,2,0x08041001,0x0e041001,0x589e0204,23,,,,,
1,2,0x080c8300,0x08148300,0x188c6224,17,,,,EVIL,EVIL;FINN;RUNN
1,3,0x080c8300,0x08188300,0x190c6224,16,,,,EVIL,EVIL;FINN;RUNN
1,3,0x080c8300,0x085c8300,0x1b8c6224,18,,,,EVIL,FINN
1,2,0x08148300,0x08188300,0x1a0c6224,16,,,,EVIL;FINN;RUNN,EVIL;FINN;RUNN
1,3,0x08148300,0x081e8300,0x1acc6224,15,,,,EVIL;FINN;RUNN,EVIL;FINN;RUNN
1,2,0x08188300,0x081e8300,0x1b4c6224,15,,,,EVIL;FINN;RUNN,EVIL;FINN;RUNN
1,3,0x08188300,0x081d8300,0x1b2c6224,14,,,,EVIL;FINN;RUNN,EVIL;FINN;RUNN
1,2,0x081d8300,0x081e8300,0x1b8c6224,14,,,,EVIL;FINN;RUNN,EVIL;FINN;RUNN
1,2,0x09ce0610,0x0ace0610,0x01dcc024,22,,,,CSTL;FOOD;SEVN;TMPL,CSTL;FOOD;SEVN;TMPL
1,3,0x09ce0610,0x0cce0610,0x01dcc024,22,,,,CSTL;FOOD;SEVN;TMPL,CSTL;FOOD;SEVN;TMPL
1,2,0x0ace0610,0x0cce0610,0x01dcc024,23,,,,CSTL;FOOD;SEVN;TMPL,CSTL;FOOD;SEVN;TMPL
1,2,0x0b0811bb,0x0b081dbb,0x791eb544,8,,,,HEAD,HEAD
1,3,0x0cce0610,0x18ce0610,0x01dcc024,24,,,,CSTL;FOOD;SEVN;TMPL,CSTL;FOOD;SEVN;TMPL
1,2,0x10b85810,0x10b9d810,0x0f070027,13,,,,FINN,FINN
1,2,0x10b85810,0x10bb5810,0x0f370027,14,,,,FINN,FINN
1,3,0x10b85810,0x10b91810,0x0f1f0027,12,,,,FINN,FINN
1,2,0x10b91810,0x10b9181c,0x0f3f00a7,0,,,,FINN,FINN
1,2,0x10b91810,0x10b97810,0x0f3b0027,11,,,,FINN,FINN
1,2,0x10b91810,0x10b9d810,0x0f370027,12,,,,FINN,FINN
1,3,0x10b91810,0x10b94810,0x0f3d0027,10,,,,FINN,FINN
1,2,0x10b9181c,0x10b9781c,0x0f3b01a7,11,,,,FINN,FINN
1,2,0x10b9181c,0x10b9d81c,0x0f3701a7,12,,,,FINN,FINN
1,3,0x10b9181c,0x10b9481c,0x0f3d01a7,10,,,,FINN,FINN
1,2,0x10b94810,0x10b9481c,0x0f3500a7,0,,,,FINN,FINN
1,2,0x10b94810,0x10b95010,0x0f340027,9,,,,FINN,FINN
1,2,0x10b94810,0x10b97810,0x0f370027,10,,,,FINN,FINN
1,3,0x10b94810,0x10b95c10,0x0f358027,8,,,,FINN,FINN
1,2,0x10b9481c,0x10b9501c,0x0f3401a7,9,,,,FINN,FINN
1,2,0x10b9481c,0x10b9781c,0x0f3701a7,10,,,,FINN,FINN
1,3,0x10b9481c,0x10b95c1c,0x0f3581a7,8,,,,FINN,FINN
1,2,0x10b95010,0x10b9501c,0x0f3600a7,0,,,,FINN,FINN
1,2,0x10b95010,0x10b95c10,0x0f368027,8,,,,FINN,FINN
1,3,0x10b95010,0x10b95a10,0x0f364027,7,,,,FINN,FINN
1,3,0x10b95010,0x10b97810,0x0f370027,9,,,,FINN,FINN
1,2,0x10b9501c,0x10b95c1c,0x0f3681a7,8,,,,FINN,FINN
1,3,0x10b9501c,0x10b95a1c,0x0f3641a7,7,,,,FINN,FINN
1,3,0x10b9501c,0x10b9781c,0x0f3701a7,9,,,,FINN,FINN
1,2,0x10b95a10,0x10b95a1c,0x0f3740a7,0,,,,FINN,FINN
1,2,0x10b95a10,0x10b95c10,0x0f370027,7,,,,FINN,FINN
1,2,0x10b95a1c,0x10b95c1c,0x0f3701a7,7,,,,FINN,FINN
1,2,0x10b95c10,0x10b95c1c,0x0f3780a7,0,,,,FINN,FINN
1,2,0x10b97810,0x10b9781c,0x0f3300a7,0,,,,FINN,FINN
1,3,0x10b97810,0x10b9d810,0x0f370027,11,,,,FINN,FINN
1,3,0x10b9781c,0x10b9d81c,0x0f3701a7,11,,,,FINN,FINN
1,2,0x10b9d810,0x10b9d81c,0x0f2700a7,0,,,,FINN,FINN
1,3,0x10b9d810,0x10bb5810,0x0f370027,13,,,,FINN,FINN
1,2,0x18ce0610,0x28ce0610,0x01dcc024,26,,,,CSTL;FOOD;SEVN;TMPL,CSTL;FOOD;SEVN;TMPL
1,2,0x18e88310,0x18e88510,0x050c2026,7,,,,GLEN,GLEN
1,3,0x18e88310,0x18e88910,0x050c2026,7,,,,GLEN,GLEN
1,2,0x18e88510,0x18e88910,0x050c2026,8,,,,GLEN,GLEN
1,2,0x1df99931,0x1ef99931,0x872f2406,22,,,,BOIL;BRG1;CAVE;CLOU;CRYS;CSTL;EGGS;EVIL;FOOD;GLID;HEAD;MEGA;MOSS;PHRO;SCIE;SEVN;SNOW;SOAR;TMPL;WEED;WIZZ,BOIL;BRG1;CAVE;CLOU;CRYS;CSTL;EGGS;EVIL;FOOD;GLID;HEAD;MEGA;MOSS;PHRO;SCIE;SEVN;SNOW;SOAR;TMPL;WEED;WIZZ
1,2,0x28a0c119,0x30a0c119,0x0c042101,25,,,,MENU,MENU
1,2,0x2a6e0410,0x326e0410,0x55dc8021,25,,,,EGGS,FOOD;TMPL
1,2,0x2e809804,0x2e811804,0xc81f02a0,13,,,,KLOG,KLOG
1,2,0x2e809804,0x2e839804,0xc82f02a0,14,,,,KLOG,KLOG
1,3,0x2e811804,0x2e839804,0xc82f02a0,13,,,,KLOG,KLOG
1,2,0x302010c4,0x302016c4,0x1c1e5aa3,7,,,,,
1,2,0x3080820d,0x3080840d,0x080c0383,7,,,,MENU,MENU
1,2,0x3080820d,0x30808e0d,0x080cc383,8,,,,MENU,MENU
1,3,0x3080840d,0x30808e0d,0x080cc383,7,,,,MENU,MENU
1,2,0x3a186940,0x3a186980,0x5b112222,4,,,,CAVE;EGGS;GLID;WEED,CAVE;EGGS;GLID;WEED
1,2,0x400c989d,0x400c991d,0x198f018d,5,,,,BOIL;BRG1;CRYS;MOSS;SCIE;SNOW;SOAR;TMPL,BOIL;BRG1;CRYS;MOSS;SCIE;SNOW;SOAR;TMPL
1,3,0x400c989d,0x400c9a1d,0x198f018d,5,,,,BOIL;BRG1;CRYS;MOSS;SCIE;SNOW;SOAR;TMPL,PHRO;SCIE
1,2,0x400c991d,0x400c9a1d,0x198f018d,6,,,,BOIL;BRG1;CRYS;MOSS;SCIE;SNOW;SOAR;TMPL,PHRO;SCIE
1,3,0x400c9a1d,0x40189a1d,0x190f418d,16,,,,PHRO;SCIE,BOIL;BRG1;CRYS;MOSS;SCIE;SNOW;SOAR;TMPL
1,2,0x40106054,0x4c106054,0x9a1008ad,24,,,,MEGA,MEGA
1,2,0x407801d0,0x407801dc,0x171c38ad,0,,,,GLEN,GLEN
1,2,0x408a1c10,0x408a2c10,0x095d802d,10,,,,CAVE,FOOD
1,2,0x408a1c10,0x40ea1c10,0x0d5f802d,19,,,,CAVE,CLOU
1,3,0x408a1c10,0x40da1c10,0x0b5f802d,18,,,,CAVE,FINN
1,3,0x408a1c10,0x41ca1c10,0x015f802d,20,,,,CAVE,CRYS
1,2,0x408a2c10,0x40ea2c10,0x0d59802d,19,,,,FOOD,WEED
1,3,0x408a2c10,0x40da2c10,0x0b59802d,18,,,,FOOD,EGGS
1,2,0x40b18011,0x40b28011,0x0e0c000d,14,,,,MENU,MENU
1,3,0x40b18011,0x40b48011,0x0e0c000d,14,,,,MENU,MENU
1,2,0x40b28011,0x40b48011,0x0e0c000d,15,,,,MENU,MENU
1,2,0x40c21c10,0x40c22c10,0x005d802d,10,,,,BRG1,SCIE
1,2,0x40c21c10,0x40da1c10,0x015f802d,17,,,,BRG1,FINN
1,3,0x40c21c10,0x40ea1c10,0x015f802d,17,,,,BRG1,CLOU
1,2,0x40c22c10,0x40da2c10,0x0159802d,17,,,,SCIE,EGGS
1,3,0x40c22c10,0x40ea2c10,0x0159802d,17,,,,SCIE,WEED
1,2,0x40da1c10,0x40da2c10,0x035d802d,10,,,,FINN,EGGS
1,2,0x40da1c10,0x40ea1c10,0x015f802d,18,,,,FINN,CLOU
1,2,0x40da2c10,0x40ea2c10,0x0159802d,18,,,,EGGS,WEED
1,2,0x40ea1c10,0x40ea2c10,0x055d802d,10,,,,CLOU,WEED
1,2,0x410800f9,0x410818f9,0x391d1d0d,9,,,,FOOD;TMPL,FOOD;TMPL
1,2,0x41ca1c10,0x42ca1c10,0x015f802d,22,,,,CRYS,CLOU
1,3,0x41ca1c10,0x44ca1c10,0x015f802d,22,,,,CRYS,TMPL
1,2,0x42ca1c10,0x44ca1c10,0x015f802d,23,,,,CLOU,TMPL
1,3,0x42ca1c10,0x48ca1c10,0x015f802d,23,,,,CLOU,CAVE;CRYS
1,2,0x44ca1c10,0x48ca1c10,0x015f802d,24,,,,TMPL,CAVE;CRYS
1,2,0x46269090,0x5e269090,0xdcce102c,25,,,,WIZZ,MENU
1,2,0x462c6040,0x46346040,0xdc900a2d,17,,,,BOIL;CAVE;CRYS;CSTL;EGGS;GLID;MOSS;SEVN;SNOW;WEED,BOIL;CAVE;CRYS;CSTL;EGGS;GLID;MOSS;SEVN;SNOW;WEED
1,3,0x462c6040,0x46386040,0xdd100a2d,16,,,,BOIL;CAVE;CRYS;CSTL;EGGS;GLID;MOSS;SEVN;SNOW;WEED,BOIL;CAVE;CRYS;CSTL;EGGS;GLID;MOSS;SEVN;SNOW;WEED
1,2,0x46346040,0x46386040,0xde100a2d,16,,,,BOIL;CAVE;CRYS;CSTL;EGGS;GLID;MOSS;SEVN;SNOW;WEED,BOIL;CAVE;CRYS;CSTL;EGGS;GLID;MOSS;SEVN;SNOW;WEED
1,3,0x46346040,0x463e6040,0xded00a2d,15,,,,BOIL;CAVE;CRYS;CSTL;EGGS;GLID;MOSS;SEVN;SNOW;WEED,BOIL;CAVE;CRYS;CSTL;EGGS;GLID;MOSS;SEVN;SNOW;WEED
1,2,0x46386040,0x463e6040,0xdf500a2d,15,,,,BOIL;CAVE;CRYS;CSTL;EGGS;GLID;MOSS;SEVN;SNOW;WEED,BOIL;CAVE;CRYS;CSTL;EGGS;GLID;MOSS;SEVN;SNOW;WEED
1,2,0x48209640,0x49a09640,0x0c0eca2c,21,,,,,
1,3,0x48209640,0x49609640,0x140eca2c,20,,,,,
1,2,0x492c8430,0x512c8430,0x3d8c842d,25,,,,WIZZ,BOIL;BRG1;CAVE;CLOU;CRYS;CSTL;EGGS;EVIL;FOOD;GLID;HEAD;MEGA;MOSS;PHRO;SCIE;SEVN;SNOW;SOAR;TMPL;WEED;WIZZ
1,3,0x492c8430,0x612c8430,0x3d8c842d,25,,,,WIZZ,FOOD;SNOW
1,2,0x49609640,0x49a09640,0x3c0eca2c,20,,,,,
1,2,0x4a3ea110,0x523ea110,0x5fc8202d,25,,Menu door opens to reveal monkey animation,,MENU,EGGS
1,2,0x4a4ec094,0x524ec094,0x51c410ad,25,,,,GLEN,BOIL;BRG1;CAVE;CLOU;CRYS;CSTL;EGGS;EVIL;FOOD;GLEN;GLID;HEAD;MEGA;MOSS;PHRO;RUNN;SCIE;SEVN;SOAR;TMPL;WEED;WIZZ
1,2,0x4aee0118,0x52ee0118,0x45dc212d,25,,Shriney Guard boss slamming down animation,,MEGA,BOIL;BRG1;CAVE;CLOU;CRYS;CSTL;EGGS;EVIL;FOOD;GLID;HEAD;MEGA;MOSS;PHRO;SCIE;SEVN;SNOW;SOAR;TMPL;WEED;WIZZ
1,3,0x4aee0118,0x62ee0118,0x45dc212d,25,,Shriney Guard boss slamming down animation,,MEGA,BRG1
1,2,0x4baf8200,0x53af8200,0x6dec422d,25,,Shriney Guard boss yelling animation,,MEGA,BOIL;BRG1;CAVE;CLOU;CRYS;CSTL;EGGS;EVIL;FOOD;GLID;HEAD;MEGA;MOSS;PHRO;SCIE;SEVN;SNOW;SOAR;TMPL;WEED;WIZZ
1,3,0x4baf8200,0x63af8200,0x6dec422d,25,,Shriney Guard boss yelling animation,,MEGA,FOOD;SNOW
1,2,0x4c02d240,0x4c62d240,0x9c464a2c,19,,,,,
1,3,0x4c02d240,0x4ca2d240,0x9c464a2c,19,,,,,
1,2,0x4c2a8850,0x542a8850,0x9d4d082d,25,,,,WIZZ,BOIL;BRG1;CAVE;CLOU;CRYS;CSTL;EGGS;EVIL;FOOD;GLID;HEAD;MEGA;MOSS;PHRO;SCIE;SEVN;SNOW;SOAR;TMPL;WEED;WIZZ
1,2,0x4c62d240,0x4ca2d240,0x9c464a2c,20,,,,,
1,2,0x51200640,0x61200640,0x3c1cca2d,26,,,,,
1,2,0x512c8430,0x612c8430,0x3d8c842d,26,,,,BOIL;BRG1;CAVE;CLOU;CRYS;CSTL;EGGS;EVIL;FOOD;GLID;HEAD;MEGA;MOSS;PHRO;SCIE;SEVN;SNOW;SOAR;TMPL;WEED;WIZZ,FOOD;SNOW
1,2,0x52ee0118,0x62ee0118,0x45dc212d,26,,,,BOIL;BRG1;CAVE;CLOU;CRYS;CSTL;EGGS;EVIL;FOOD;GLID;HEAD;MEGA;MOSS;PHRO;SCIE;SEVN;SNOW;SOAR;TMPL;WEED;WIZZ,BRG1
1,2,0x53af8200,0x63af8200,0x6dec422d,26,,,,BOIL;BRG1;CAVE;CLOU;CRYS;CSTL;EGGS;EVIL;FOOD;GLID;HEAD;MEGA;MOSS;PHRO;SCIE;SEVN;SNOW;SOAR;TMPL;WEED;WIZZ,FOOD;SNOW
1,2,0x5a89815f,0x5ab9815f,0x4b2c29ce,18,,,,BOIL;BRG1;CLOU;CRYS;CSTL;EVIL;FOOD;MOSS;PHRO;SCIE;SNOW;SOAR;TMPL,BOIL;BRG1;CLOU;CRYS;CSTL;EVIL;FOOD;MOSS;PHRO;SCIE;SNOW;SOAR;TMPL
1,3,0x5a89815f,0x5ad9815f,0x4b2c29ce,18,,,,BOIL;BRG1;CLOU;CRYS;CSTL;EVIL;FOOD;MOSS;PHRO;SCIE;SNOW;SOAR;TMPL,BOIL;BRG1;CLOU;CRYS;CSTL;EVIL;FOOD;MOSS;PHRO;SCIE;SNOW;SOAR;TMPL
1,2,0x5ab9815f,0x5ad9815f,0x4b2c29ce,19,,,,BOIL;BRG1;CLOU;CRYS;CSTL;EVIL;FOOD;MOSS;PHRO;SCIE;SNOW;SOAR;TMPL,BOIL;BRG1;CLOU;CRYS;CSTL;EVIL;FOOD;MOSS;PHRO;SCIE;SNOW;SOAR;TMPL
1,2,0x60181a0c,0x61981a0c,0x0b1f43a9,21,,,Plain monkey enemy,PHRO;SCIE,BOIL;BRG1;CRYS;MOSS;SCIE;SNOW;SOAR;TMPL
1,3,0x60181a0c,0x61581a0c,0x131f43a9,20,,,,PHRO;SCIE,BOIL;BRG1;CRYS;MOSS;SCIE;SNOW;SOAR;TMPL
1,2,0x60a91c9c,0x60aa1c9c,0x0d1f91a9,14,,,,BRG1,BRG1
1,2,0x60b98cbd,0x60b9bcbd,0x0f2f9589,10,,,,BRG1;PHRO;TMPL,BRG1
1,2,0x61581a0c,0x61981a0c,0x3b1f43a9,20,,,Plain monkey enemy,BOIL;BRG1;CRYS;MOSS;SCIE;SNOW;SOAR;TMPL,BOIL;BRG1;CRYS;MOSS;SCIE;SNOW;SOAR;TMPL
1,2,0x620ec210,0x7a0ec210,0x59c44028,25,,,,BOIL;BRG1;CAVE;CLOU;CRYS;CSTL;EGGS;EVIL;FOOD;GLID;MOSS;PHRO;SCIE;SNOW;TMPL;WEED,EGGS
1,2,0x62318245,0x7a318245,0x5e2c4a88,25,,,,,
1,2,0x6a351094,0x6c351094,0x1ebe10a8,23,,,,BOIL;BRG1;CAVE;CLOU;CRYS;CSTL;EGGS;EVIL;FINN;FOOD;GLEN;GLID;HEAD;KLOG;MEGA;MENU;MOSS;PHRO;RUNN;SCIE;SEVN;SNOW;SOAR;TMPL;WEED;WIZZ,BOIL;BRG1;CAVE;CLOU;CRYS;CSTL;EGGS;EVIL;FINN;FOOD;GLEN;GLID;HEAD;KLOG;MEGA;MENU;MOSS;PHRO;RUNN;SCIE;SEVN;SNOW;SOAR;TMPL;WEED;WIZZ
1,2,0x6d209c95,0xed209c94,0xbc0f9098,29,,,,CSTL,CSTL
1,2,0x70204350,0x70404350,0x1814682b,19,,,,,
1,2,0x7c108242,0x7c108244,0x9a0c4a2a,31,,,,,
1,2,0x800da102,0x800da11a,0x19a82375,1,,,,KLOG,KLOG
1,2,0x800da102,0x800da132,0x19a82075,2,,,,KLOG,KLOG
1,3,0x800da102,0x800da116,0x19a822f5,0,,,,KLOG,KLOG
1,3,0x800da102,0x800da152,0x19a82075,2,,,,KLOG,KLOG
1,2,0x800da116,0x800da11a,0x19a82075,0,,,,KLOG,KLOG
1,3,0x800da11a,0x800da132,0x19a82075,1,,,,KLOG,KLOG
1,2,0x800da132,0x800da152,0x19a82075,3,,,,KLOG,KLOG
1,2,0x81421850,0x82421850,0x105f0835,22,,,,WIZZ,WIZZ
1,2,0xa9387d8c,0xc9387d8c,0x3f13b3b4,27,,,,CLOU,CLOU
1,2,0xb0107444,0xb0d07444,0x12128ab3,20,,,,,
1,2,0xb0107444,0xb1907444,0x0a128ab3,21,,,,,
1,3,0xb0107444,0xb0b07444,0x1e128ab3,19,,,,,
1,3,0xb0107444,0xb2907444,0x0a128ab3,21,,,,,
1,2,0xb0807444,0xb0b07444,0x0a128ab3,18,,,,,
1,3,0xb0807444,0xb0d07444,0x0a128ab3,18,,,,,
1,2,0xb0b07444,0xb0d07444,0x0a128ab3,19,,,,,
1,3,0xb0d07444,0xb1907444,0x0a128ab3,20,,,,,
1,2,0xb1907444,0xb2907444,0x0a128ab3,22,,,,,
1,2,0xb468d0c6,0xb868d0c6,0x15061af3,24,,,,BOIL;BRG1;CAVE;CLOU;CRYS;CSTL;EGGS;EVIL;FOOD;GLEN;GLID;HEAD;MEGA;MOSS;PHRO;RUNN;SCIE;SEVN;SNOW;SOAR;TMPL;WEED;WIZZ,BOIL;BRG1;CAVE;CLOU;CRYS;CSTL;EGGS;EVIL;FOOD;GLEN;GLID;HEAD;MEGA;MOSS;PHRO;RUNN;SCIE;SEVN;SNOW;SOAR;TMPL;WEED;WIZZ
1,3,0xb468d0c6,0xbe68d0c6,0xd5061af3,23,,,,BOIL;BRG1;CAVE;CLOU;CRYS;CSTL;EGGS;EVIL;FOOD;GLEN;GLID;HEAD;MEGA;MOSS;PHRO;RUNN;SCIE;SEVN;SNOW;SOAR;TMPL;WEED;WIZZ,BOIL;BRG1;CAVE;CLOU;CRYS;CSTL;EGGS;EVIL;FOOD;GLEN;GLID;HEAD;MEGA;MOSS;PHRO;RUNN;SCIE;SEVN;SNOW;SOAR;TMPL;WEED;WIZZ
1,2,0xb868d0c6,0xbe68d0c6,0x55061af2,23,,,,BOIL;BRG1;CAVE;CLOU;CRYS;CSTL;EGGS;EVIL;FOOD;GLEN;GLID;HEAD;MEGA;MOSS;PHRO;RUNN;SCIE;SEVN;SNOW;SOAR;TMPL;WEED;WIZZ,BOIL;BRG1;CAVE;CLOU;CRYS;CSTL;EGGS;EVIL;FOOD;GLEN;GLID;HEAD;MEGA;MOSS;PHRO;RUNN;SCIE;SEVN;SNOW;SOAR;TMPL;WEED;WIZZ
1,2,0xc8648260,0xc864b260,0x148e4e3c,10,,,,,
1,3,0xc8648260,0xc864d260,0x148e4e3c,10,,,,,
1,2,0xc864b260,0xc864d260,0x148e4e3c,11,,,,,
1,2,0xe00e989d,0xe00e991d,0x19cf0199,5,,,,BOIL;BRG1;CRYS;MOSS;SCIE;SNOW;SOAR;TMPL,BOIL;BRG1;CRYS;MOSS;SCIE;SNOW;SOAR;TMPL
1,2,0xf03391e9,0xf033a1e9,0x1e6c3f1b,10,,,,,
2,3,0x006e0046,0x00ae0046,0x1ddc0ae5,19,,,,,
2,3,0x00ce0610,0x0cce0610,0x81dcc025,23,,,,CSTL;FOOD;SEVN;TMPL,CSTL;FOOD;SEVN;TMPL
2,3,0x00ce0610,0x18ce0610,0x01dcc024,24,,,,CSTL;FOOD;SEVN;TMPL,CSTL;FOOD;SEVN;TMPL
2,3,0x04041001,0x08041001,0x189e0205,23,,,,,
2,3,0x08041001,0x0e041001,0x589e0204,22,,,,,
2,3,0x080c8300,0x08148300,0x188c6224,16,,,,EVIL,EVIL;FINN;RUNN
2,3,0x08148300,0x08188300,0x1a0c6224,15,,,,EVIL;FINN;RUNN,EVIL;FINN;RUNN
2,3,0x08188300,0x081e8300,0x1b4c6224,14,,,,EVIL;FINN;RUNN,EVIL;FINN;RUNN
2,3,0x081d8300,0x081e8300,0x1b8c6224,13,,,,EVIL;FINN;RUNN,EVIL;FINN;RUNN
2,3,0x09ce0610,0x0ace0610,0x01dcc024,21,,,,CSTL;FOOD;SEVN;TMPL,CSTL;FOOD;SEVN;TMPL
2,3,0x0ace0610,0x0cce0610,0x01dcc024,22,,,,CSTL;FOOD;SEVN;TMPL,CSTL;FOOD;SEVN;TMPL
2,3,0x0b0811bb,0x0b081dbb,0x791eb544,7,,,,HEAD,HEAD
2,3,0x10b85810,0x10b9d810,0x0f070027,12,,,,FINN,FINN
2,3,0x10b85810,0x10bb5810,0x0f370027,13,,,,FINN,FINN
2,3,0x10b91810,0x10b9181c,0x0f3f00a7,31,,,,FINN,FINN
2,3,0x10b91810,0x10b97810,0x0f3b0027,10,,,,FINN,FINN
2,3,0x10b91810,0x10b9d810,0x0f370027,11,,,,FINN,FINN
2,3,0x10b9181c,0x10b9781c,0x0f3b01a7,10,,,,FINN,FINN
2,3,0x10b9181c,0x10b9d81c,0x0f3701a7,11,,,,FINN,FINN
2,3,0x10b94810,0x10b9481c,0x0f3500a7,31,,,,FINN,FINN
2,3,0x10b94810,0x10b95010,0x0f340027,8,,,,FINN,FINN
2,3,0x10b94810,0x10b97810,0x0f370027,9,,,,FINN,FINN
2,3,0x10b9481c,0x10b9501c,0x0f3401a7,8,,,,FINN,FINN
2,3,0x10b9481c,0x10b9781c,0x0f3701a7,9,,,,FINN,FINN
2,3,0x10b95010,0x10b9501c,0x0f3600a7,31,,,,FINN,FINN
2,3,0x10b95010,0x10b95c10,0x0f368027,7,,,,FINN,FINN
2,3,0x10b9501c,0x10b95c1c,0x0f3681a7,7,,,,FINN,FINN
2,3,0x10b95a10,0x10b95a1c,0x0f3740a7,31,,,,FINN,FINN
2,3,0x10b95a10,0x10b95c10,0x0f370027,6,,,,FINN,FINN
2,3,0x10b95a1c,0x10b95c1c,0x0f3701a7,6,,,,FINN,FINN
2,3,0x10b95c10,0x10b95c1c,0x0f3780a7,31,,,,FINN,FINN
2,3,0x10b97810,0x10b9781c,0x0f3300a7,31,,,,FINN,FINN
2,3,0x10b9d810,0x10b9d81c,0x0f2700a7,31,,,,FINN,FINN
2,3,0x18ce0610,0x28ce0610,0x01dcc024,25,,,,CSTL;FOOD;SEVN;TMPL,CSTL;FOOD;SEVN;TMPL
2,3,0x18e88310,0x18e88510,0x050c2026,6,,,,GLEN,GLEN
2,3,0x18e88510,0x18e88910,0x050c2026,7,,,,GLEN,GLEN
2,3,0x1df99931,0x1ef99931,0x872f2406,21,,,,BOIL;BRG1;CAVE;CLOU;CRYS;CSTL;EGGS;EVIL;FOOD;GLID;HEAD;MEGA;MOSS;PHRO;SCIE;SEVN;SNOW;SOAR;TMPL;WEED;WIZZ,BOIL;BRG1;CAVE;CLOU;CRYS;CSTL;EGGS;EVIL;FOOD;GLID;HEAD;MEGA;MOSS;PHRO;SCIE;SEVN;SNOW;SOAR;TMPL;WEED;WIZZ
2,3,0x28a0c119,0x30a0c119,0x0c042101,24,,,,MENU,MENU
2,3,0x2a6e0410,0x326e0410,0x55dc8021,24,,,,EGGS,FOOD;TMPL
2,3,0x2e809804,0x2e811804,0xc81f02a0,12,,,,KLOG,KLOG
2,3,0x2e809804,0x2e839804,0xc82f02a0,13,,,,KLOG,KLOG
2,3,0x302010c4,0x302016c4,0x1c1e5aa3,6,,,,,
2,3,0x3080820d,0x3080840d,0x080c0383,6,,,,MENU,MENU
2,3,0x3080820d,0x30808e0d,0x080cc383,7,,,,MENU,MENU
2,3,0x3a186940,0x3a186980,0x5b112222,3,,,,CAVE;EGGS;GLID;WEED,CAVE;EGGS;GLID;WEED
2,3,0x400c989d,0x400c991d,0x198f018d,4,,,,BOIL;BRG1;CRYS;MOSS;SCIE;SNOW;SOAR;TMPL,BOIL;BRG1;CRYS;MOSS;SCIE;SNOW;SOAR;TMPL
2,3,0x400c991d,0x400c9a1d,0x198f018d,5,,,,BOIL;BRG1;CRYS;MOSS;SCIE;SNOW;SOAR;TMPL,PHRO;SCIE
2,3,0x40106054,0x4c106054,0x9a1008ad,23,,,,MEGA,MEGA
2,3,0x407801d0,0x407801dc,0x171c38ad,31,,,,GLEN,GLEN
2,3,0x408a1c10,0x408a2c10,0x095d802d,9,,,,CAVE,FOOD
2,3,0x408a1c10,0x40ea1c10,0x0d5f802d,18,,,,CAVE,CLOU
2,3,0x408a2c10,0x40ea2c10,0x0d59802d,18,,,,FOOD,WEED
2,3,0x40b18011,0x40b28011,0x0e0c000d,13,,,,MENU,MENU
2,3,0x40b28011,0x40b48011,0x0e0c000d,14,,,,MENU,MENU
2,3,0x40c21c10,0x40c22c10,0x005d802d,9,,,,BRG1,SCIE
2,3,0x40c21c10,0x40da1c10,0x015f802d,16,,,,BRG1,FINN
2,3,0x40c22c10,0x40da2c10,0x0159802d,16,,,,SCIE,EGGS
2,3,0x40da1c10,0x40da2c10,0x035d802d,9,,,,FINN,EGGS
2,3,0x40da1c10,0x40ea1c10,0x015f802d,17,,,,FINN,CLOU
2,3,0x40da2c10,0x40ea2c10,0x0159802d,17,,,,EGGS,WEED
2,3,0x40ea1c10,0x40ea2c10,0x055d802d,9,,,,CLOU,WEED
2,3,0x410800f9,0x410818f9,0x391d1d0d,8,,,,FOOD;TMPL,FOOD;TMPL
2,3,0x41ca1c10,0x42ca1c10,0x015f802d,21,,,,CRYS,CLOU
2,3,0x42ca1c10,0x44ca1c10,0x015f802d,22,,,,CLOU,TMPL
2,3,0x44ca1c10,0x48ca1c10,0x015f802d,23,,,,TMPL,CAVE;CRYS
2,3,0x46269090,0x5e269090,0xdcce102c,24,,,,WIZZ,MENU
2,3,0x462c6040,0x46346040,0xdc900a2d,16,,,,BOIL;CAVE;CRYS;CSTL;EGGS;GLID;MOSS;SEVN;SNOW;WEED,BOIL;CAVE;CRYS;CSTL;EGGS;GLID;MOSS;SEVN;SNOW;WEED
2,3,0x46346040,0x46386040,0xde100a2d,15,,,,BOIL;CAVE;CRYS;CSTL;EGGS;GLID;MOSS;SEVN;SNOW;WEED,BOIL;CAVE;CRYS;CSTL;EGGS;GLID;MOSS;SEVN;SNOW;WEED
2,3,0x46386040,0x463e6040,0xdf500a2d,14,,,,BOIL;CAVE;CRYS;CSTL;EGGS;GLID;MOSS;SEVN;SNOW;WEED,BOIL;CAVE;CRYS;CSTL;EGGS;GLID;MOSS;SEVN;SNOW;WEED
2,3,0x48209640,0x49a09640,0x0c0eca2c,20,,,,,
2,3,0x492c8430,0x512c8430,0x3d8c842d,24,,,,WIZZ,BOIL;BRG1;CAVE;CLOU;CRYS;CSTL;EGGS;EVIL;FOOD;GLID;HEAD;MEGA;MOSS;PHRO;SCIE;SEVN;SNOW;SOAR;TMPL;WEED;WIZZ
2,3,0x49609640,0x49a09640,0x3c0eca2c,19,,,,,
2,3,0x4a3ea110,0x523ea110,0x5fc8202d,24,,Menu door opens to reveal monkey animation,,MENU,EGGS
2,3,0x4a4ec094,0x524ec094,0x51c410ad,24,,,,GLEN,BOIL;BRG1;CAVE;CLOU;CRYS;CSTL;EGGS;EVIL;FOOD;GLEN;GLID;HEAD;MEGA;MOSS;PHRO;RUNN;SCIE;SEVN;SOAR;TMPL;WEED;WIZZ
2,3,0x4aee0118,0x52ee0118,0x45dc212d,24,,Shriney Guard boss slamming down animation,,MEGA,BOIL;BRG1;CAVE;CLOU;CRYS;CSTL;EGGS;EVIL;FOOD;GLID;HEAD;MEGA;MOSS;PHRO;SCIE;SEVN;SNOW;SOAR;TMPL;WEED;WIZZ
2,3,0x4baf8200,0x53af8200,0x6dec422d,24,,Shriney Guard boss yelling animation,,MEGA,BOIL;BRG1;CAVE;CLOU;CRYS;CSTL;EGGS;EVIL;FOOD;GLID;HEAD;MEGA;MOSS;PHRO;SCIE;SEVN;SNOW;SOAR;TMPL;WEED;WIZZ
2,3,0x4c02d240,0x4c62d240,0x9c464a2c,18,,,,,
2,3,0x4c2a8850,0x542a8850,0x9d4d082d,24,,,,WIZZ,BOIL;BRG1;CAVE;CLOU;CRYS;CSTL;EGGS;EVIL;FOOD;GLID;HEAD;MEGA;MOSS;PHRO;SCIE;SEVN;SNOW;SOAR;TMPL;WEED;WIZZ
2,3,0x4c62d240,0x4ca2d240,0x9c464a2c,19,,,,,
2,3,0x51200640,0x61200640,0x3c1cca2d,25,,,,,
2,3,0x512c8430,0x612c8430,0x3d8c842d,25,,,,BOIL;BRG1;CAVE;CLOU;CRYS;CSTL;EGGS;EVIL;FOOD;GLID;HEAD;MEGA;MOSS;PHRO;SCIE;SEVN;SNOW;SOAR;TMPL;WEED;WIZZ,FOOD;SNOW
2,3,0x52ee0118,0x62ee0118,0x45dc212d,25,,,,BOIL;BRG1;CAVE;CLOU;CRYS;CSTL;EGGS;EVIL;FOOD;GLID;HEAD;MEGA;MOSS;PHRO;SCIE;SEVN;SNOW;SOAR;TMPL;WEED;WIZZ,BRG1
2,3,0x53af8200,0x63af8200,0x6dec422d,25,,,,BOIL;BRG1;CAVE;CLOU;CRYS;CSTL;EGGS;EVIL;FOOD;GLID;HEAD;MEGA;MOSS;PHRO;SCIE;SEVN;SNOW;SOAR;TMPL;WEED;WIZZ,FOOD;SNOW
2,3,0x5a89815f,0x5ab9815f,0x4b2c29ce,17,,,,BOIL;BRG1;CLOU;CRYS;CSTL;EVIL;FOOD;MOSS;PHRO;SCIE;SNOW;SOAR;TMPL,BOIL;BRG1;CLOU;CRYS;CSTL;EVIL;FOOD;MOSS;PHRO;SCIE;SNOW;SOAR;TMPL
2,3,0x5ab9815f,0x5ad9815f,0x4b2c29ce,18,,,,BOIL;BRG1;CLOU;CRYS;CSTL;EVIL;FOOD;MOSS;PHRO;SCIE;SNOW;SOAR;TMPL,BOIL;BRG1;CLOU;CRYS;CSTL;EVIL;FOOD;MOSS;PHRO;SCIE;SNOW;SOAR;TMPL
2,3,0x60181a0c,0x61981a0c,0x0b1f43a9,20,,,Plain monkey enemy,PHRO;SCIE,BOIL;BRG1;CRYS;MOSS;SCIE;SNOW;SOAR;TMPL
2,3,0x60a91c9c,0x60aa1c9c,0x0d1f91a9,13,,,,BRG1,BRG1
2,3,0x60b98cbd,0x60b9bcbd,0x0f2f9589,9,,,,BRG1;PHRO;TMPL,BRG1
2,3,0x61581a0c,0x61981a0c,0x3b1f43a9,19,,,Plain monkey enemy,BOIL;BRG1;CRYS;MOSS;SCIE;SNOW;SOAR;TMPL,BOIL;BRG1;CRYS;MOSS;SCIE;SNOW;SOAR;TMPL
2,3,0x620ec210,0x7a0ec210,0x59c44028,24,,,,BOIL;BRG1;CAVE;CLOU;CRYS;CSTL;EGGS;EVIL;FOOD;GLID;MOSS;PHRO;SCIE;SNOW;TMPL;WEED,EGGS
2,3,0x62318245,0x7a318245,0x5e2c4a88,24,,,,,
2,3,0x6a351094,0x6c351094,0x1ebe10a8,22,,,,BOIL;BRG1;CAVE;CLOU;CRYS;CSTL;EGGS;EVIL;FINN;FOOD;GLEN;GLID;HEAD;KLOG;MEGA;MENU;MOSS;PHRO;RUNN;SCIE;SEVN;SNOW;SOAR;TMPL;WEED;WIZZ,BOIL;BRG1;CAVE;CLOU;CRYS;CSTL;EGGS;EVIL;FINN;FOOD;GLEN;GLID;HEAD;KLOG;MEGA;MENU;MOSS;PHRO;RUNN;SCIE;SEVN;SNOW;SOAR;TMPL;WEED;WIZZ
2,3,0x6d209c95,0xed209c94,0xbc0f9098,28,,,,CSTL,CSTL
2,3,0x70204350,0x70404350,0x1814682b,18,,,,,
2,3,0x7c108242,0x7c108244,0x9a0c4a2a,30,,,,,
2,3,0x800da102,0x800da11a,0x19a82375,0,,,,KLOG,KLOG
2,3,0x800da102,0x800da132,0x19a82075,1,,,,KLOG,KLOG
2,3,0x800da116,0x800da11a,0x19a82075,31,,,,KLOG,KLOG
2,3,0x800da132,0x800da152,0x19a82075,2,,,,KLOG,KLOG
2,3,0x81421850,0x82421850,0x105f0835,21,,,,WIZZ,WIZZ
2,3,0xa9387d8c,0xc9387d8c,0x3f13b3b4,26,,,,CLOU,CLOU
2,3,0xb0107444,0xb0d07444,0x12128ab3,19,,,,,
2,3,0xb0107444,0xb1907444,0x0a128ab3,20,,,,,
2,3,0xb0807444,0xb0b07444,0x0a128ab3,17,,,,,
2,3,0xb0b07444,0xb0d07444,0x0a128ab3,18,,,,,
2,3,0xb1907444,0xb2907444,0x0a128ab3,21,,,,,
2,3,0xb468d0c6,0xb868d0c6,0x15061af3,23,,,,BOIL;BRG1;CAVE;CLOU;CRYS;CSTL;EGGS;EVIL;FOOD;GLEN;GLID;HEAD;MEGA;MOSS;PHRO;RUNN;SCIE;SEVN;SNOW;SOAR;TMPL;WEED;WIZZ,BOIL;BRG1;CAVE;CLOU;CRYS;CSTL;EGGS;EVIL;FOOD;GLEN;GLID;HEAD;MEGA;MOSS;PHRO;RUNN;SCIE;SEVN;SNOW;SOAR;TMPL;WEED;WIZZ
2,3,0xb868d0c6,0xbe68d0c6,0x55061af2,22,,,,BOIL;BRG1;CAVE;CLOU;CRYS;CSTL;EGGS;EVIL;FOOD;GLEN;GLID;HEAD;MEGA;MOSS;PHRO;RUNN;SCIE;SEVN;SNOW;SOAR;TMPL;WEED;WIZZ,BOIL;BRG1;CAVE;CLOU;CRYS;CSTL;EGGS;EVIL;FOOD;GLEN;GLID;HEAD;MEGA;MOSS;PHRO;RUNN;SCIE;SEVN;SNOW;SOAR;TMPL;WEED;WIZZ
2,3,0xc8648260,0xc864b260,0x148e4e3c,9,,,,,
2,3,0xc864b260,0xc864d260,0x148e4e3c,10,,,,,
2,3,0xe00e989d,0xe00e991d,0x19cf0199,4,,,,BOIL;BRG1;CRYS;MOSS;SCIE;SNOW;SOAR;TMPL,BOIL;BRG1;CRYS;MOSS;SCIE;SNOW;SOAR;TMPL
2,3,0xf03391e9,0xf033a1e9,0x1e6c3f1b,9,,,,,
3,4,0x006e0046,0x00ae0046,0x1ddc0ae5,18,,,,,
3,4,0x00ce0610,0x0cce0610,0x81dcc025,22,,,,CSTL;FOOD;SEVN;TMPL,CSTL;FOOD;SEVN;TMPL
3,4,0x00ce0610,0x18ce0610,0x01dcc024,23,,,,CSTL;FOOD;SEVN;TMPL,CSTL;FOOD;SEVN;TMPL
3,4,0x04041001,0x08041001,0x189e0205,22,,,,,
3,4,0x08041001,0x0e041001,0x589e0204,21,,,,,
3,4,0x080c8300,0x08148300,0x188c6224,15,,,,EVIL,EVIL;FINN;RUNN
3,4,0x08148300,0x08188300,0x1a0c6224,14,,,,EVIL;FINN;RUNN,EVIL;FINN;RUNN
3,4,0x08188300,0x081e8300,0x1b4c6224,13,,,,EVIL;FINN;RUNN,EVIL;FINN;RUNN
3,4,0x081d8300,0x081e8300,0x1b8c6224,12,,,,EVIL;FINN;RUNN,EVIL;FINN;RUNN
3,4,0x09ce0610,0x0ace0610,0x01dcc024,20,,,,CSTL;FOOD;SEVN;TMPL,CSTL;FOOD;SEVN;TMPL
3,4,0x0ace0610,0x0cce0610,0x01dcc024,21,,,,CSTL;FOOD;SEVN;TMPL,CSTL;FOOD;SEVN;TMPL
3,4,0x0b0811bb,0x0b081dbb,0x791eb544,6,,,,HEAD,HEAD
3,4,0x10b85810,0x10b9d810,0x0f070027,11,,,,FINN,FINN
3,4,0x10b85810,0x10bb5810,0x0f370027,12,,,,FINN,FINN
3,4,0x10b91810,0x10b9181c,0x0f3f00a7,30,,,,FINN,FINN
3,4,0x10b91810,0x10b97810,0x0f3b0027,9,,,,FINN,FINN
3,4,0x10b91810,0x10b9d810,0x0f370027,10,,,,FINN,FINN
3,4,0x10b9181c,0x10b9781c,0x0f3b01a7,9,,,,FINN,FINN
3,4,0x10b9181c,0x10b9d81c,0x0f3701a7,10,,,,FINN,FINN
3,4,0x10b94810,0x10b9481c,0x0f3500a7,30,,,,FINN,FINN
3,4,0x10b94810,0x10b95010,0x0f340027,7,,,,FINN,FINN
3,4,0x10b94810,0x10b97810,0x0f370027,8,,,,FINN,FINN
3,4,0x10b9481c,0x10b9501c,0x0f3401a7,7,,,,FINN,FINN
3,4,0x10b9481c,0x10b9781c,0x0f3701a7,8,,,,FINN,FINN
3,4,0x10b95010,0x10b9501c,0x0f3600a7,30,,,,FINN,FINN
3,4,0x10b95010,0x10b95c10,0x0f368027,6,,,,FINN,FINN
3,4,0x10b9501c,0x10b95c1c,0x0f3681a7,6,,,,FINN,FINN
3,4,0x10b95a10,0x10b95a1c,0x0f3740a7,30,,,,FINN,FINN
3,4,0x10b95a10,0x10b95c10,0x0f370027,5,,,,FINN,FINN
3,4,0x10b95a1c,0x10b95c1c,0x0f3701a7,5,,,,FINN,FINN
3,4,0x10b95c10,0x10b95c1c,0x0f3780a7,30,,,,FINN,FINN
3,4,0x10b97810,0x10b9781c,0x0f3300a7,30,,,,FINN,FINN
3,4,0x10b9d810,0x10b9d81c,0x0f2700a7,30,,,,FINN,FINN
3,4,0x18ce0610,0x28ce0610,0x01dcc024,24,,,,CSTL;FOOD;SEVN;TMPL,CSTL;FOOD;SEVN;TMPL
3,4,0x18e88310,0x18e88510,0x050c2026,5,,,,GLEN,GLEN
3,4,0x18e88510,0x18e88910,0x050c2026,6,,,,GLEN,GLEN
3,4,0x1df99931,0x1ef99931,0x872f2406,20,,,,BOIL;BRG1;CAVE;CLOU;CRYS;CSTL;EGGS;EVIL;FOOD;GLID;HEAD;MEGA;MOSS;PHRO;SCIE;SEVN;SNOW;SOAR;TMPL;WEED;WIZZ,BOIL;BRG1;CAVE;CLOU;CRYS;CSTL;EGGS;EVIL;FOOD;GLID;HEAD;MEGA;MOSS;PHRO;SCIE;SEVN;SNOW;SOAR;TMPL;WEED;WIZZ
3,4,0x28a0c119,0x30a0c119,0x0c042101,23,,,,MENU,MENU
3,4,0x2a6e0410,0x326e0410,0x55dc8021,23,,,,EGGS,FOOD;TMPL
3,4,0x2e809804,0x2e811804,0xc81f02a0,11,,,,KLOG,KLOG
3,4,0x2e809804,0x2e839804,0xc82f02a0,12,,,,KLOG,KLOG
3,4,0x302010c4,0x302016c4,0x1c1e5aa3,5,,,,,
3,4,0x3080820d,0x3080840d,0x080c0383,5,,,,MENU,MENU
3,4,0x3080820d,0x30808e0d,0x080cc383,6,,,,MENU,MENU
3,4,0x3a186940,0x3a186980,0x5b112222,2,,,,CAVE;EGGS;GLID;WEED,CAVE;EGGS;GLID;WEED
3,4,0x400c989d,0x400c991d,0x198f018d,3,,,,BOIL;BRG1;CRYS;MOSS;SCIE;SNOW;SOAR;TMPL,BOIL;BRG1;CRYS;MOSS;SCIE;SNOW;SOAR;TMPL
3,4,0x400c991d,0x400c9a1d,0x198f018d,4,,,,BOIL;BRG1;CRYS;MOSS;SCIE;SNOW;SOAR;TMPL,PHRO;SCIE
3,4,0x40106054,0x4c106054,0x9a1008ad,22,,,,MEGA,MEGA
3,4,0x407801d0,0x407801dc,0x171c38ad,30,,,,GLEN,GLEN
3,4,0x408a1c10,0x408a2c10,0x095d802d,8,,,,CAVE,FOOD
3,4,0x408a1c10,0x40ea1c10,0x0d5f802d,17,,,,CAVE,CLOU
3,4,0x408a2c10,0x40ea2c10,0x0d59802d,17,,,,FOOD,WEED
3,4,0x40b18011,0x40b28011,0x0e0c000d,12,,,,MENU,MENU
3,4,0x40b28011,0x40b48011,0x0e0c000d,13,,,,MENU,MENU
3,4,0x40c21c10,0x40c22c10,0x005d802d,8,,,,BRG1,SCIE
3,4,0x40c21c10,0x40da1c10,0x015f802d,15,,,,BRG1,FINN
3,4,0x40c22c10,0x40da2c10,0x0159802d,15,,,,SCIE,EGGS
3,4,0x40da1c10,0x40da2c10,0x035d802d,8,,,,FINN,EGGS
3,4,0x40da1c10,0x40ea1c10,0x015f802d,16,,,,FINN,CLOU
3,4,0x40da2c10,0x40ea2c10,0x0159802d,16,,,,EGGS,WEED
3,4,0x40ea1c10,0x40ea2c10,0x055d802d,8,,,,CLOU,WEED
3,4,0x410800f9,0x410818f9,0x391d1d0d,7,,,,FOOD;TMPL,FOOD;TMPL
3,4,0x41ca1c10,0x42ca1c10,0x015f802d,20,,,,CRYS,CLOU
3,4,0x42ca1c10,0x44ca1c10,0x015f802d,21,,,,CLOU,TMPL
3,4,0x44ca1c10,0x48ca1c10,0x015f802d,22,,,,TMPL,CAVE;CRYS
3,4,0x46269090,0x5e269090,0xdcce102c,23,,,,WIZZ,MENU
3,4,0x462c6040,0x46346040,0xdc900a2d,15,,,,BOIL;CAVE;CRYS;CSTL;EGGS;GLID;MOSS;SEVN;SNOW;WEED,BOIL;CAVE;CRYS;CSTL;EGGS;GLID;MOSS;SEVN;SNOW;WEED
3,4,0x46346040,0x46386040,0xde100a2d,14,,,,BOIL;CAVE;CRYS;CSTL;EGGS;GLID;MOSS;SEVN;SNOW;WEED,BOIL;CAVE;CRYS;CSTL;EGGS;GLID;MOSS;SEVN;SNOW;WEED
3,4,0x46386040,0x463e6040,0xdf500a2d,13,,,,BOIL;CAVE;CRYS;CSTL;EGGS;GLID;MOSS;SEVN;SNOW;WEED,BOIL;CAVE;CRYS;CSTL;EGGS;GLID;MOSS;SEVN;SNOW;WEED
3,4,0x48209640,0x49a09640,0x0c0eca2c,19,,,,,
3,4,0x492c8430,0x512c8430,0x3d8c842d,23,,,,WIZZ,BOIL;BRG1;CAVE;CLOU;CRYS;CSTL;EGGS;EVIL;FOOD;GLID;HEAD;MEGA;MOSS;PHRO;SCIE;SEVN;SNOW;SOAR;TMPL;WEED;WIZZ
3,4,0x49609640,0x49a09640,0x3c0eca2c,18,,,,,
3,4,0x4a3ea110,0x523ea110,0x5fc8202d,23,,Menu door opens to reveal monkey animation,,MENU,EGGS
3,4,0x4a4ec094,0x524ec094,0x51c410ad,23,,,,GLEN,BOIL;BRG1;CAVE;CLOU;CRYS;CSTL;EGGS;EVIL;FOOD;GLEN;GLID;HEAD;MEGA;MOSS;PHRO;RUNN;SCIE;SEVN;SOAR;TMPL;WEED;WIZZ
3,4,0x4aee0118,0x52ee0118,0x45dc212d,23,,Shriney Guard boss slamming down animation,,MEGA,BOIL;BRG1;CAVE;CLOU;CRYS;CSTL;EGGS;EVIL;FOOD;GLID;HEAD;MEGA;MOSS;PHRO;SCIE;SEVN;SNOW;SOAR;TMPL;WEED;WIZZ
3,4,0x4baf8200,0x53af8200,0x6dec422d,23,,Shriney Guard boss yelling animation,,MEGA,BOIL;BRG1;CAVE;CLOU;CRYS;CSTL;EGGS;EVIL;FOOD;GLID;HEAD;MEGA;MOSS;PHRO;SCIE;SEVN;SNOW;SOAR;TMPL;WEED;WIZZ
3,4,0x4c02d240,0x4c62d240,0x9c464a2c,17,,,,,
3,4,0x4c2a8850,0x542a8850,0x9d4d082d,23,,,,WIZZ,BOIL;BRG1;CAVE;CLOU;CRYS;CSTL;EGGS;EVIL;FOOD;GLID;HEAD;MEGA;MOSS;PHRO;SCIE;SEVN;SNOW;SOAR;TMPL;WEED;WIZZ
3,4,0x4c62d240,0x4ca2d240,0x9c464a2c,18,,,,,
3,4,0x51200640,0x61200640,0x3c1cca2d,24,,,,,
3,4,0x512c8430,0x612c8430,0x3d8c842d,24,,,,BOIL;BRG1;CAVE;CLOU;CRYS;CSTL;EGGS;EVIL;FOOD;GLID;HEAD;MEGA;MOSS;PHRO;SCIE;SEVN;SNOW;SOAR;TMPL;WEED;WIZZ,FOOD;SNOW
3,4,0x52ee0118,0x62ee0118,0x45dc212d,24,,,,BOIL;BRG1;CAVE;CLOU;CRYS;CSTL;EGGS;EVIL;FOOD;GLID;HEAD;MEGA;MOSS;PHRO;SCIE;SEVN;SNOW;SOAR;TMPL;WEED;WIZZ,BRG1
3,4,0x53af8200,0x63af8200,0x6dec422d,24,,,,BOIL;BRG1;CAVE;CLOU;CRYS;CSTL;EGGS;EVIL;FOOD;GLID;HEAD;MEGA;MOSS;PHRO;SCIE;SEVN;SNOW;SOAR;TMPL;WEED;WIZZ,FOOD;SNOW
3,4,0x5a89815f,0x5ab9815f,0x4b2c29ce,16,,,,BOIL;BRG1;CLOU;CRYS;CSTL;EVIL;FOOD;MOSS;PHRO;SCIE;SNOW;SOAR;TMPL,BOIL;BRG1;CLOU;CRYS;CSTL;EVIL;FOOD;MOSS;PHRO;SCIE;SNOW;SOAR;TMPL
3,4,0x5ab9815f,0x5ad9815f,0x4b2c29ce,17,,,,BOIL;BRG1;CLOU;CRYS;CSTL;EVIL;FOOD;MOSS;PHRO;SCIE;SNOW;SOAR;TMPL,BOIL;BRG1;CLOU;CRYS;CSTL;EVIL;FOOD;MOSS;PHRO;SCIE;SNOW;SOAR;TMPL
3,4,0x60181a0c,0x61981a0c,0x0b1f43a9,19,,,Plain monkey enemy,PHRO;SCIE,BOIL;BRG1;CRYS;MOSS;SCIE;SNOW;SOAR;TMPL
3,4,0x60a91c9c,0x60aa1c9c,0x0d1f91a9,12,,,,BRG1,BRG1
3,4,0x60b98cbd,0x60b9bcbd,0x0f2f9589,8,,,,BRG1;PHRO;TMPL,BRG1
3,4,0x61581a0c,0x61981a0c,0x3b1f43a9,18,,,Plain monkey enemy,BOIL;BRG1;CRYS;MOSS;SCIE;SNOW;SOAR;TMPL,BOIL;BRG1;CRYS;MOSS;SCIE;SNOW;SOAR;TMPL
3,4,0x620ec210,0x7a0ec210,0x59c44028,23,,,,BOIL;BRG1;CAVE;CLOU;CRYS;CSTL;EGGS;EVIL;FOOD;GLID;MOSS;PHRO;SCIE;SNOW;TMPL;WEED,EGGS
3,4,0x62318245,0x7a318245,0x5e2c4a88,23,,,,,
3,4,0x6a351094,0x6c351094,0x1ebe10a8,21,,,,BOIL;BRG1;CAVE;CLOU;CRYS;CSTL;EGGS;EVIL;FINN;FOOD;GLEN;GLID;HEAD;KLOG;MEGA;MENU;MOSS;PHRO;RUNN;SCIE;SEVN;SNOW;SOAR;TMPL;WEED;WIZZ,BOIL;BRG1;CAVE;CLOU;CRYS;CSTL;EGGS;EVIL;FINN;FOOD;GLEN;GLID;HEAD;KLOG;MEGA;MENU;MOSS;PHRO;RUNN;SCIE;SEVN;SNOW;SOAR;TMPL;WEED;WIZZ
3,4,0x6d209c95,0xed209c94,0xbc0f9098,27,,,,CSTL,CSTL
3,4,0x70204350,0x70404350,0x1814682b,17,,,,,
3,4,0x7c108242,0x7c108244,0x9a0c4a2a,29,,,,,
3,4,0x800da102,0x800da11a,0x19a82375,31,,,,KLOG,KLOG
3,4,0x800da102,0x800da132,0x19a82075,0,,,,KLOG,KLOG
3,4,0x800da116,0x800da11a,0x19a82075,30,,,,KLOG,KLOG
3,4,0x800da132,0x800da152,0x19a82075,1,,,,KLOG,KLOG
3,4,0x81421850,0x82421850,0x105f0835,20,,,,WIZZ,WIZZ
3,4,0xa9387d8c,0xc9387d8c,0x3f13b3b4,25,,,,CLOU,CLOU
3,4,0xb0107444,0xb0d07444,0x12128ab3,18,,,,,
3,4,0xb0107444,0xb1907444,0x0a128ab3,19,,,,,
3,4,0xb0807444,0xb0b07444,0x0a128ab3,16,,,,,
3,4,0xb0b07444,0xb0d07444,0x0a128ab3,17,,,,,
3,4,0xb1907444,0xb2907444,0x0a128ab3,20,,,,,
3,4,0xb468d0c6,0xb868d0c6,0x15061af3,22,,,,BOIL;BRG1;CAVE;CLOU;CRYS;CSTL;EGGS;EVIL;FOOD;GLEN;GLID;HEAD;MEGA;MOSS;PHRO;RUNN;SCIE;SEVN;SNOW;SOAR;TMPL;WEED;WIZZ,BOIL;BRG1;CAVE;CLOU;CRYS;CSTL;EGGS;EVIL;FOOD;GLEN;GLID;HEAD;MEGA;MOSS;PHRO;RUNN;SCIE;SEVN;SNOW;SOAR;TMPL;WEED;WIZZ
3,4,0xb868d0c6,0xbe68d0c6,0x55061af2,21,,,,BOIL;BRG1;CAVE;CLOU;CRYS;CSTL;EGGS;EVIL;FOOD;GLEN;GLID;HEAD;MEGA;MOSS;PHRO;RUNN;SCIE;SEVN;SNOW;SOAR;TMPL;WEED;WIZZ,BOIL;BRG1;CAVE;CLOU;CRYS;CSTL;EGGS;EVIL;FOOD;GLEN;GLID;HEAD;MEGA;MOSS;PHRO;RUNN;SCIE;SEVN;SNOW;SOAR;TMPL;WEED;WIZZ
3,4,0xc8648260,0xc864b260,0x148e4e3c,8,,,,,
3,4,0xc864b260,0xc864d260,0x148e4e3c,9,,,,,
3,4,0xe00e989d,0xe00e991d,0x19cf0199,3,,,,BOIL;BRG1;CRYS;MOSS;SCIE;SNOW;SOAR;TMPL,BOIL;BRG1;CRYS;MOSS;SCIE;SNOW;SOAR;TMPL
3,4,0xf03391e9,0xf033a1e9,0x1e6c3f1b,8,,,,,
A,B,0x006e0046,0x00ae0046,0x1ddc0ae5,26,,,,,
A,B,0x00ce0610,0x0cce0610,0x81dcc025,30,,,,CSTL;FOOD;SEVN;TMPL,CSTL;FOOD;SEVN;TMPL
A,B,0x00ce0610,0x18ce0610,0x01dcc024,31,,,,CSTL;FOOD;SEVN;TMPL,CSTL;FOOD;SEVN;TMPL
A,C,0x00ce0610,0x0ace0610,0x41dcc025,29,,,,CSTL;FOOD;SEVN;TMPL,CSTL;FOOD;SEVN;TMPL
A,C,0x00ce0610,0x28ce0610,0x01dcc024,31,,,,CSTL;FOOD;SEVN;TMPL,CSTL;FOOD;SEVN;TMPL
A,D,0x00ce0610,0x09ce0610,0x21dcc025,28,,,,CSTL;FOOD;SEVN;TMPL,CSTL;FOOD;SEVN;TMPL
A,B,0x04041001,0x08041001,0x189e0205,30,,,,,
A,C,0x04041001,0x0e041001,0xd89e0205,29,,,,,
A,B,0x08041001,0x0e041001,0x589e0204,29,,,,,
A,B,0x080c8300,0x08148300,0x188c6224,23,,,,EVIL,EVIL;FINN;RUNN
A,C,0x080c8300,0x08188300,0x190c6224,22,,,,EVIL,EVIL;FINN;RUNN
A,C,0x080c8300,0x085c8300,0x1b8c6224,24,,,,EVIL,FINN
A,D,0x080c8300,0x081e8300,0x19cc6224,21,,,,EVIL,EVIL;FINN;RUNN
A,B,0x08148300,0x08188300,0x1a0c6224,22,,,,EVIL;FINN;RUNN,EVIL;FINN;RUNN
A,C,0x08148300,0x081e8300,0x1acc6224,21,,,,EVIL;FINN;RUNN,EVIL;FINN;RUNN
A,D,0x08148300,0x081d8300,0x1aac6224,20,,,,EVIL;FINN;RUNN,EVIL;FINN;RUNN
A,D,0x08148300,0x085c8300,0x1b8c6224,23,,,,EVIL;FINN;RUNN,FINN
A,B,0x08188300,0x081e8300,0x1b4c6224,21,,,,EVIL;FINN;RUNN,EVIL;FINN;RUNN
A,C,0x08188300,0x081d8300,0x1b2c6224,20,,,,EVIL;FINN;RUNN,EVIL;FINN;RUNN
A,B,0x081d8300,0x081e8300,0x1b8c6224,20,,,,EVIL;FINN;RUNN,EVIL;FINN;RUNN
A,B,0x09ce0610,0x0ace0610,0x01dcc024,28,,,,CSTL;FOOD;SEVN;TMPL,CSTL;FOOD;SEVN;TMPL
A,C,0x09ce0610,0x0cce0610,0x01dcc024,28,,,,CSTL;FOOD;SEVN;TMPL,CSTL;FOOD;SEVN;TMPL
A,B,0x0ace0610,0x0cce0610,0x01dcc024,29,,,,CSTL;FOOD;SEVN;TMPL,CSTL;FOOD;SEVN;TMPL
A,D,0x0ace0610,0x18ce0610,0x01dcc024,29,,,,CSTL;FOOD;SEVN;TMPL,CSTL;FOOD;SEVN;TMPL
A,B,0x0b0811bb,0x0b081dbb,0x791eb544,14,,,,HEAD,HEAD
A,C,0x0cce0610,0x18ce0610,0x01dcc024,30,,,,CSTL;FOOD;SEVN;TMPL,CSTL;FOOD;SEVN;TMPL
A,D,0x0cce0610,0x28ce0610,0x01dcc024,30,,,,CSTL;FOOD;SEVN;TMPL,CSTL;FOOD;SEVN;TMPL
A,B,0x10b85810,0x10b9d810,0x0f070027,19,,,,FINN,FINN
A,B,0x10b85810,0x10bb5810,0x0f370027,20,,,,FINN,FINN
A,C,0x10b85810,0x10b91810,0x0f1f0027,18,,,,FINN,FINN
A,D,0x10b85810,0x10b97810,0x0f130027,17,,,,FINN,FINN
A,B,0x10b91810,0x10b9181c,0x0f3f00a7,6,,,,FINN,FINN
A,B,0x10b91810,0x10b97810,0x0f3b0027,17,,,,FINN,FINN
A,B,0x10b91810,0x10b9d810,0x0f370027,18,,,,FINN,FINN
A,C,0x10b91810,0x10b94810,0x0f3d0027,16,,,,FINN,FINN
A,D,0x10b91810,0x10b95010,0x0f3e0027,15,,,,FINN,FINN
A,D,0x10b91810,0x10bb5810,0x0f370027,18,,,,FINN,FINN
A,B,0x10b9181c,0x10b9781c,0x0f3b01a7,17,,,,FINN,FINN
A,B,0x10b9181c,0x10b9d81c,0x0f3701a7,18,,,,FINN,FINN
A,C,0x10b9181c,0x10b9481c,0x0f3d01a7,16,,,,FINN,FINN
A,D,0x10b9181c,0x10b9501c,0x0f3e01a7,15,,,,FINN,FINN
A,B,0x10b94810,0x10b9481c,0x0f3500a7,6,,,,FINN,FINN
A,B,0x10b94810,0x10b95010,0x0f340027,15,,,,FINN,FINN
A,B,0x10b94810,0x10b97810,0x0f370027,16,,,,FINN,FINN
A,C,0x10b94810,0x10b95c10,0x0f358027,14,,,,FINN,FINN
A,D,0x10b94810,0x10b95a10,0x0f354027,13,,,,FINN,FINN
A,D,0x10b94810,0x10b9d810,0x0f370027,16,,,,FINN,FINN
A,B,0x10b9481c,0x10b9501c,0x0f3401a7,15,,,,FINN,FINN
A,B,0x10b9481c,0x10b9781c,0x0f3701a7,16,,,,FINN,FINN
A,C,0x10b9481c,0x10b95c1c,0x0f3581a7,14,,,,FINN,FINN
A,D,0x10b9481c,0x10b95a1c,0x0f3541a7,13,,,,FINN,FINN
A,D,0x10b9481c,0x10b9d81c,0x0f3701a7,16,,,,FINN,FINN
A,B,0x10b95010,0x10b9501c,0x0f3600a7,6,,,,FINN,FINN
A,B,0x10b95010,0x10b95c10,0x0f368027,14,,,,FINN,FINN
A,C,0x10b95010,0x10b95a10,0x0f364027,13,,,,FINN,FINN
A,C,0x10b95010,0x10b97810,0x0f370027,15,,,,FINN,FINN
A,B,0x10b9501c,0x10b95c1c,0x0f3681a7,14,,,,FINN,FINN
A,C,0x10b9501c,0x10b95a1c,0x0f3641a7,13,,,,FINN,FINN
A,C,0x10b9501c,0x10b9781c,0x0f3701a7,15,,,,FINN,FINN
A,B,0x10b95a10,0x10b95a1c,0x0f3740a7,6,,,,FINN,FINN
A,B,0x10b95a10,0x10b95c10,0x0f370027,13,,,,FINN,FINN
A,B,0x10b95a1c,0x10b95c1c,0x0f3701a7,13,,,,FINN,FINN
A,B,0x10b95c10,0x10b95c1c,0x0f3780a7,6,,,,FINN,FINN
A,D,0x10b95c10,0x10b97810,0x0f370027,14,,,,FINN,FINN
A,D,0x10b95c1c,0x10b9781c,0x0f3701a7,14,,,,FINN,FINN
A,B,0x10b97810,0x10b9781c,0x0f3300a7,6,,,,FINN,FINN
A,C,0x10b97810,0x10b9d810,0x0f370027,17,,,,FINN,FINN
A,C,0x10b9781c,0x10b9d81c,0x0f3701a7,17,,,,FINN,FINN
A,B,0x10b9d810,0x10b9d81c,0x0f2700a7,6,,,,FINN,FINN
A,C,0x10b9d810,0x10bb5810,0x0f370027,19,,,,FINN,FINN
A,B,0x18ce0610,0x28ce0610,0x01dcc024,0,,,,CSTL;FOOD;SEVN;TMPL,CSTL;FOOD;SEVN;TMPL
A,B,0x18e88310,0x18e88510,0x050c2026,13,,,,GLEN,GLEN
A,C,0x18e88310,0x18e88910,0x050c2026,13,,,,GLEN,GLEN
A,B,0x18e88510,0x18e88910,0x050c2026,14,,,,GLEN,GLEN
A,B,0x1df99931,0x1ef99931,0x872f2406,28,,,,BOIL;BRG1;CAVE;CLOU;CRYS;CSTL;EGGS;EVIL;FOOD;GLID;HEAD;MEGA;MOSS;PHRO;SCIE;SEVN;SNOW;SOAR;TMPL;WEED;WIZZ,BOIL;BRG1;CAVE;CLOU;CRYS;CSTL;EGGS;EVIL;FOOD;GLID;HEAD;MEGA;MOSS;PHRO;SCIE;SEVN;SNOW;SOAR;TMPL;WEED;WIZZ
A,B,0x28a0c119,0x30a0c119,0x0c042101,31,,,,MENU,MENU
A,B,0x2a6e0410,0x326e0410,0x55dc8021,31,,,,EGGS,FOOD;TMPL
A,B,0x2e809804,0x2e811804,0xc81f02a0,19,,,,KLOG,KLOG
A,B,0x2e809804,0x2e839804,0xc82f02a0,20,,,,KLOG,KLOG
A,C,0x2e811804,0x2e839804,0xc82f02a0,19,,,,KLOG,KLOG
A,B,0x302010c4,0x302016c4,0x1c1e5aa3,13,,,,,
A,B,0x3080820d,0x3080840d,0x080c0383,13,,,,MENU,MENU
A,B,0x3080820d,0x30808e0d,0x080cc383,14,,,,MENU,MENU
A,C,0x3080840d,0x30808e0d,0x080cc383,13,,,,MENU,MENU
A,B,0x3a186940,0x3a186980,0x5b112222,10,,,,CAVE;EGGS;GLID;WEED,CAVE;EGGS;GLID;WEED
A,B,0x400c989d,0x400c991d,0x198f018d,11,,,,BOIL;BRG1;CRYS;MOSS;SCIE;SNOW;SOAR;TMPL,BOIL;BRG1;CRYS;MOSS;SCIE;SNOW;SOAR;TMPL
A,C,0x400c989d,0x400c9a1d,0x198f018d,11,,,,BOIL;BRG1;CRYS;MOSS;SCIE;SNOW;SOAR;TMPL,PHRO;SCIE
A,B,0x400c991d,0x400c9a1d,0x198f018d,12,,,,BOIL;BRG1;CRYS;MOSS;SCIE;SNOW;SOAR;TMPL,PHRO;SCIE
A,C,0x400c9a1d,0x40189a1d,0x190f418d,22,,,,PHRO;SCIE,BOIL;BRG1;CRYS;MOSS;SCIE;SNOW;SOAR;TMPL
A,B,0x40106054,0x4c106054,0x9a1008ad,30,,,,MEGA,MEGA
A,B,0x407801d0,0x407801dc,0x171c38ad,6,,,,GLEN,GLEN
A,B,0x408a1c10,0x408a2c10,0x095d802d,16,,,,CAVE,FOOD
A,B,0x408a1c10,0x40ea1c10,0x0d5f802d,25,,,,CAVE,CLOU
A,C,0x408a1c10,0x40da1c10,0x0b5f802d,24,,,,CAVE,FINN
A,C,0x408a1c10,0x41ca1c10,0x015f802d,26,,,,CAVE,CRYS
A,D,0x408a1c10,0x40c21c10,0x085f802d,23,,,,CAVE,BRG1
A,D,0x408a1c10,0x42ca1c10,0x015f802d,26,,,,CAVE,CLOU
A,B,0x408a2c10,0x40ea2c10,0x0d59802d,25,,,,FOOD,WEED
A,C,0x408a2c10,0x40da2c10,0x0b59802d,24,,,,FOOD,EGGS
A,D,0x408a2c10,0x40c22c10,0x0859802d,23,,,,FOOD,SCIE
A,B,0x40b18011,0x40b28011,0x0e0c000d,20,,,,MENU,MENU
A,C,0x40b18011,0x40b48011,0x0e0c000d,20,,,,MENU,MENU
A,B,0x40b28011,0x40b48011,0x0e0c000d,21,,,,MENU,MENU
A,B,0x40c21c10,0x40c22c10,0x005d802d,16,,,,BRG1,SCIE
A,B,0x40c21c10,0x40da1c10,0x015f802d,23,,,,BRG1,FINN
A,C,0x40c21c10,0x40ea1c10,0x015f802d,23,,,,BRG1,CLOU
A,B,0x40c22c10,0x40da2c10,0x0159802d,23,,,,SCIE,EGGS
A,C,0x40c22c10,0x40ea2c10,0x0159802d,23,,,,SCIE,WEED
A,B,0x40da1c10,0x40da2c10,0x035d802d,16,,,,FINN,EGGS
A,B,0x40da1c10,0x40ea1c10,0x015f802d,24,,,,FINN,CLOU
A,B,0x40da2c10,0x40ea2c10,0x0159802d,24,,,,EGGS,WEED
A,B,0x40ea1c10,0x40ea2c10,0x055d802d,16,,,,CLOU,WEED
A,D,0x40ea1c10,0x41ca1c10,0x015f802d,25,,,,CLOU,CRYS
A,B,0x410800f9,0x410818f9,0x391d1d0d,15,,,,FOOD;TMPL,FOOD;TMPL
A,B,0x41ca1c10,0x42ca1c10,0x015f802d,28,,,,CRYS,CLOU
A,C,0x41ca1c10,0x44ca1c10,0x015f802d,28,,,,CRYS,TMPL
A,D,0x41ca1c10,0x48ca1c10,0x015f802d,28,,,,CRYS,CAVE;CRYS
A,B,0x42ca1c10,0x44ca1c10,0x015f802d,29,,,,CLOU,TMPL
A,C,0x42ca1c10,0x48ca1c10,0x015f802d,29,,,,CLOU,CAVE;CRYS
A,B,0x44ca1c10,0x48ca1c10,0x015f802d,30,,,,TMPL,CAVE;CRYS
A,B,0x46269090,0x5e269090,0xdcce102c,31,,,,WIZZ,MENU
A,B,0x462c6040,0x46346040,0xdc900a2d,23,,,,BOIL;CAVE;CRYS;CSTL;EGGS;GLID;MOSS;SEVN;SNOW;WEED,BOIL;CAVE;CRYS;CSTL;EGGS;GLID;MOSS;SEVN;SNOW;WEED
A,C,0x462c6040,0x46386040,0xdd100a2d,22,,,,BOIL;CAVE;CRYS;CSTL;EGGS;GLID;MOSS;SEVN;SNOW;WEED,BOIL;CAVE;CRYS;CSTL;EGGS;GLID;MOSS;SEVN;SNOW;WEED
A,D,0x462c6040,0x463e6040,0xddd00a2d,21,,,,BOIL;CAVE;CRYS;CSTL;EGGS;GLID;MOSS;SEVN;SNOW;WEED,BOIL;CAVE;CRYS;CSTL;EGGS;GLID;MOSS;SEVN;SNOW;WEED
A,B,0x46346040,0x46386040,0xde100a2d,22,,,,BOIL;CAVE;CRYS;CSTL;EGGS;GLID;MOSS;SEVN;SNOW;WEED,BOIL;CAVE;CRYS;CSTL;EGGS;GLID;MOSS;SEVN;SNOW;WEED
A,C,0x46346040,0x463e6040,0xded00a2d,21,,,,BOIL;CAVE;CRYS;CSTL;EGGS;GLID;MOSS;SEVN;SNOW;WEED,BOIL;CAVE;CRYS;CSTL;EGGS;GLID;MOSS;SEVN;SNOW;WEED
A,B,0x46386040,0x463e6040,0xdf500a2d,21,,,,BOIL;CAVE;CRYS;CSTL;EGGS;GLID;MOSS;SEVN;SNOW;WEED,BOIL;CAVE;CRYS;CSTL;EGGS;GLID;MOSS;SEVN;SNOW;WEED
A,B,0x48209640,0x49a09640,0x0c0eca2c,27,,,,,
A,C,0x48209640,0x49609640,0x140eca2c,26,,,,,
A,B,0x492c8430,0x512c8430,0x3d8c842d,31,,,,WIZZ,BOIL;BRG1;CAVE;CLOU;CRYS;CSTL;EGGS;EVIL;FOOD;GLID;HEAD;MEGA;MOSS;PHRO;SCIE;SEVN;SNOW;SOAR;TMPL;WEED;WIZZ
A,C,0x492c8430,0x612c8430,0x3d8c842d,31,,,,WIZZ,FOOD;SNOW
A,B,0x49609640,0x49a09640,0x3c0eca2c,26,,,,,
A,B,0x4a3ea110,0x523ea110,0x5fc8202d,31,,Menu door opens to reveal monkey animation,,MENU,EGGS
A,B,0x4a4ec094,0x524ec094,0x51c410ad,31,,,,GLEN,BOIL;BRG1;CAVE;CLOU;CRYS;CSTL;EGGS;EVIL;FOOD;GLEN;GLID;HEAD;MEGA;MOSS;PHRO;RUNN;SCIE;SEVN;SOAR;TMPL;WEED;WIZZ
A,B,0x4aee0118,0x52ee0118,0x45dc212d,31,,Shriney Guard boss slamming down animation,,MEGA,BOIL;BRG1;CAVE;CLOU;CRYS;CSTL;EGGS;EVIL;FOOD;GLID;HEAD;MEGA;MOSS;PHRO;SCIE;SEVN;SNOW;SOAR;TMPL;WEED;WIZZ
A,C,0x4aee0118,0x62ee0118,0x45dc212d,31,,Shriney Guard boss slamming down animation,,MEGA,BRG1
A,B,0x4baf8200,0x53af8200,0x6dec422d,31,,Shriney Guard boss yelling animation,,MEGA,BOIL;BRG1;CAVE;CLOU;CRYS;CSTL;EGGS;EVIL;FOOD;GLID;HEAD;MEGA;MOSS;PHRO;SCIE;SEVN;SNOW;SOAR;TMPL;WEED;WIZZ
A,C,0x4baf8200,0x63af8200,0x6dec422d,31,,Shriney Guard boss yelling animation,,MEGA,FOOD;SNOW
A,B,0x4c02d240,0x4c62d240,0x9c464a2c,25,,,,,
A,C,0x4c02d240,0x4ca2d240,0x9c464a2c,25,,,,,
A,B,0x4c2a8850,0x542a8850,0x9d4d082d,31,,,,WIZZ,BOIL;BRG1;CAVE;CLOU;CRYS;CSTL;EGGS;EVIL;FOOD;GLID;HEAD;MEGA;MOSS;PHRO;SCIE;SEVN;SNOW;SOAR;TMPL;WEED;WIZZ
A,B,0x4c62d240,0x4ca2d240,0x9c464a2c,26,,,,,
A,B,0x51200640,0x61200640,0x3c1cca2d,0,,,,,
A,B,0x512c8430,0x612c8430,0x3d8c842d,0,,,,BOIL;BRG1;CAVE;CLOU;CRYS;CSTL;EGGS;EVIL;FOOD;GLID;HEAD;MEGA;MOSS;PHRO;SCIE;SEVN;SNOW;SOAR;TMPL;WEED;WIZZ,FOOD;SNOW
A,B,0x52ee0118,0x62ee0118,0x45dc212d,0,,,,BOIL;BRG1;CAVE;CLOU;CRYS;CSTL;EGGS;EVIL;FOOD;GLID;HEAD;MEGA;MOSS;PHRO;SCIE;SEVN;SNOW;SOAR;TMPL;WEED;WIZZ,BRG1
A,B,0x53af8200,0x63af8200,0x6dec422d,0,,,,BOIL;BRG1;CAVE;CLOU;CRYS;CSTL;EGGS;EVIL;FOOD;GLID;HEAD;MEGA;MOSS;PHRO;SCIE;SEVN;SNOW;SOAR;TMPL;WEED;WIZZ,FOOD;SNOW
A,B,0x5a89815f,0x5ab9815f,0x4b2c29ce,24,,,,BOIL;BRG1;CLOU;CRYS;CSTL;EVIL;FOOD;MOSS;PHRO;SCIE;SNOW;SOAR;TMPL,BOIL;BRG1;CLOU;CRYS;CSTL;EVIL;FOOD;MOSS;PHRO;SCIE;SNOW;SOAR;TMPL
A,C,0x5a89815f,0x5ad9815f,0x4b2c29ce,24,,,,BOIL;BRG1;CLOU;CRYS;CSTL;EVIL;FOOD;MOSS;PHRO;SCIE;SNOW;SOAR;TMPL,BOIL;BRG1;CLOU;CRYS;CSTL;EVIL;FOOD;MOSS;PHRO;SCIE;SNOW;SOAR;TMPL
A,B,0x5ab9815f,0x5ad9815f,0x4b2c29ce,25,,,,BOIL;BRG1;CLOU;CRYS;CSTL;EVIL;FOOD;MOSS;PHRO;SCIE;SNOW;SOAR;TMPL,BOIL;BRG1;CLOU;CRYS;CSTL;EVIL;FOOD;MOSS;PHRO;SCIE;SNOW;SOAR;TMPL
A,B,0x60181a0c,0x61981a0c,0x0b1f43a9,27,,,Plain monkey enemy,PHRO;SCIE,BOIL;BRG1;CRYS;MOSS;SCIE;SNOW;SOAR;TMPL
A,C,0x60181a0c,0x61581a0c,0x131f43a9,26,,,,PHRO;SCIE,BOIL;BRG1;CRYS;MOSS;SCIE;SNOW;SOAR;TMPL
A,B,0x60a91c9c,0x60aa1c9c,0x0d1f91a9,20,,,,BRG1,BRG1
A,B,0x60b98cbd,0x60b9bcbd,0x0f2f9589,16,,,,BRG1;PHRO;TMPL,BRG1
A,B,0x61581a0c,0x61981a0c,0x3b1f43a9,26,,,Plain monkey enemy,BOIL;BRG1;CRYS;MOSS;SCIE;SNOW;SOAR;TMPL,BOIL;BRG1;CRYS;MOSS;SCIE;SNOW;SOAR;TMPL
A,B,0x620ec210,0x7a0ec210,0x59c44028,31,,,,BOIL;BRG1;CAVE;CLOU;CRYS;CSTL;EGGS;EVIL;FOOD;GLID;MOSS;PHRO;SCIE;SNOW;TMPL;WEED,EGGS
A,B,0x62318245,0x7a318245,0x5e2c4a88,31,,,,,
A,B,0x6a351094,0x6c351094,0x1ebe10a8,29,,,,BOIL;BRG1;CAVE;CLOU;CRYS;CSTL;EGGS;EVIL;FINN;FOOD;GLEN;GLID;HEAD;KLOG;MEGA;MENU;MOSS;PHRO;RUNN;SCIE;SEVN;SNOW;SOAR;TMPL;WEED;WIZZ,BOIL;BRG1;CAVE;CLOU;CRYS;CSTL;EGGS;EVIL;FINN;FOOD;GLEN;GLID;HEAD;KLOG;MEGA;MENU;MOSS;PHRO;RUNN;SCIE;SEVN;SNOW;SOAR;TMPL;WEED;WIZZ
A,B,0x6d209c95,0xed209c94,0xbc0f9098,3,,,,CSTL,CSTL
A,B,0x70204350,0x70404350,0x1814682b,25,,,,,
A,B,0x7c108242,0x7c108244,0x9a0c4a2a,5,,,,,
A,B,0x800da102,0x800da11a,0x19a82375,7,,,,KLOG,KLOG
A,B,0x800da102,0x800da132,0x19a82075,8,,,,KLOG,KLOG
A,C,0x800da102,0x800da116,0x19a822f5,6,,,,KLOG,KLOG
A,C,0x800da102,0x800da152,0x19a82075,8,,,,KLOG,KLOG
A,B,0x800da116,0x800da11a,0x19a82075,6,,,,KLOG,KLOG
A,D,0x800da116,0x800da132,0x19a82075,6,,,,KLOG,KLOG
A,C,0x800da11a,0x800da132,0x19a82075,7,,,,KLOG,KLOG
A,D,0x800da11a,0x800da152,0x19a82075,7,,,,KLOG,KLOG
A,B,0x800da132,0x800da152,0x19a82075,9,,,,KLOG,KLOG
A,B,0x81421850,0x82421850,0x105f0835,28,,,,WIZZ,WIZZ
A,B,0xa9387d8c,0xc9387d8c,0x3f13b3b4,1,,,,CLOU,CLOU
A,B,0xb0107444,0xb0d07444,0x12128ab3,26,,,,,
A,B,0xb0107444,0xb1907444,0x0a128ab3,27,,,,,
A,C,0xb0107444,0xb0b07444,0x1e128ab3,25,,,,,
A,C,0xb0107444,0xb2907444,0x0a128ab3,27,,,,,
A,D,0xb0107444,0xb0807444,0x18128ab3,24,,,,,
A,B,0xb0807444,0xb0b07444,0x0a128ab3,24,,,,,
A,C,0xb0807444,0xb0d07444,0x0a128ab3,24,,,,,
A,B,0xb0b07444,0xb0d07444,0x0a128ab3,25,,,,,
A,D,0xb0b07444,0xb1907444,0x0a128ab3,25,,,,,
A,C,0xb0d07444,0xb1907444,0x0a128ab3,26,,,,,
A,D,0xb0d07444,0xb2907444,0x0a128ab3,26,,,,,
A,B,0xb1907444,0xb2907444,0x0a128ab3,28,,,,,
A,B,0xb468d0c6,0xb868d0c6,0x15061af3,30,,,,BOIL;BRG1;CAVE;CLOU;CRYS;CSTL;EGGS;EVIL;FOOD;GLEN;GLID;HEAD;MEGA;MOSS;PHRO;RUNN;SCIE;SEVN;SNOW;SOAR;TMPL;WEED;WIZZ,BOIL;BRG1;CAVE;CLOU;CRYS;CSTL;EGGS;EVIL;FOOD;GLEN;GLID;HEAD;MEGA;MOSS;PHRO;RUNN;SCIE;SEVN;SNOW;SOAR;TMPL;WEED;WIZZ
A,C,0xb468d0c6,0xbe68d0c6,0xd5061af3,29,,,,BOIL;BRG1;CAVE;CLOU;CRYS;CSTL;EGGS;EVIL;FOOD;GLEN;GLID;HEAD;MEGA;MOSS;PHRO;RUNN;SCIE;SEVN;SNOW;SOAR;TMPL;WEED;WIZZ,BOIL;BRG1;CAVE;CLOU;CRYS;CSTL;EGGS;EVIL;FOOD;GLEN;GLID;HEAD;MEGA;MOSS;PHRO;RUNN;SCIE;SEVN;SNOW;SOAR;TMPL;WEED;WIZZ
A,B,0xb868d0c6,0xbe68d0c6,0x55061af2,29,,,,BOIL;BRG1;CAVE;CLOU;CRYS;CSTL;EGGS;EVIL;FOOD;GLEN;GLID;HEAD;MEGA;MOSS;PHRO;RUNN;SCIE;SEVN;SNOW;SOAR;TMPL;WEED;WIZZ,BOIL;BRG1;CAVE;CLOU;CRYS;CSTL;EGGS;EVIL;FOOD;GLEN;GLID;HEAD;MEGA;MOSS;PHRO;RUNN;SCIE;SEVN;SNOW;SOAR;TMPL;WEED;WIZZ
A,B,0xc8648260,0xc864b260,0x148e4e3c,16,,,,,
A,C,0xc8648260,0xc864d260,0x148e4e3c,16,,,,,
A,B,0xc864b260,0xc864d260,0x148e4e3c,17,,,,,
A,B,0xe00e989d,0xe00e991d,0x19cf0199,11,,,,BOIL;BRG1;CRYS;MOSS;SCIE;SNOW;SOAR;TMPL,BOIL;BRG1;CRYS;MOSS;SCIE;SNOW;SOAR;TMPL
A,B,0xf03391e9,0xf033a1e9,0x1e6c3f1b,16,,,,,
B,C,0x006e0046,0x00ae0046,0x1ddc0ae5,25,,,,,
B,C,0x00ce0610,0x0cce0610,0x81dcc025,29,,,,CSTL;FOOD;SEVN;TMPL,CSTL;FOOD;SEVN;TMPL
B,C,0x00ce0610,0x18ce0610,0x01dcc024,30,,,,CSTL;FOOD;SEVN;TMPL,CSTL;FOOD;SEVN;TMPL
B,C,0x04041001,0x08041001,0x189e0205,29,,,,,
B,C,0x08041001,0x0e041001,0x589e0204,28,,,,,
B,C,0x080c8300,0x08148300,0x188c6224,22,,,,EVIL,EVIL;FINN;RUNN
B,C,0x08148300,0x08188300,0x1a0c6224,21,,,,EVIL;FINN;RUNN,EVIL;FINN;RUNN
B,C,0x08188300,0x081e8300,0x1b4c6224,20,,,,EVIL;FINN;RUNN,EVIL;FINN;RUNN
B,C,0x081d8300,0x081e8300,0x1b8c6224,19,,,,EVIL;FINN;RUNN,EVIL;FINN;RUNN
B,C,0x09ce0610,0x0ace0610,0x01dcc024,27,,,,CSTL;FOOD;SEVN;TMPL,CSTL;FOOD;SEVN;TMPL
B,C,0x0ace0610,0x0cce0610,0x01dcc024,28,,,,CSTL;FOOD;SEVN;TMPL,CSTL;FOOD;SEVN;TMPL
B,C,0x0b0811bb,0x0b081dbb,0x791eb544,13,,,,HEAD,HEAD
B,C,0x10b85810,0x10b9d810,0x0f070027,18,,,,FINN,FINN
B,C,0x10b85810,0x10bb5810,0x0f370027,19,,,,FINN,FINN
B,C,0x10b91810,0x10b9181c,0x0f3f00a7,5,,,,FINN,FINN
B,C,0x10b91810,0x10b97810,0x0f3b0027,16,,,,FINN,FINN
B,C,0x10b91810,0x10b9d810,0x0f370027,17,,,,FINN,FINN
B,C,0x10b9181c,0x10b9781c,0x0f3b01a7,16,,,,FINN,FINN
B,C,0x10b9181c,0x10b9d81c,0x0f3701a7,17,,,,FINN,FINN
B,C,0x10b94810,0x10b9481c,0x0f3500a7,5,,,,FINN,FINN
B,C,0x10b94810,0x10b95010,0x0f340027,14,,,,FINN,FINN
B,C,0x10b94810,0x10b97810,0x0f370027,15,,,,FINN,FINN
B,C,0x10b9481c,0x10b9501c,0x0f3401a7,14,,,,FINN,FINN
B,C,0x10b9481c,0x10b9781c,0x0f3701a7,15,,,,FINN,FINN
B,C,0x10b95010,0x10b9501c,0x0f3600a7,5,,,,FINN,FINN
B,C,0x10b95010,0x10b95c10,0x0f368027,13,,,,FINN,FINN
B,C,0x10b9501c,0x10b95c1c,0x0f3681a7,13,,,,FINN,FINN
B,C,0x10b95a10,0x10b95a1c,0x0f3740a7,5,,,,FINN,FINN
B,C,0x10b95a10,0x10b95c10,0x0f370027,12,,,,FINN,FINN
B,C,0x10b95a1c,0x10b95c1c,0x0f3701a7,12,,,,FINN,FINN
B,C,0x10b95c10,0x10b95c1c,0x0f3780a7,5,,,,FINN,FINN
B,C,0x10b97810,0x10b9781c,0x0f3300a7,5,,,,FINN,FINN
B,C,0x10b9d810,0x10b9d81c,0x0f2700a7,5,,,,FINN,FINN
B,C,0x18ce0610,0x28ce0610,0x01dcc024,31,,,,CSTL;FOOD;SEVN;TMPL,CSTL;FOOD;SEVN;TMPL
B,C,0x18e88310,0x18e88510,0x050c2026,12,,,,GLEN,GLEN
B,C,0x18e88510,0x18e88910,0x050c2026,13,,,,GLEN,GLEN
B,C,0x1df99931,0x1ef99931,0x872f2406,27,,,,BOIL;BRG1;CAVE;CLOU;CRYS;CSTL;EGGS;EVIL;FOOD;GLID;HEAD;MEGA;MOSS;PHRO;SCIE;SEVN;SNOW;SOAR;TMPL;WEED;WIZZ,BOIL;BRG1;CAVE;CLOU;CRYS;CSTL;EGGS;EVIL;FOOD;GLID;HEAD;MEGA;MOSS;PHRO;SCIE;SEVN;SNOW;SOAR;TMPL;WEED;WIZZ
B,C,0x28a0c119,0x30a0c119,0x0c042101,30,,,,MENU,MENU
B,C,0x2a6e0410,0x326e0410,0x55dc8021,30,,,,EGGS,FOOD;TMPL
B,C,0x2e809804,0x2e811804,0xc81f02a0,18,,,,KLOG,KLOG
B,C,0x2e809804,0x2e839804,0xc82f02a0,19,,,,KLOG,KLOG
B,C,0x302010c4,0x302016c4,0x1c1e5aa3,12,,,,,
B,C,0x3080820d,0x3080840d,0x080c0383,12,,,,MENU,MENU
B,C,0x3080820d,0x30808e0d,0x080cc383,13,,,,MENU,MENU
B,C,0x3a186940,0x3a186980,0x5b112222,9,,,,CAVE;EGGS;GLID;WEED,CAVE;EGGS;GLID;WEED
B,C,0x400c989d,0x400c991d,0x198f018d,10,,,,BOIL;BRG1;CRYS;MOSS;SCIE;SNOW;SOAR;TMPL,BOIL;BRG1;CRYS;MOSS;SCIE;SNOW;SOAR;TMPL
B,C,0x400c991d,0x400c9a1d,0x198f018d,11,,,,BOIL;BRG1;CRYS;MOSS;SCIE;SNOW;SOAR;TMPL,PHRO;SCIE
B,C,0x40106054,0x4c106054,0x9a1008ad,29,,,,MEGA,MEGA
B,C,0x407801d0,0x407801dc,0x171c38ad,5,,,,GLEN,GLEN
B,C,0x408a1c10,0x408a2c10,0x095d802d,15,,,,CAVE,FOOD
B,C,0x408a1c10,0x40ea1c10,0x0d5f802d,24,,,,CAVE,CLOU
B,C,0x408a2c10,0x40ea2c10,0x0d59802d,24,,,,FOOD,WEED
B,C,0x40b18011,0x40b28011,0x0e0c000d,19,,,,MENU,MENU
B,C,0x40b28011,0x40b48011,0x0e0c000d,20,,,,MENU,MENU
B,C,0x40c21c10,0x40c22c10,0x005d802d,15,,,,BRG1,SCIE
B,C,0x40c21c10,0x40da1c10,0x015f802d,22,,,,BRG1,FINN
B,C,0x40c22c10,0x40da2c10,0x0159802d,22,,,,SCIE,EGGS
B,C,0x40da1c10,0x40da2c10,0x035d802d,15,,,,FINN,EGGS
B,C,0x40da1c10,0x40ea1c10,0x015f802d,23,,,,FINN,CLOU
B,C,0x40da2c10,0x40ea2c10,0x0159802d,23,,,,EGGS,WEED
B,C,0x40ea1c10,0x40ea2c10,0x055d802d,15,,,,CLOU,WEED
B,C,0x410800f9,0x410818f9,0x391d1d0d,14,,,,FOOD;TMPL,FOOD;TMPL
B,C,0x41ca1c10,0x42ca1c10,0x015f802d,27,,,,CRYS,CLOU
B,C,0x42ca1c10,0x44ca1c10,0x015f802d,28,,,,CLOU,TMPL
B,C,0x44ca1c10,0x48ca1c10,0x015f802d,29,,,,TMPL,CAVE;CRYS
B,C,0x46269090,0x5e269090,0xdcce102c,30,,,,WIZZ,MENU
B,C,0x462c6040,0x46346040,0xdc900a2d,22,,,,BOIL;CAVE;CRYS;CSTL;EGGS;GLID;MOSS;SEVN;SNOW;WEED,BOIL;CAVE;CRYS;CSTL;EGGS;GLID;MOSS;SEVN;SNOW;WEED
B,C,0x46346040,0x46386040,0xde100a2d,21,,,,BOIL;CAVE;CRYS;CSTL;EGGS;GLID;MOSS;SEVN;SNOW;WEED,BOIL;CAVE;CRYS;CSTL;EGGS;GLID;MOSS;SEVN;SNOW;WEED
B,C,0x46386040,0x463e6040,0xdf500a2d,20,,,,BOIL;CAVE;CRYS;CSTL;EGGS;GLID;MOSS;SEVN;SNOW;WEED,BOIL;CAVE;CRYS;CSTL;EGGS;GLID;MOSS;SEVN;SNOW;WEED
B,C,0x48209640,0x49a09640,0x0c0eca2c,26,,,,,
B,C,0x492c8430,0x512c8430,0x3d8c842d,30,,,,WIZZ,BOIL;BRG1;CAVE;CLOU;CRYS;CSTL;EGGS;EVIL;FOOD;GLID;HEAD;MEGA;MOSS;PHRO;SCIE;SEVN;SNOW;SOAR;TMPL;WEED;WIZZ
B,C,0x49609640,0x49a09640,0x3c0eca2c,25,,,,,
B,C,0x4a3ea110,0x523ea110,0x5fc8202d,30,,Menu door opens to reveal monkey animation,,MENU,EGGS
B,C,0x4a4ec094,0x524ec094,0x51c410ad,30,,,,GLEN,BOIL;BRG1;CAVE;CLOU;CRYS;CSTL;EGGS;EVIL;FOOD;GLEN;GLID;HEAD;MEGA;MOSS;PHRO;RUNN;SCIE;SEVN;SOAR;TMPL;WEED;WIZZ
B,C,0x4aee0118,0x52ee0118,0x45dc212d,30,,Shriney Guard boss slamming down animation,,MEGA,BOIL;BRG1;CAVE;CLOU;CRYS;CSTL;EGGS;EVIL;FOOD;GLID;HEAD;MEGA;MOSS;PHRO;SCIE;SEVN;SNOW;SOAR;TMPL;WEED;WIZZ
B,C,0x4baf8200,0x53af8200,0x6dec422d,30,,Shriney Guard boss yelling animation,,MEGA,BOIL;BRG1;CAVE;CLOU;CRYS;CSTL;EGGS;EVIL;FOOD;GLID;HEAD;MEGA;MOSS;PHRO;SCIE;SEVN;SNOW;SOAR;TMPL;WEED;WIZZ
B,C,0x4c02d240,0x4c62d240,0x9c464a2c,24,,,,,
B,C,0x4c2a8850,0x542a8850,0x9d4d082d,30,,,,WIZZ,BOIL;BRG1;CAVE;CLOU;CRYS;CSTL;EGGS;EVIL;FOOD;GLID;HEAD;MEGA;MOSS;PHRO;SCIE;SEVN;SNOW;SOAR;TMPL;WEED;WIZZ
B,C,0x4c62d240,0x4ca2d240,0x9c464a2c,25,,,,,
B,C,0x51200640,0x61200640,0x3c1cca2d,31,,,,,
B,C,0x512c8430,0x612c8430,0x3d8c842d,31,,,,BOIL;BRG1;CAVE;CLOU;CRYS;CSTL;EGGS;EVIL;FOOD;GLID;HEAD;MEGA;MOSS;PHRO;SCIE;SEVN;SNOW;SOAR;TMPL;WEED;WIZZ,FOOD;SNOW
B,C,0x52ee0118,0x62ee0118,0x45dc212d,31,,,,BOIL;BRG1;CAVE;CLOU;CRYS;CSTL;EGGS;EVIL;FOOD;GLID;HEAD;MEGA;MOSS;PHRO;SCIE;SEVN;SNOW;SOAR;TMPL;WEED;WIZZ,BRG1
B,C,0x53af8200,0x63af8200,0x6dec422d,31,,,,BOIL;BRG1;CAVE;CLOU;CRYS;CSTL;EGGS;EVIL;FOOD;GLID;HEAD;MEGA;MOSS;PHRO;SCIE;SEVN;SNOW;SOAR;TMPL;WEED;WIZZ,FOOD;SNOW
B,C,0x5a89815f,0x5ab9815f,0x4b2c29ce,23,,,,BOIL;BRG1;CLOU;CRYS;CSTL;EVIL;FOOD;MOSS;PHRO;SCIE;SNOW;SOAR;TMPL,BOIL;BRG1;CLOU;CRYS;CSTL;EVIL;FOOD;MOSS;PHRO;SCIE;SNOW;SOAR;TMPL
B,C,0x5ab9815f,0x5ad9815f,0x4b2c29ce,24,,,,BOIL;BRG1;CLOU;CRYS;CSTL;EVIL;FOOD;MOSS;PHRO;SCIE;SNOW;SOAR;TMPL,BOIL;BRG1;CLOU;CRYS;CSTL;EVIL;FOOD;MOSS;PHRO;SCIE;SNOW;SOAR;TMPL
B,C,0x60181a0c,0x61981a0c,0x0b1f43a9,26,,,Plain monkey enemy,PHRO;SCIE,BOIL;BRG1;CRYS;MOSS;SCIE;SNOW;SOAR;TMPL
B,C,0x60a91c9c,0x60aa1c9c,0x0d1f91a9,19,,,,BRG1,BRG1
B,C,0x60b98cbd,0x60b9bcbd,0x0f2f9589,15,,,,BRG1;PHRO;TMPL,BRG1
B,C,0x61581a0c,0x61981a0c,0x3b1f43a9,25,,,Plain monkey enemy,BOIL;BRG1;CRYS;MOSS;SCIE;SNOW;SOAR;TMPL,BOIL;BRG1;CRYS;MOSS;SCIE;SNOW;SOAR;TMPL
B,C,0x620ec210,0x7a0ec210,0x59c44028,30,,,,BOIL;BRG1;CAVE;CLOU;CRYS;CSTL;EGGS;EVIL;FOOD;GLID;MOSS;PHRO;SCIE;SNOW;TMPL;WEED,EGGS
B,C,0x62318245,0x7a318245,0x5e2c4a88,30,,,,,
B,C,0x6a351094,0x6c351094,0x1ebe10a8,28,,,,BOIL;BRG1;CAVE;CLOU;CRYS;CSTL;EGGS;EVIL;FINN;FOOD;GLEN;GLID;HEAD;KLOG;MEGA;MENU;MOSS;PHRO;RUNN;SCIE;SEVN;SNOW;SOAR;TMPL;WEED;WIZZ,BOIL;BRG1;CAVE;CLOU;CRYS;CSTL;EGGS;EVIL;FINN;FOOD;GLEN;GLID;HEAD;KLOG;MEGA;MENU;MOSS;PHRO;RUNN;SCIE;SEVN;SNOW;SOAR;TMPL;WEED;WIZZ
B,C,0x6d209c95,0xed209c94,0xbc0f9098,2,,,,CSTL,CSTL
B,C,0x70204350,0x70404350,0x1814682b,24,,,,,
B,C,0x7c108242,0x7c108244,0x9a0c4a2a,4,,,,,
B,C,0x800da102,0x800da11a,0x19a82375,6,,,,KLOG,KLOG
B,C,0x800da102,0x800da132,0x19a82075,7,,,,KLOG,KLOG
B,C,0x800da116,0x800da11a,0x19a82075,5,,,,KLOG,KLOG
B,C,0x800da132,0x800da152,0x19a82075,8,,,,KLOG,KLOG
B,C,0x81421850,0x82421850,0x105f0835,27,,,,WIZZ,WIZZ
B,C,0xa9387d8c,0xc9387d8c,0x3f13b3b4,0,,,,CLOU,CLOU
B,C,0xb0107444,0xb0d07444,0x12128ab3,25,,,,,
B,C,0xb0107444,0xb1907444,0x0a128ab3,26,,,,,
B,C,0xb0807444,0xb0b07444,0x0a128ab3,23,,,,,
B,C,0xb0b07444,0xb0d07444,0x0a128ab3,24,,,,,
B,C,0xb1907444,0xb2907444,0x0a128ab3,27,,,,,
B,C,0xb468d0c6,0xb868d0c6,0x15061af3,29,,,,BOIL;BRG1;CAVE;CLOU;CRYS;CSTL;EGGS;EVIL;FOOD;GLEN;GLID;HEAD;MEGA;MOSS;PHRO;RUNN;SCIE;SEVN;SNOW;SOAR;TMPL;WEED;WIZZ,BOIL;BRG1;CAVE;CLOU;CRYS;CSTL;EGGS;EVIL;FOOD;GLEN;GLID;HEAD;MEGA;MOSS;PHRO;RUNN;SCIE;SEVN;SNOW;SOAR;TMPL;WEED;WIZZ
B,C,0xb868d0c6,0xbe68d0c6,0x55061af2,28,,,,BOIL;BRG1;CAVE;CLOU;CRYS;CSTL;EGGS;EVIL;FOOD;GLEN;GLID;HEAD;MEGA;MOSS;PHRO;RUNN;SCIE;SEVN;SNOW;SOAR;TMPL;WEED;WIZZ,BOIL;BRG1;CAVE;CLOU;CRYS;CSTL;EGGS;EVIL;FOOD;GLEN;GLID;HEAD;MEGA;MOSS;PHRO;RUNN;SCIE;SEVN;SNOW;SOAR;TMPL;WEED;WIZZ
B,C,0xc8648260,0xc864b260,0x148e4e3c,15,,,,,
B,C,0xc864b260,0xc864d260,0x148e4e3c,16,,,,,
B,C,0xe00e989d,0xe00e991d,0x19cf0199,10,,,,BOIL;BRG1;CRYS;MOSS;SCIE;SNOW;SOAR;TMPL,BOIL;BRG1;CRYS;MOSS;SCIE;SNOW;SOAR;TMPL
B,C,0xf03391e9,0xf033a1e9,0x1e6c3f1b,15,,,,,
F,B,0x080c8300,0x081d8300,0x1b8c6224,19,,,,EVIL,EVIL;FINN;RUNN
F,B,0x08188300,0x085c8300,0x130c6224,21,,,,EVIL;FINN;RUNN,FINN
F,B,0x09ce0610,0x18ce0610,0x21dcc026,27,,,,CSTL;FOOD;SEVN;TMPL,CSTL;FOOD;SEVN;TMPL
F,B,0x0ace0610,0x28ce0610,0x41dcc020,28,,,,CSTL;FOOD;SEVN;TMPL,CSTL;FOOD;SEVN;TMPL
F,B,0x10b85810,0x10b94810,0x0f370027,15,,,,FINN,FINN
F,B,0x10b91810,0x10b95c10,0x0f370027,13,,,,FINN,FINN
F,B,0x10b9181c,0x10b95c1c,0x0f3701a7,13,,,,FINN,FINN
F,B,0x10b95010,0x10b9d810,0x0f260027,14,,,,FINN,FINN
F,B,0x10b9501c,0x10b9d81c,0x0f2601a7,14,,,,FINN,FINN
F,B,0x10b95a10,0x10b97810,0x0f334027,12,,,,FINN,FINN
F,B,0x10b95a1c,0x10b9781c,0x0f3341a7,12,,,,FINN,FINN
F,B,0x10b97810,0x10bb5810,0x0f730027,16,,,,FINN,FINN
F,B,0x408a1c10,0x44ca1c10,0x895f802d,25,,,,CAVE,TMPL
F,B,0x40da1c10,0x41ca1c10,0x235f802d,23,,,,FINN,CRYS
F,B,0x40ea1c10,0x42ca1c10,0x455f802d,24,,,,CLOU,CLOU
F,B,0x800da116,0x800da152,0x19a828f5,5,,,,KLOG,KLOG
F,B,0xb0807444,0xb1907444,0x28128ab3,23,,,,,
F,B,0xb0b07444,0xb2907444,0x4e128ab3,24,,,,,
L,R,0x081d8300,0x085c8300,0x1b8c6224,9,,,,EVIL;FINN;RUNN,FINN
L,R,0x10b85810,0x10b95c10,0x0f178027,3,,,,FINN,FINN
L,R,0x10b95010,0x10bb5810,0x0f370027,4,,,,FINN,FINN
L,R,0x10b95a10,0x10b9d810,0x0f370027,2,,,,FINN,FINN
L,R,0x10b95a1c,0x10b9d81c,0x0f3701a7,2,,,,FINN,FINN
L,R,0x40c21c10,0x42ca1c10,0x015f802d,12,,,,BRG1,CLOU
L,R,0x40da1c10,0x44ca1c10,0x015f802d,13,,,,FINN,TMPL
L,R,0x40ea1c10,0x48ca1c10,0x015f802d,14,,,,CLOU,CAVE;CRYS
LARGE,SMALL,0x00000000,0x40c21c10,0x205c8225,16,,,,,BRG1
LARGE,SMALL,0x10f0e983,0x92f8f1c0,0x06063a57,5,,,,,
LARGE,SMALL,0x12800031,0x93043811,0x389d0407,17,,,,BOIL;CAVE;CRYS;CSTL;EGGS;GLID;MOSS;SEVN;SNOW,BOIL;CAVE;CSTL;EGGS;GLID;MOSS;SEVN;SNOW;WEED
LARGE,SMALL,0x222222d8,0x262e0319,0x5fdc5121,12,,,,EVIL,EVIL
LARGE,SMALL,0x80b92212,0x88a16190,0x08305075,13,,,,TMPL,SEVN
LARGE,SMALL,0x8818a018,0x98f8221e,0x1f0800f6,27,,,,BRG1;CAVE;CRYS;CSTL;EGGS;FOOD;GLID;HEAD;MOSS;TMPL;WEED;WIZZ,BOIL;CAVE;CRYS;CSTL;EGGS;FOOD;GLID;HEAD;MEGA;MOSS;PHRO;SCIE;SEVN;SNOW;TMPL;WEED
LARGE,SMALL,0xb69c8356,0xbebce258,0xcb9048b3,7,,,,CSTL,CSTL
LARGE,SMALL,0xc48c7158,0xd89c319a,0x0992117d,0,,,,EVIL,EVIL
OPEN,CLOSE,0x02e900c0,0x21e90ca0,0x0d3d1225,12,,,,,
OPEN,CLOSE,0x40110e26,0x51910816,0x3e3d42ed,11,,,,,
OPEN,CLOSE,0x90b102a1,0x987101b9,0x1c3c1417,10,,,,GLID;SCIE;SOAR;TMPL,GLID;SCIE;SOAR;TMPL
START,END,0x00ce0610,0x48ca1c10,0x115fc02d,9,,,,CSTL;FOOD;SEVN;TMPL,CAVE;CRYS
START,END,0x09ce0610,0x41ca1c10,0x315fc02c,9,,,,CSTL;FOOD;SEVN;TMPL,CRYS
START,END,0x0ace0610,0x42ca1c10,0x515fc02c,9,,,,CSTL;FOOD;SEVN;TMPL,CLOU
START,END,0x0cce0610,0x44ca1c10,0x915fc02c,9,,,,CSTL;FOOD;SEVN;TMPL,TMPL
U,D,0x08188300,0x081c8302,0x1b8c6224,2,,,,EVIL;FINN;RUNN,EVIL;FINN;RUNN
U,D,0x081c8302,0x081d8300,0x1b8c6224,17,,,,EVIL;FINN;RUNN,EVIL;FINN;RUNN
UP,DOWN,0x052aa082,0x8569a090,0xbd081225,17,,,,EGGS,EGGS
UP,DOWN,0x08148ac2,0x421586c2,0x1a8c5a65,11,,,,,
