sprite_hex,sprite_decimal,regional_fr_hex,regional_de_hex,levels,segments,representative_png,file_count,human_role,possible_original_name,confidence,notes
0x0005c699,378521,,,MENU,stage0;stage4;stage5,MENU/stage5/sprites/sprite_378521_anim00.png,3,Small skull face (MENU),,HIGH,
0x000ac607,706055,,,BOIL;BRG1;CAVE;CLOU;CRYS;CSTL;EGGS;EVIL;FINN;FOOD;GLID;MOSS;PHRO;RUNN;SCIE;SEVN;SNOW;SOAR;TMPL;WEED,primary,WEED/primary/sprites/sprite_706055_anim00_f09.png,240,,,,
0x000cc8f8,837880,,,FOOD;TMPL,stage0;stage1;stage2,TMPL/stage0/sprites/sprite_837880_anim00_f01.png,9,,,,
0x002e2414,3023892,,,FOOD,primary,FOOD/primary/sprites/sprite_3023892_anim00_f03.png,6,,,,
0x00388110,3703056,,,BOIL;BRG1;CAVE;CLOU;CRYS;CSTL;EGGS;EVIL;FOOD;GLID;HEAD;MEGA;MOSS;PHRO;SCIE;SEVN;SOAR;TMPL;WEED;WIZZ,primary,HEAD/primary/sprites/sprite_3703056_anim03_f01.png,79,,,,
0x004a981c,4888604,,,BOIL;CLOU;MOSS,stage0;stage1;stage2;stage3;stage4,MOSS/stage4/sprites/sprite_4888604_anim00_f01.png,72,,,,
0x004c9138,5017912,,,CLOU;CRYS;SOAR,stage0;stage1;stage2;stage3;stage4,SOAR/stage2/sprites/sprite_5017912_anim00_f00.png,88,,,,
0x006b9a6f,7051887,,,FOOD;SNOW,primary;stage2,SNOW/primary/sprites/sprite_7051887_anim00_f13.png,35,Yellow centurion/troop mech enemy (FOOD/SNOW),,HIGH,"Per cohort docs: ""CASTLETROOPER/TROOPER"" family"
0x00ce0610,13501968,,,CSTL;FOOD;SEVN;TMPL,primary;stage0;stage1;stage3,SEVN/primary/sprites/sprite_13501968_anim00.png,7,,,,
0x00e2f188,14872968,,,BOIL;BRG1;CAVE;CLOU;CRYS;CSTL;EGGS;EVIL;FINN;FOOD;GLEN;GLID;HEAD;KLOG;MEGA;MENU;MOSS;PHRO;RUNN;SCIE;SEVN;SNOW;SOAR;TMPL;WEED;WIZZ,primary,WIZZ/primary/sprites/sprite_14872968_anim00_f04.png,260,Number glyph frames 0-9,,visual-user,User identified MENU/primary frames f00-f09 as digits 0-9; obvious NUM/NUMBER/DIGITS names do not hash to this ID
0x02098010,34177040,,,TMPL,primary,TMPL/primary/sprites/sprite_34177040_anim00.png,1,Chain link sprite (TMPL),,HIGH,
0x022e3442,36582466,,,WIZZ,primary,WIZZ/primary/sprites/sprite_36582466_anim00_f15.png,65,Wizard boss cloaked figure (WIZZ),,HIGH,
0x0239cb33,37342003,,,HEAD,primary,docs/analysis/asset-identification/direct_blb_thumbnails/sprite_37342003_direct.png,1,,,,
0x0244655d,38036829,,,WIZZ,primary,WIZZ/primary/sprites/sprite_38036829_anim00_f12.png,14,Red ring/halo/donut (WIZZ),,HIGH,
0x024d704e,38629454,,,WIZZ,primary,WIZZ/primary/sprites/sprite_38629454_anim00_f30.png,34,Green tadpole projectile (WIZZ),,HIGH,
0x024e981c,38705180,,,BOIL;CLOU;MOSS,stage0;stage1;stage2;stage3;stage4,MOSS/stage4/sprites/sprite_38705180_anim00_f00.png,60,,,,
0x02804e67,41963111,,,BRG1;CAVE;CLOU;CRYS;CSTL;EGGS;EVIL;GLID;MOSS;SEVN;SOAR;WEED;WIZZ,primary,WIZZ/primary/sprites/sprite_41963111_anim00.png,13,,,,
0x02841e65,42212965,,,BRG1;CAVE;CLOU;CRYS;CSTL;EGGS;EVIL;GLID;MOSS;SEVN;SOAR;WEED;WIZZ,primary,WIZZ/primary/sprites/sprite_42212965_anim00_f03.png,156,,,,
0x02a10c60,44108896,,,BRG1;CAVE;CLOU;CRYS;CSTL;EGGS;EVIL;GLID;MOSS;SEVN;SOAR;WEED;WIZZ,primary,WIZZ/primary/sprites/sprite_44108896_anim00.png,13,,,,
0x02c00e64,46141028,,,BRG1;CAVE;CLOU;CRYS;CSTL;EGGS;EVIL;GLID;MOSS;SEVN;SOAR;WEED;WIZZ,primary,WIZZ/primary/sprites/sprite_46141028_anim00.png,13,,,,
0x02ed1470,49091696,,,WIZZ,primary,WIZZ/primary/sprites/sprite_49091696_anim00_f15.png,65,Wizard boss variant (WIZZ),,HIGH,
0x0305a4f5,50701557,,,MENU,stage0;stage4;stage5,MENU/stage5/sprites/sprite_50701557_anim00_f02.png,42,"Skull face sprite (MENU, 42 frames)",,HIGH,
0x04084011,67649553,,,BOIL;BRG1;CAVE;CLOU;CRYS;CSTL;EGGS;EVIL;FOOD;GLID;HEAD;MEGA;MOSS;SEVN;SNOW;SOAR;TMPL;WEED;WIZZ,primary,WIZZ/primary/sprites/sprite_67649553_anim00_f11.png,399,,,,
0x0408c01e,67682334,,,EVIL;FOOD;MOSS;SOAR,primary;stage0;stage1;stage2,EVIL/primary/sprites/sprite_67682334_anim00_f04.png,30,,,,
0x040a2110,67772688,,,FINN,primary,FINN/primary/sprites/sprite_67772688_anim00_f02.png,5,,,,
0x0428801e,69763102,,,EVIL;FOOD;MOSS;SOAR,primary;stage0;stage1;stage2,EVIL/primary/sprites/sprite_69763102_anim00_f01.png,40,,,,
0x04835000,75714560,,,RUNN,primary,RUNN/primary/sprites/sprite_75714560_anim00_f09.png,14,,,,
0x052aa082,86679682,,,EGGS,stage0;stage1;stage2;stage3,EGGS/stage3/sprites/sprite_86679682_anim00_f01.png,8,,,,
0x0538a2ea,87597802,,,EGGS,stage0;stage1;stage2;stage3,EGGS/stage3/sprites/sprite_87597802_anim00_f01.png,12,,,,
0x06101db0,101719472,,,HEAD,primary,HEAD/primary/sprites/sprite_101719472_anim00_f04.png,5,,,,
0x0628a800,103327744,,,EGGS,stage0;stage1;stage2;stage3,EGGS/stage3/sprites/sprite_103327744_anim00_f01.png,8,,,,
0x069480a0,110395552,,,RUNN,stage0,RUNN/stage0/sprites/sprite_110395552_anim00_f04.png,11,,,,
0x069580a0,110461088,,,RUNN,stage0,RUNN/stage0/sprites/sprite_110461088_anim00.png,1,,,,
0x0708a4a0,118006944,,,EGGS,stage0;stage1;stage2;stage3,EGGS/stage3/sprites/sprite_118006944_anim00_f01.png,8,,,,
0x080c8300,135037696,,,EVIL,primary,EVIL/primary/sprites/sprite_135037696_anim00.png,1,"Curtain/wall texture (green/blue vertical bars, EVIL/FINN/RUNN)",,MED,"Repeated bar pattern, possibly background panel"
0x08148300,135561984,,,EVIL;FINN;RUNN,primary,RUNN/primary/sprites/sprite_135561984_anim00.png,3,,,,
0x08188300,135824128,,,EVIL;FINN;RUNN,primary,RUNN/primary/sprites/sprite_135824128_anim00.png,3,,,,
0x08192250,135864912,,,MEGA,primary,MEGA/primary/sprites/sprite_135864912_anim00_f01.png,7,MEGA boss skeleton with skull-head (MEGA),,HIGH,
0x081c8302,136086274,,,EVIL;FINN;RUNN,primary,FINN/primary/sprites/sprite_136086274_anim00.png,3,,,,
0x081d8300,136151808,,,EVIL;FINN;RUNN,primary,RUNN/primary/sprites/sprite_136151808_anim00.png,3,,,,
0x081e8300,136217344,,,EVIL;FINN;RUNN,primary,RUNN/primary/sprites/sprite_136217344_anim00.png,3,,,,
0x08208902,136349954,,,BOIL;BRG1;CAVE;CLOU;CRYS;CSTL;EGGS;EVIL;FOOD;GLID;HEAD;MEGA;MOSS;PHRO;RUNN;SCIE;SEVN;SOAR;TMPL;WEED;WIZZ,primary,HEAD/primary/sprites/sprite_136349954_anim03_f01.png,80,,,,
0x082c0536,137102646,,,EVIL;SCIE,stage3;stage4,SCIE/stage3/sprites/sprite_137102646_anim00_f06.png,14,,,,
0x082e03d8,137233368,,,EVIL,primary,EVIL/primary/sprites/sprite_137233368_anim00.png,1,,,,
0x083488e2,137660642,,,KLOG,primary,KLOG/primary/sprites/sprite_137660642_anim00_f04.png,14,,,,
0x085860d4,140009684,,,MEGA,primary,MEGA/primary/sprites/sprite_140009684_anim00_f14.png,15,MEGA boss skeleton (MEGA),,HIGH,
0x085c8300,140280576,,,FINN,primary,FINN/primary/sprites/sprite_140280576_anim00.png,1,,,,
0x08624580,140658048,,,BRG1;SOAR,stage0;stage1;stage2;stage4,SOAR/stage2/sprites/sprite_140658048_anim00_f09.png,70,Small green chevron/triangle pickup,,HIGH,Used by TriggerCollectible100CTickCallback (line 28933); plays FX 0x62000441
0x08814c64,142691428,,,BRG1;CAVE;CLOU;CRYS;CSTL;EGGS;EVIL;GLID;MOSS;SEVN;SOAR;WEED;WIZZ,primary,WIZZ/primary/sprites/sprite_142691428_anim00_f03.png,52,,,,
0x088c5011,143413265,,,FINN,primary,FINN/primary/sprites/sprite_143413265_anim00_f03.png,20,,,,
0x08b9135c,146346844,,,GLEN,primary,GLEN/primary/sprites/sprite_146346844_anim00_f04.png,6,,,,
0x08ba0250,146408016,,,GLEN,primary,GLEN/primary/sprites/sprite_146408016_anim00_f04.png,6,,,,
0x08bc8013,146571283,,,KLOG,primary,KLOG/primary/sprites/sprite_146571283_anim00_f06.png,8,Klogg boss cluster sprite (KLOG),,HIGH,
0x08de7215,148795925,,,WIZZ,primary,WIZZ/primary/sprites/sprite_148795925_anim00_f30.png,34,Green tadpole projectile variant (WIZZ),,HIGH,
0x092b8480,153846912,,,BOIL;BRG1;CAVE;CLOU;CRYS;CSTL;EGGS;EVIL;FOOD;GLID;HEAD;MEGA;MOSS;PHRO;SCIE;SEVN;SNOW;SOAR;TMPL;WEED;WIZZ,primary,WIZZ/primary/sprites/sprite_153846912_anim00.gif,21,,,,
0x093080c8,154173640,,,BRG1;CAVE;CRYS;SNOW;SOAR,stage0;stage1;stage2;stage3;stage4,SOAR/stage2/sprites/sprite_154173640_anim00_f01.png,24,,,,
0x09382152,154673490,,,MEGA,primary,MEGA/primary/sprites/sprite_154673490_anim00_f14.png,15,MEGA boss skeleton (MEGA),,HIGH,
0x09406d8a,155217290,,,BOIL;BRG1;CAVE;CLOU;CRYS;CSTL;EGGS;EVIL;FOOD;GLID;MOSS;PHRO;SCIE;SNOW;TMPL;WEED,primary;stage0;stage1;stage2;stage3;stage4,EVIL/primary/sprites/sprite_155217290_anim00.png,56,,,,
0x09993072,161034354,,,MEGA,primary,MEGA/primary/sprites/sprite_161034354_anim00_f07.png,8,,,,
0x09ce0610,164496912,,,CSTL;FOOD;SEVN;TMPL,primary;stage0;stage1;stage3,SEVN/primary/sprites/sprite_164496912_anim00.png,7,,,,
0x0a08c490,168346768,,,BRG1;CAVE;CLOU;CRYS;CSTL;EGGS;EVIL;GLID;MOSS;SEVN;SOAR;WEED;WIZZ,primary,WIZZ/primary/sprites/sprite_168346768_anim00_f10.png,156,,,,
0x0a1820d4,169353428,,,MEGA,primary,MEGA/primary/sprites/sprite_169353428_anim00_f01.png,45,MEGA boss body (MEGA),,HIGH,
0x0a3a4051,171589713,,,BOIL;BRG1;CAVE;CLOU;CRYS;CSTL;EGGS;EVIL;FOOD;GLID;HEAD;MEGA;MOSS;PHRO;SCIE;SEVN;SNOW;SOAR;TMPL;WEED;WIZZ,primary,WIZZ/primary/sprites/sprite_171589713_anim00.gif,21,,,,
0x0a921e2c,177348140,,,BRG1;CAVE;CLOU;CRYS;CSTL;EGGS;EVIL;GLID;MOSS;SEVN;SOAR;WEED;WIZZ,primary,WIZZ/primary/sprites/sprite_177348140_anim00_f22.png,455,,,,
0x0aa18900,178358528,,,KLOG,primary,KLOG/primary/sprites/sprite_178358528_anim00_f12.png,15,,,,
0x0aabc010,179027984,,,BOIL;BRG1;CAVE;CLOU;CRYS;CSTL;EGGS;EVIL;FOOD;GLID;HEAD;MEGA;MOSS;PHRO;SCIE;SEVN;SNOW;SOAR;TMPL;WEED;WIZZ,primary,WIZZ/primary/sprites/sprite_179027984_anim00_f00.png,84,,,,
0x0ace0610,181274128,,,CSTL;FOOD;SEVN;TMPL,primary;stage0;stage1;stage3,SEVN/primary/sprites/sprite_181274128_anim00.png,7,,,,
0x0ad0f813,181467155,,,BOIL;BRG1;CAVE;CLOU;CRYS;CSTL;EGGS;EVIL;FINN;FOOD;GLEN;GLID;HEAD;KLOG;MEGA;MENU;MOSS;PHRO;RUNN;SCIE;SEVN;SNOW;SOAR;TMPL;WEED;WIZZ,primary,WIZZ/primary/sprites/sprite_181467155_anim00.png,26,Text: Paused,PAUSED,formula-confirmed,Agent visual read as PAUSED; exact name hashes to this ID with seed 0x28c0e011
0x0b0811bb,185078203,,,HEAD,primary,HEAD/primary/sprites/sprite_185078203_anim00_f07.png,9,,,,
0x0b081dbb,185081275,,,HEAD,primary,HEAD/primary/sprites/sprite_185081275_anim00_f07.png,9,,,,
0x0b2084d0,186680528,,,BOIL;BRG1;CAVE;CLOU;CRYS;CSTL;EGGS;EVIL;FOOD;GLID;HEAD;MEGA;MOSS;PHRO;SCIE;SEVN;SNOW;SOAR;TMPL;WEED;WIZZ,primary,WIZZ/primary/sprites/sprite_186680528_anim00.gif,21,Klaymen running (variant),,visual-confirmed,
0x0b290ba2,187239330,,,HEAD,primary,HEAD/primary/sprites/sprite_187239330_anim00_f06.png,8,,,,
0x0bbb70ac,196833452,,,BOIL;BRG1;CAVE;CLOU;CRYS;CSTL;EGGS;FOOD;GLID;MOSS;PHRO;SCIE;SNOW;SOAR;TMPL;WEED,stage1;stage2;stage3;stage4,WEED/stage2/sprites/sprite_196833452_anim00_f09.png,240,,,,
0x0c01c014,201441300,,,GLEN,primary,GLEN/primary/sprites/sprite_201441300_anim00_f02.png,3,,,,
0x0c34aa22,204778018,,,KLOG,primary,KLOG/primary/sprites/sprite_204778018_anim00_f06.png,10,"Klogg-ball projectile (yellow ball, KLOG)",,HIGH,"Per docs round 3 ground truth: ""Klogg-ball 0x0c34aa22"""
0x0c78005c,209191004,,,GLEN,primary,docs/analysis/asset-identification/direct_blb_thumbnails/sprite_209191004_direct.png,1,,,,
0x0cce0610,214828560,,,CSTL;FOOD;SEVN;TMPL,primary;stage0;stage1;stage3,SEVN/primary/sprites/sprite_214828560_anim00.png,7,,,,
0x0e0ac230,235586096,,,BOIL;BRG1;CAVE;CLOU;CRYS;CSTL;EGGS;EVIL;FOOD;GLID;HEAD;MEGA;MOSS;PHRO;SCIE;SEVN;SNOW;SOAR;TMPL;WEED;WIZZ,primary,WIZZ/primary/sprites/sprite_235586096_anim00.gif,21,,,,
0x0e3889be,238586302,,,HEAD,primary,docs/analysis/asset-identification/direct_blb_thumbnails/sprite_238586302_direct.png,1,,,,
0x10057441,268792897,,,WIZZ,primary,WIZZ/primary/sprites/sprite_268792897_anim00_f03.png,21,Blue blob projectile (WIZZ),,HIGH,
0x10094096,269041814,,,MENU,primary,MENU/primary/sprites/sprite_269041814_anim00.png,1,,,,
0x10882010,277356560,,,EVIL,primary,EVIL/primary/sprites/sprite_277356560_anim00.png,1,,,,
0x10b85810,280516624,,,FINN,primary,FINN/primary/sprites/sprite_280516624_anim00_f03.png,8,"FINN player directional sprite (Klaymen-flame, frame/dir 1)",,HIGH,FINN family stem 0x10b95810 (16 dirs); cracked per round 17 family structure
0x10b91810,280565776,,,FINN,primary,FINN/primary/sprites/sprite_280565776_anim00_f07.png,8,FINN player directional sprite (frame/dir 2),,HIGH,FINN family stem 0x10b95810
0x10b9181c,280565788,,,FINN,primary,FINN/primary/sprites/sprite_280565788_anim00_f06.png,8,FINN player directional sprite (frame/dir 3),,HIGH,FINN family stem 0x10b95810
0x10b94810,280578064,,,FINN,primary,FINN/primary/sprites/sprite_280578064_anim00_f02.png,8,FINN player directional sprite (frame/dir 4),,HIGH,FINN family stem 0x10b95810
0x10b9481c,280578076,,,FINN,primary,FINN/primary/sprites/sprite_280578076_anim00_f05.png,8,FINN player directional sprite (frame/dir 5),,HIGH,FINN family stem 0x10b95810
0x10b95010,280580112,,,FINN,primary,FINN/primary/sprites/sprite_280580112_anim00_f02.png,8,FINN player directional sprite (frame/dir 6),,HIGH,FINN family stem 0x10b95810
0x10b9501c,280580124,,,FINN,primary,FINN/primary/sprites/sprite_280580124_anim00_f03.png,8,FINN player directional sprite (frame/dir 7),,HIGH,FINN family stem 0x10b95810
0x10b95a10,280582672,,,FINN,primary,FINN/primary/sprites/sprite_280582672_anim00_f05.png,8,FINN player directional sprite (frame/dir 8),,HIGH,FINN family stem 0x10b95810
0x10b95a1c,280582684,,,FINN,primary,FINN/primary/sprites/sprite_280582684_anim00_f06.png,8,FINN player directional sprite (frame/dir 9),,HIGH,FINN family stem 0x10b95810
0x10b95c10,280583184,,,FINN,primary,FINN/primary/sprites/sprite_280583184_anim00_f06.png,8,FINN player directional sprite (frame/dir A),,HIGH,FINN family stem 0x10b95810
0x10b95c1c,280583196,,,FINN,primary,FINN/primary/sprites/sprite_280583196_anim00_f03.png,8,FINN player directional sprite (frame/dir B),,HIGH,FINN family stem 0x10b95810
0x10b97810,280590352,,,FINN,primary,FINN/primary/sprites/sprite_280590352_anim00_f06.png,8,FINN player directional sprite (frame/dir C),,HIGH,FINN family stem 0x10b95810
0x10b9781c,280590364,,,FINN,primary,FINN/primary/sprites/sprite_280590364_anim00_f06.png,8,FINN player directional sprite (frame/dir D),,HIGH,FINN family stem 0x10b95810
0x10b9d810,280614928,,,FINN,primary,FINN/primary/sprites/sprite_280614928_anim00_f06.png,8,FINN player directional sprite (frame/dir E),,HIGH,FINN family stem 0x10b95810
0x10b9d81c,280614940,,,FINN,primary,FINN/primary/sprites/sprite_280614940_anim00_f04.png,8,FINN player directional sprite (frame/dir F),,HIGH,FINN family stem 0x10b95810
0x10bb5810,280713232,,,FINN,primary,FINN/primary/sprites/sprite_280713232_anim00_f05.png,8,FINN player directional sprite (frame/dir 16),,HIGH,FINN family stem 0x10b95810
0x112ae088,288022664,,,EGGS,stage0;stage1;stage2;stage3,EGGS/stage3/sprites/sprite_288022664_anim00_f02.png,12,,,,
0x12308128,305168680,,,RUNN,stage0,RUNN/stage0/sprites/sprite_305168680_anim00_f13.png,16,,,,
0x12800031,310378545,,,BOIL;CAVE;CRYS;CSTL;EGGS;GLID;MOSS;SEVN;SNOW,primary;stage0;stage1;stage2;stage3;stage4,MOSS/primary/sprites/sprite_310378545_anim00.png,17,,,,
0x168254b5,377640117,,,FINN,primary,FINN/primary/sprites/sprite_377640117_anim00_f05.png,6,"Player projectile (green ring/oval, FINN)",,HIGH,"Per docs round 3 ground truth: ""projectile 0x168254b5"""
0x181c3854,404502612,,,WIZZ,primary,WIZZ/primary/sprites/sprite_404502612_anim00_f04.png,5,Skull-bar weapon (WIZZ),,HIGH,
0x18248010,405045264,,,KLOG,primary,docs/analysis/asset-identification/direct_blb_thumbnails/sprite_405045264_direct.png,1,,,,
0x18298210,405373456,,,BOIL;BRG1;CAVE;CLOU;CRYS;CSTL;EGGS;EVIL;FOOD;GLID;HEAD;MEGA;MOSS;PHRO;SCIE;SEVN;SNOW;SOAR;TMPL;WEED;WIZZ,primary,WIZZ/primary/sprites/sprite_405373456_anim00.gif,21,,,,
0x18ce0610,416155152,,,CSTL;FOOD;SEVN;TMPL,primary;stage0;stage1;stage3,SEVN/primary/sprites/sprite_416155152_anim00.png,7,,,,
0x18e88110,417890576,,,,,,,Glenn Yntis boss death animation frame 1,,HIGH,GlennYntisDeath cohort; GlennYntisDeathEventHandler. GLEN level only
0x18e88310,417891088,,,GLEN,primary,GLEN/primary/sprites/sprite_417891088_anim00_f04.png,6,Glenn Yntis boss death animation frame 2,,HIGH,GlennYntisDeath cohort sister
0x18e88510,417891600,,,GLEN,primary,docs/analysis/asset-identification/direct_blb_thumbnails/sprite_417891600_direct.png,1,Glenn Yntis boss death animation frame 3,,HIGH,GlennYntisDeath cohort sister
0x18e88910,417892624,,,GLEN,primary,GLEN/primary/sprites/sprite_417892624_anim00_f04.png,5,Glenn Yntis boss death animation frame 4,,HIGH,GlennYntisDeath cohort sister
0x18e8c704,417908484,,,GLEN,primary,GLEN/primary/sprites/sprite_417908484_anim00_f04.png,12,,,,
0x193ca112,423403794,,,KLOG,primary,KLOG/primary/sprites/sprite_423403794_anim00_f01.png,3,Klogg boss cluster (KLOG),,HIGH,
0x1a202d81,438316417,,,RUNN,primary,RUNN/primary/sprites/sprite_438316417_anim00.gif,1,,,,
0x1a28c11a,438878490,,,BOIL;BRG1;CAVE;CLOU;CRYS;CSTL;EGGS;EVIL;FOOD;GLID;HEAD;MEGA;MOSS;PHRO;SCIE;SEVN;SNOW;SOAR;TMPL;WEED;WIZZ,primary,WIZZ/primary/sprites/sprite_438878490_anim00.gif,21,,,,
0x1a2ab594,439006612,,,BOIL;BRG1;CAVE;CLOU;CRYS;CSTL;EGGS;EVIL;FOOD;GLID;HEAD;MEGA;MOSS;PHRO;RUNN;SCIE;SEVN;SNOW;SOAR;TMPL;WEED;WIZZ,primary,WIZZ/primary/sprites/sprite_439006612_anim00_f05.png,154,,,,
0x1a2c8516,439125270,,,KLOG,primary,KLOG/primary/sprites/sprite_439125270_anim00_f06.png,7,,,,
0x1a3109b2,439421362,,,HEAD,primary,HEAD/primary/sprites/sprite_439421362_anim00_f02.png,3,,,,
0x1b280858,455608408,,,KLOG,primary,KLOG/primary/sprites/sprite_455608408_anim00_f04.png,6,Klogg shrine/tower with player on top (KLOG),,HIGH,
0x1b280c33,455609395,,,KLOG,primary,KLOG/primary/sprites/sprite_455609395_anim00_f03.png,6,"Klogg shrine with player (KLOG, variant)",,HIGH,
0x1b301085,456134789,,,BOIL;BRG1;CAVE;CLOU;CRYS;CSTL;EGGS;EVIL;FOOD;GLEN;GLID;HEAD;MEGA;MOSS;PHRO;RUNN;SCIE;SEVN;SOAR;TMPL;WEED;WIZZ,primary,HEAD/primary/sprites/sprite_456134789_anim03_f01.png,81,,,,
0x1c395196,473518486,,,BOIL;BRG1;CAVE;CLOU;CRYS;CSTL;EGGS;EVIL;FOOD;GLID;HEAD;MEGA;MOSS;PHRO;SCIE;SEVN;SNOW;SOAR;TMPL;WEED;WIZZ,primary,WIZZ/primary/sprites/sprite_473518486_anim00_f08.png,273,,,,
0x1c3aa013,473604115,,,BOIL;BRG1;CAVE;CLOU;CRYS;CSTL;EGGS;EVIL;FOOD;GLID;HEAD;MEGA;MOSS;PHRO;SCIE;SEVN;SNOW;SOAR;TMPL;WEED;WIZZ,primary,WIZZ/primary/sprites/sprite_473604115_anim00_f13.png,294,,,,
0x1c8c2437,478946359,,,CLOU;CRYS;CSTL;EGGS;EVIL;MOSS;SEVN;SOAR;WEED;WIZZ,primary,WIZZ/primary/sprites/sprite_478946359_anim00_f05.png,70,,,,
0x1cf99931,486119729,,,BOIL;BRG1;CAVE;CLOU;CRYS;CSTL;EGGS;EVIL;FOOD;GLID;HEAD;MEGA;MOSS;PHRO;SCIE;SEVN;SNOW;SOAR;TMPL;WEED;WIZZ,primary,WIZZ/primary/sprites/sprite_486119729_anim00_f04.png,231,,,,
0x1d1811b3,488116659,,,BOIL;BRG1;CAVE;CLOU;CRYS;CSTL;EGGS;EVIL;FOOD;GLID;HEAD;MEGA;MOSS;SEVN;SNOW;SOAR;TMPL;WEED;WIZZ,primary,docs/analysis/asset-identification/direct_blb_thumbnails/sprite_488116659_direct.png,1,,,,
0x1df99931,502896945,,,BOIL;BRG1;CAVE;CLOU;CRYS;CSTL;EGGS;EVIL;FOOD;GLID;HEAD;MEGA;MOSS;PHRO;SCIE;SEVN;SNOW;SOAR;TMPL;WEED;WIZZ,primary,WIZZ/primary/sprites/sprite_502896945_anim00_f04.png,231,,,,
0x1e089010,503877648,,,BOIL;BRG1;CAVE;CLOU;CRYS;CSTL;EGGS;EVIL;FOOD;GLID;HEAD;MEGA;MOSS;PHRO;SCIE;SEVN;SNOW;SOAR;TMPL;WEED;WIZZ,primary,WIZZ/primary/sprites/sprite_503877648_anim00.gif,21,,,,
0x1e1000b3,504365235,,,BOIL;BRG1;CAVE;CLOU;CRYS;CSTL;EGGS;EVIL;FOOD;GLID;HEAD;MEGA;MOSS;SEVN;SNOW;SOAR;TMPL;WEED;WIZZ,primary,WIZZ/primary/sprites/sprite_504365235_anim00_f20.png,627,,,,
0x1e181d10,504896784,,,RUNN,primary,RUNN/primary/sprites/sprite_504896784_anim00_f02.png,8,,,,
0x1e28e0d4,505995476,,,BOIL;BRG1;CAVE;CLOU;CRYS;CSTL;EGGS;EVIL;FOOD;GLID;HEAD;MOSS;SEVN;SNOW;SOAR;WEED;WIZZ,primary,WIZZ/primary/sprites/sprite_505995476_anim00_f12.png,374,,,,
0x1ef99931,519674161,,,BOIL;BRG1;CAVE;CLOU;CRYS;CSTL;EGGS;EVIL;FOOD;GLID;HEAD;MEGA;MOSS;PHRO;SCIE;SEVN;SNOW;SOAR;TMPL;WEED;WIZZ,primary,WIZZ/primary/sprites/sprite_519674161_anim00_f04.png,231,,,,
0x20211e5f,539041375,,,FOOD;SNOW,primary;stage2,SNOW/primary/sprites/sprite_539041375_anim00_f01.png,8,,,,
0x21229c5c,555916380,,,FOOD;SNOW,primary;stage2,SNOW/primary/sprites/sprite_555916380_anim00_f16.png,34,,,,
0x212a9c2d,556440621,,,TMPL,stage0,TMPL/stage0/sprites/sprite_556440621_anim00_f06.png,13,Brown alien sloth/bear creature (TMPL),,HIGH,
0x21842018,562307096,,,FINN,primary,FINN/primary/sprites/sprite_562307096_anim00_f08.png,9,Klaymen base/player sprite (FINN),,HIGH,"Per docs round 3 ground truth: ""player/Klaymen 0x21842018"""
0x21a81d54,564665684,,,FOOD;SNOW,primary;stage2,SNOW/primary/sprites/sprite_564665684_anim00_f16.png,34,,,,
0x222222d8,572662488,,,EVIL,primary,EVIL/primary/sprites/sprite_572662488_anim00.png,1,,,,
0x222d9098,573411480,,,EVIL;SCIE,stage3;stage4,SCIE/stage3/sprites/sprite_573411480_anim00_f69.png,144,,,,
0x23683294,594031252,,,BOIL;BRG1;CAVE;CLOU;CRYS;CSTL;EGGS;EVIL;FOOD;GLID;HEAD;MEGA;MOSS;PHRO;RUNN;SCIE;SEVN;SNOW;SOAR;TMPL;WEED;WIZZ,primary,WIZZ/primary/sprites/sprite_594031252_anim00_f03.png,110,,,,
0x24002913,603990291,,,FOOD;SNOW,primary;stage2,SNOW/primary/sprites/sprite_603990291_anim00_f10.png,22,,,,
0x2524e089,623173769,,,EGGS,stage0;stage1;stage2;stage3,EGGS/stage3/sprites/sprite_623173769_anim00_f00.png,8,,,,
0x262e0319,640549657,,,EVIL,primary,EVIL/primary/sprites/sprite_640549657_anim00.png,1,,,,
0x282b8491,673940625,,,BOIL;BRG1;CAVE;CLOU;CRYS;CSTL;EGGS;EVIL;FOOD;GLID;HEAD;MEGA;MOSS;PHRO;SCIE;SEVN;SNOW;SOAR;TMPL;WEED;WIZZ,primary,WIZZ/primary/sprites/sprite_673940625_anim00.gif,21,,,,
0x28a0c119,681623833,,,MENU,stage0,MENU/stage0/sprites/sprite_681623833_anim00_f07.png,76,Three crowned ducklings/characters (MENU),,HIGH,
0x28c080df,683704543,,,BOIL;BRG1;CAVE;CLOU;CRYS;CSTL;EGGS;EVIL;FINN;FOOD;GLEN;GLID;HEAD;KLOG;MEGA;MENU;MOSS;PHRO;RUNN;SCIE;SEVN;SNOW;SOAR;TMPL;WEED;WIZZ,primary,WIZZ/primary/sprites/sprite_683704543_anim00.png,26,"DEMO text stamp (renders the word ""DEMO"" on screen)",,HIGH,Visible from sprite thumbnail; likely WRAP-namespace UI text
0x28ce0610,684590608,,,CSTL;FOOD;SEVN;TMPL,primary;stage0;stage1;stage3,SEVN/primary/sprites/sprite_684590608_anim00.png,7,,,,
0x292e8480,690914432,,,BOIL;BRG1;CAVE;CLOU;CRYS;CSTL;EGGS;EVIL;FOOD;GLID;HEAD;MEGA;MOSS;PHRO;SCIE;SEVN;SNOW;SOAR;TMPL;WEED;WIZZ,primary,WIZZ/primary/sprites/sprite_690914432_anim00.gif,21,,,,
0x29c0e211,700506641,,,BOIL;BRG1;CAVE;CLOU;CRYS;CSTL;EGGS;EVIL;FINN;FOOD;GLEN;GLID;HEAD;KLOG;MEGA;MENU;MOSS;PHRO;RUNN;SCIE;SEVN;SNOW;SOAR;TMPL;WEED;WIZZ,primary,WIZZ/primary/sprites/sprite_700506641_anim00.png,26,Text: No,NO,visual-user,User identified as the word No; strong exact-name candidate
0x2a6e0410,711853072,0xcf36c451,0xca688571,EGGS,stage0;stage1;stage2;stage3,EGGS/stage3/sprites/sprite_711853072_anim00_f01.png,12,"Klaymen hands/arms reaching (EGGS, localized)",,HIGH,One of LOCALIZED_23
0x2ad0f011,718336017,,,BOIL;BRG1;CAVE;CLOU;CRYS;CSTL;EGGS;EVIL;FINN;FOOD;GLEN;GLID;HEAD;KLOG;MEGA;MENU;MOSS;PHRO;RUNN;SCIE;SEVN;SNOW;SOAR;TMPL;WEED;WIZZ,primary,WIZZ/primary/sprites/sprite_718336017_anim00.png,26,Text: Yes,YES,visual-user,User identified as the word Yes; strong exact-name candidate
0x2b3889b2,725125554,,,HEAD,primary,HEAD/primary/sprites/sprite_725125554_anim00_f07.png,58,"Joe-Head-Joe boss face (dreadlocks/braids, HEAD)",,HIGH,HEAD-level boss main face sprite
0x2b79835d,729383773,,,GLEN,primary,docs/analysis/asset-identification/direct_blb_thumbnails/sprite_729383773_direct.png,1,,,,
0x2c182010,739778576,,,MEGA,primary,MEGA/primary/sprites/sprite_739778576_anim00_f01.png,45,MEGA boss body (MEGA),,HIGH,
0x2cda4604,752502276,,,BRG1;PHRO;SOAR,primary;stage0;stage1;stage2;stage3,SOAR/primary/sprites/sprite_752502276_anim00_f05.png,42,,,,
0x2d688254,761823828,,,GLEN,primary,docs/analysis/asset-identification/direct_blb_thumbnails/sprite_761823828_direct.png,1,,,,
0x2e809804,780179460,,,KLOG,primary,KLOG/primary/sprites/sprite_780179460_anim00_f04.png,5,,,,
0x2e811804,780212228,,,KLOG,primary,KLOG/primary/sprites/sprite_780212228_anim00_f03.png,5,,,,
0x2e839804,780376068,,,KLOG,primary,KLOG/primary/sprites/sprite_780376068_anim00_f03.png,5,,,,
0x3080820d,813728269,,,MENU,stage0;stage4;stage5,MENU/stage5/sprites/sprite_813728269_anim00_f14.png,45,,,,
0x3080840d,813728781,,,MENU,stage0;stage4;stage5,MENU/stage5/sprites/sprite_813728781_anim00_f11.png,36,,,,
0x30808e0d,813731341,,,MENU,stage0;stage4;stage5,MENU/stage5/sprites/sprite_813731341_anim00_f09.png,30,,,,
0x3099991b,815372571,,,MENU,stage1,MENU/stage1/sprites/sprite_815372571_anim00_f00.png,2,,,,
0x30a0c119,815841561,,,MENU,stage5,MENU/stage5/sprites/sprite_815841561_anim00_f07.png,76,"Three crowned ducklings (MENU, 76 frames)",,HIGH,
0x323ac9be,842713534,,,HEAD,primary,docs/analysis/asset-identification/direct_blb_thumbnails/sprite_842713534_direct.png,1,,,,
0x326e0410,846070800,0xd736c451,0xd2688571,FOOD;TMPL,stage0;stage1;stage2,TMPL/stage0/sprites/sprite_846070800_anim00_f01.png,9,Localized sprite (FOOD/TMPL) - sister of 0x2a6e0410,,MED,One of LOCALIZED_23; sister of 0x2a6e0410
0x33808e1b,864063003,,,MENU,primary,MENU/primary/sprites/sprite_864063003_anim00_f32.png,36,Menu cursor animation frame,CURSOR,visual-user,User identified as another frame of the menu cursor animation
0x344210b1,876744881,,,FINN,primary,FINN/primary/sprites/sprite_876744881_anim00_f05.png,8,,,,
0x35289fae,891854766,,,TMPL,stage0,TMPL/stage0/sprites/sprite_891854766_anim00_f04.png,7,Brown alien creature variant (TMPL),,HIGH,
0x3838801a,943226906,,,BOIL;BRG1;CAVE;CLOU;CRYS;CSTL;EGGS;EVIL;FOOD;GLID;HEAD;MEGA;MOSS;PHRO;SCIE;SEVN;SNOW;SOAR;TMPL;WEED;WIZZ,primary,WIZZ/primary/sprites/sprite_943226906_anim00_f08.png,273,,,,
0x38a0c119,950059289,,,MENU,stage0;stage4;stage5,MENU/stage5/sprites/sprite_950059289_anim00_f31.png,96,,,,
0x392cb014,959229972,,,BOIL;BRG1;CAVE;CLOU;CRYS;CSTL;EGGS;EVIL;FOOD;GLID;HEAD;MEGA;MOSS;SEVN;SNOW;SOAR;TMPL;WEED;WIZZ,primary,WIZZ/primary/sprites/sprite_959229972_anim00_f02.png,57,,,,
0x393c80c2,960266434,,,BOIL;BRG1;CAVE;CLOU;CRYS;CSTL;EGGS;EVIL;FOOD;GLID;HEAD;MEGA;MOSS;PHRO;SCIE;SEVN;SOAR;TMPL;WEED;WIZZ,primary,HEAD/primary/sprites/sprite_960266434_anim03_f01.png,79,,,,
0x39900619,965740057,,,MENU,primary,MENU/primary/sprites/sprite_965740057_anim00.png,1,,,,
0x3a186940,974678336,,,CAVE;EGGS;GLID;WEED,stage0;stage1;stage2;stage3;stage4,WEED/stage2/sprites/sprite_974678336_anim00_f02.png,36,,,,
0x3a186980,974678400,,,CAVE;EGGS;GLID;WEED,stage0;stage1;stage2;stage3;stage4,WEED/stage2/sprites/sprite_974678400_anim00_f12.png,216,,,,
0x3a3a49b2,976898482,,,HEAD,primary,docs/analysis/asset-identification/direct_blb_thumbnails/sprite_976898482_direct.png,1,,,,
0x3c389550,1010341200,,,RUNN,primary,RUNN/primary/sprites/sprite_1010341200_anim00.gif,1,,,,
0x3d348056,1026850902,,,BOIL;BRG1;CAVE;CLOU;CRYS;CSTL;EGGS;EVIL;FOOD;GLEN;GLID;HEAD;KLOG;MEGA;MOSS;PHRO;RUNN;SCIE;SEVN;SNOW;SOAR;TMPL;WEED;WIZZ,primary,WIZZ/primary/sprites/sprite_1026850902_anim00_f01.png,288,,,,
0x3da80d13,1034423571,,,KLOG,primary,KLOG/primary/sprites/sprite_1034423571_anim00_f05.png,6,,,,
0x3eb98520,1052345632,,,RUNN,primary,RUNN/primary/sprites/sprite_1052345632_anim00.gif,1,,,,
0x40098a60,1074367072,,,FOOD;TMPL,stage0;stage1;stage2,TMPL/stage0/sprites/sprite_1074367072_anim00_f04.png,24,,,,
0x400c989d,1074567325,,,BOIL;BRG1;CRYS;MOSS;SCIE;SNOW;SOAR;TMPL,stage0;stage1;stage2;stage3;stage4,TMPL/stage2/sprites/sprite_1074567325_anim00.gif,22,,,,
0x400c991d,1074567453,,,BOIL;BRG1;CRYS;MOSS;SCIE;SNOW;SOAR;TMPL,tertiary0;tertiary1;tertiary2;tertiary3;tertiary4,docs/analysis/asset-identification/direct_blb_thumbnails/sprite_1074567453_direct.png,1,,,,
0x400c9a1d,1074567709,,,PHRO;SCIE,tertiary0;tertiary1;tertiary2;tertiary3,docs/analysis/asset-identification/direct_blb_thumbnails/sprite_1074567709_direct.png,1,,,,
0x40106054,1074815060,,,MEGA,primary,MEGA/primary/sprites/sprite_1074815060_anim00_f14.png,15,,,,
0x40189a1d,1075354141,,,BOIL;BRG1;CRYS;MOSS;SCIE;SNOW;SOAR;TMPL,stage0;stage1;stage2;stage3;stage4,TMPL/stage2/sprites/sprite_1075354141_anim00_f01.png,110,,,,
0x40489938,1078499640,,,CLOU;CRYS;SOAR,stage0;stage1;stage2;stage3;stage4,SOAR/stage2/sprites/sprite_1078499640_anim00_f03.png,55,,,,
0x404c5919,1078745369,,,SCIE;SNOW,tertiary0,docs/analysis/asset-identification/direct_blb_thumbnails/sprite_1078745369_direct.png,1,,,,
0x407801d0,1081606608,,,GLEN,primary,GLEN/primary/sprites/sprite_1081606608_anim00_f07.png,8,,,,
0x407801dc,1081606620,,,GLEN,primary,GLEN/primary/sprites/sprite_1081606620_anim00_f00.png,6,Spider robot (GLEN boss area),,HIGH,Per docs: GLEN level boss/enemy
0x408a1c10,1082792976,,,CAVE,primary,CAVE/primary/sprites/sprite_1082792976_anim00_f02.png,3,Yellow disc/pickup (CAVE level),,MED,
0x408a2c10,1082797072,,,FOOD,primary,FOOD/primary/sprites/sprite_1082797072_anim00_f05.png,6,,,,
0x40b18011,1085374481,,,MENU,stage4,MENU/stage4/sprites/sprite_1085374481_anim00_f02.png,3,,,,
0x40b28011,1085440017,,,MENU,stage4,MENU/stage4/sprites/sprite_1085440017_anim00_f12.png,77,"Klaymen with arms up holding object (MENU, yellow garb)",,HIGH,
0x40b48011,1085571089,,,MENU,stage4,MENU/stage4/sprites/sprite_1085571089_anim00_f02.png,3,Klaymen with arms up (MENU variant),,HIGH,
0x40c21c10,1086462992,,,BRG1,primary,BRG1/primary/sprites/sprite_1086462992_anim00_f05.png,6,,,,
0x40c22c10,1086467088,,,SCIE,primary,SCIE/primary/sprites/sprite_1086467088_anim00_f02.png,3,,,,
0x40da1c10,1088035856,,,FINN,primary,FINN/primary/sprites/sprite_1088035856_anim00.png,1,,,,
0x40da2c10,1088039952,,,EGGS,primary,EGGS/primary/sprites/sprite_1088039952_anim00_f02.png,3,,,,
0x40ea1c10,1089084432,,,CLOU,primary,CLOU/primary/sprites/sprite_1089084432_anim00_f02.png,3,,,,
0x40ea2c10,1089088528,,,WEED,primary,WEED/primary/sprites/sprite_1089088528_anim00_f03.png,4,,,,
0x410800f9,1091043577,,,FOOD;TMPL,stage0;stage1;stage2,TMPL/stage0/sprites/sprite_1091043577_anim00_f01.png,9,,,,
0x410808f9,1091045625,,,FOOD;TMPL,stage0;stage1;stage2,TMPL/stage0/sprites/sprite_1091045625_anim00_f01.png,9,,,,
0x410818f9,1091049721,,,FOOD;TMPL,stage0;stage1;stage2,TMPL/stage0/sprites/sprite_1091049721_anim00_f01.png,9,,,,
0x41ca1c10,1103764496,,,CRYS,primary,CRYS/primary/sprites/sprite_1103764496_anim00_f02.png,3,,,,
0x422a0225,1110049317,,,CLOU,primary,CLOU/primary/sprites/sprite_1110049317_anim00_f13.png,15,,,,
0x424d1840,1112348736,,,WIZZ,primary,WIZZ/primary/sprites/sprite_1112348736_anim00.gif,1,Wizard boss (WIZZ variant),,HIGH,
0x425a399c,1113209244,,,BOIL;CLOU;MOSS,stage0;stage1;stage2;stage3;stage4,MOSS/stage4/sprites/sprite_1113209244_anim00_f02.png,36,,,,
0x4260c8b5,1113639093,,,BOIL;CRYS;FOOD;HEAD;MEGA;PHRO;SCIE;SEVN;SNOW;TMPL;WEED;WIZZ,primary,WIZZ/primary/sprites/sprite_1113639093_anim00_f10.png,132,,,,
0x42ca1c10,1120541712,,,CLOU,primary,CLOU/primary/sprites/sprite_1120541712_anim00_f03.png,4,,,,
0x44ca1c10,1154096144,,,TMPL,primary,TMPL/primary/sprites/sprite_1154096144_anim00_f02.png,3,,,,
0x458b0320,1166738208,,,BRG1;SOAR,primary;stage0;stage1;stage2;stage3,SOAR/primary/sprites/sprite_1166738208_anim00_f01.png,20,,,,
0x46269090,1176932496,0x7a8d8898,0x7a2640bc,WIZZ,primary,WIZZ/primary/sprites/sprite_1176932496_anim00.gif,1,"Klaymen with arms up (WIZZ, localized)",,HIGH,One of LOCALIZED_23
0x462c6040,1177313344,,,BOIL;CAVE;CRYS;CSTL;EGGS;GLID;MOSS;SEVN;SNOW;WEED,primary;stage0;stage1;stage2;stage3;stage4,MOSS/primary/sprites/sprite_1177313344_anim00_f00.png,168,,,,
0x46346040,1177837632,,,BOIL;CAVE;CRYS;CSTL;EGGS;GLID;MOSS;SEVN;SNOW;WEED,primary;stage0;stage1;stage2;stage3;stage4,MOSS/primary/sprites/sprite_1177837632_anim00_f03.png,168,,,,
0x46386040,1178099776,,,BOIL;CAVE;CRYS;CSTL;EGGS;GLID;MOSS;SEVN;SNOW;WEED,primary;stage0;stage1;stage2;stage3;stage4,MOSS/primary/sprites/sprite_1178099776_anim00_f00.png,168,,,,
0x463e6040,1178492992,,,BOIL;CAVE;CRYS;CSTL;EGGS;GLID;MOSS;SEVN;SNOW;WEED,primary;stage0;stage1;stage2;stage3;stage4,MOSS/primary/sprites/sprite_1178492992_anim00_f05.png,168,,,,
0x48204012,1210073106,,,BOIL;BRG1;CAVE;CLOU;CRYS;CSTL;EGGS;EVIL;FOOD;GLID;HEAD;MEGA;MOSS;PHRO;SCIE;SEVN;SNOW;SOAR;TMPL;WEED;WIZZ,primary,WIZZ/primary/sprites/sprite_1210073106_anim00_f02.png,63,,,,
0x48608484,1214284932,,,BOIL;CRYS;FOOD;HEAD;MEGA;PHRO;SCIE;SEVN;SNOW;TMPL;WEED;WIZZ,primary,WIZZ/primary/sprites/sprite_1214284932_anim00_f00.png,132,,,,
0x48ca1c10,1221205008,,,CAVE;CRYS,primary,CRYS/primary/sprites/sprite_1221205008_anim00_f02.png,6,,,,
0x48d81135,1222119733,,,GLEN,primary,GLEN/primary/sprites/sprite_1222119733_anim00_f04.png,5,,,,
0x48f843d4,1224229844,,,GLEN,primary,GLEN/primary/sprites/sprite_1224229844_anim00_f04.png,6,,,,
0x49289c14,1227398164,,,BOIL;BRG1;CAVE;CLOU;CRYS;CSTL;EGGS;EVIL;FOOD;GLID;HEAD;MEGA;MOSS;PHRO;SCIE;SEVN;SNOW;SOAR;TMPL;WEED;WIZZ,primary,WIZZ/primary/sprites/sprite_1227398164_anim00_f03.png,105,,,,
0x492c8430,1227654192,0x46064232,0x462cb03b,WIZZ,primary,WIZZ/primary/sprites/sprite_1227654192_anim00_f15.png,65,"Wizard boss main sprite (WIZZ, localized)",,HIGH,One of LOCALIZED_23; WIZZ boss bank per docs
0x4a1ea052,1243521106,0x6aec0c32,0xfaeea312,GLEN,primary,GLEN/primary/sprites/sprite_1243521106_anim00_f07.png,8,"Spider robot variant (GLEN, localized)",,HIGH,One of LOCALIZED_23
0x4a3ea110,1245618448,0x33689100,0x323f0148,MENU,stage4,MENU/stage4/sprites/sprite_1245618448_anim00_f02.png,3,Menu door reveal animation (door opens to show monkey),,HIGH,User identified from sprites_regional_01 as menu sprite door swinging open to reveal monkey; One of LOCALIZED_23; MENU level transition
0x4a4ec094,1246675092,0x0bab9854,0x2baec615,GLEN,primary,docs/analysis/asset-identification/direct_blb_thumbnails/sprite_1246675092_direct.png,1,"Spider robot variant (GLEN, localized)",,HIGH,One of LOCALIZED_23
0x4aee0118,1257111832,0xc924b098,0x892e0c1a,MEGA,primary,MEGA/primary/sprites/sprite_1257111832_anim00_f01.png,45,MEGA boss sprite (localized),,HIGH,User identified from sprites_regional_01; One of the LOCALIZED_23 sprites; MEGA boss bank per docs
0x4baf8200,1269793280,0x4c3ae101,0xcc2f9805,MEGA,primary,MEGA/primary/sprites/sprite_1269793280_anim00_f14.png,15,WIZZ boss sprite (localized),,HIGH,User identified from sprites_regional_01; One of the LOCALIZED_23 sprites; WIZZ boss bank per docs
0x4c106054,1276141652,,,MEGA,primary,MEGA/primary/sprites/sprite_1276141652_anim00_f03.png,5,Large skeleton boss / Shriney Guard variant (MEGA),,HIGH,
0x4c2a8850,1277855824,0x527f0454,0x522ae046,WIZZ,primary,WIZZ/primary/sprites/sprite_1277855824_anim00_f30.png,34,"Green tadpole projectile (WIZZ, localized)",,HIGH,One of LOCALIZED_23
0x4d09d01c,1292488732,,,GLEN,primary,GLEN/primary/sprites/sprite_1292488732_anim00.gif,1,Red juice/potion bottle (GLEN),,MED,
0x512c8430,1361871920,0x5e064232,0x5e2cb03b,BOIL;BRG1;CAVE;CLOU;CRYS;CSTL;EGGS;EVIL;FOOD;GLID;HEAD;MEGA;MOSS;PHRO;SCIE;SEVN;SNOW;SOAR;TMPL;WEED;WIZZ,primary,WIZZ/primary/sprites/sprite_1361871920_anim00.gif,21,Monkey/enemy character bank - localized sister,,HIGH,One of LOCALIZED_23; sister of 0x542a8850 per docs
0x518b11b2,1368068530,,,FOOD,stage2,FOOD/stage2/sprites/sprite_1368068530_anim00_f04.png,5,,,,
0x52186e1c,1377332764,,,FOOD,tertiary0;tertiary1;tertiary2,docs/analysis/asset-identification/direct_blb_thumbnails/sprite_1377332764_direct.png,1,,,,
0x5238cd10,1379454224,,,RUNN,primary,RUNN/primary/sprites/sprite_1379454224_anim00.gif,1,,,,
0x523ea110,1379836176,0x2b689100,0x2a3f0148,EGGS,stage0;stage1;stage2;stage3,EGGS/stage3/sprites/sprite_1379836176_anim00_f02.png,12,"Klaymen arms reaching (EGGS, localized)",,HIGH,One of LOCALIZED_23
0x524ec094,1380892820,0x13ab9854,0x33aec615,BOIL;BRG1;CAVE;CLOU;CRYS;CSTL;EGGS;EVIL;FOOD;GLEN;GLID;HEAD;MEGA;MOSS;PHRO;RUNN;SCIE;SEVN;SOAR;TMPL;WEED;WIZZ,primary,HEAD/primary/sprites/sprite_1380892820_anim03_f01.png,81,Common primary character bank (Klaymen) - localized,,HIGH,"One of LOCALIZED_23; per docs ""common primary character bank"""
0x52a08394,1386251156,,,BOIL;FOOD;HEAD;MEGA;PHRO;SCIE;SNOW,primary,SNOW/primary/sprites/sprite_1386251156_anim00_f27.png,308,,,,
0x52ee0118,1391329560,0xd124b098,0x912e0c1a,BOIL;BRG1;CAVE;CLOU;CRYS;CSTL;EGGS;EVIL;FOOD;GLID;HEAD;MEGA;MOSS;PHRO;SCIE;SEVN;SNOW;SOAR;TMPL;WEED;WIZZ,primary,WIZZ/primary/sprites/sprite_1391329560_anim00_f04.png,231,MEGA boss bank (localized),,HIGH,One of LOCALIZED_23; MEGA boss per docs
0x53209c1c,1394646044,,,FOOD;SNOW,primary;stage2,SNOW/primary/sprites/sprite_1394646044_anim00_f03.png,12,Yellow centurion mech (FOOD/SNOW sister),,HIGH,TROOPER cohort
0x53af8200,1404011008,0x543ae101,0xd42f9805,BOIL;BRG1;CAVE;CLOU;CRYS;CSTL;EGGS;EVIL;FOOD;GLID;HEAD;MEGA;MOSS;PHRO;SCIE;SEVN;SNOW;SOAR;TMPL;WEED;WIZZ,primary,WIZZ/primary/sprites/sprite_1404011008_anim00_f08.png,273,"Yellow centurion mech (FOOD/SNOW, localized sister)",,HIGH,One of LOCALIZED_23; TROOPER cohort
0x542a8850,1412073552,0x4a7f0454,0x4a2ae046,BOIL;BRG1;CAVE;CLOU;CRYS;CSTL;EGGS;EVIL;FOOD;GLID;HEAD;MEGA;MOSS;PHRO;SCIE;SEVN;SNOW;SOAR;TMPL;WEED;WIZZ,primary,WIZZ/primary/sprites/sprite_1412073552_anim00.gif,21,Monkey/enemy character bank - localized,,HIGH,"One of LOCALIZED_23; per docs ""monkey/enemy character bank"""
0x54608016,1415610390,,,BOIL;CAVE;EVIL;FOOD;HEAD;MEGA;PHRO;SCIE;SNOW;TMPL,primary,TMPL/primary/sprites/sprite_1415610390_anim00_f15.png,270,,,,
0x5822c080,1478672512,,,TMPL,stage1;stage2,TMPL/stage2/sprites/sprite_1478672512_anim00_f03.png,12,,,,
0x5838cc16,1480117270,,,BOIL;BRG1;CLOU;FOOD;HEAD;MEGA;PHRO;SCIE;SNOW;TMPL,primary,TMPL/primary/sprites/sprite_1480117270_anim00_f21.png,230,,,,
0x5900c41e,1493222430,,,BOIL;BRG1;CAVE;CLOU;CRYS;CSTL;EGGS;EVIL;FOOD;GLID;HEAD;MEGA;MOSS;PHRO;SCIE;SEVN;SNOW;SOAR;TMPL;WEED;WIZZ,primary,WIZZ/primary/sprites/sprite_1493222430_anim00_f02.png,63,,,,
0x5a088840,1510508608,,,KLOG,primary,KLOG/primary/sprites/sprite_1510508608_anim00_f02.png,5,Klogg boss full body large (KLOG),,HIGH,
0x5a204c30,1512066096,,,BOIL;FOOD;HEAD;MEGA;PHRO;SCIE;SNOW,primary,SNOW/primary/sprites/sprite_1512066096_anim00_f46.png,357,,,,
0x5a2082f2,1512080114,,,BRG1;CAVE;CLOU;CRYS;CSTL;EGGS;EVIL;GLID;MOSS;SEVN;SOAR;WEED;WIZZ,primary,WIZZ/primary/sprites/sprite_1512080114_anim00_f07.png,143,,,,
0x5a89815f,1518960991,,,BOIL;BRG1;CLOU;CRYS;CSTL;EVIL;FOOD;MOSS;PHRO;SCIE;SNOW;SOAR;TMPL,primary;stage0;stage1;stage2;stage3;stage4,SNOW/primary/sprites/sprite_1518960991_anim00_f00.png,294,,,,
0x5ab9815f,1522106719,,,BOIL;BRG1;CLOU;CRYS;CSTL;EVIL;FOOD;MOSS;PHRO;SCIE;SNOW;SOAR;TMPL,primary;stage0;stage1;stage2;stage3;stage4,SNOW/primary/sprites/sprite_1522106719_anim00_f02.png,294,,,,
0x5ad9815f,1524203871,,,BOIL;BRG1;CLOU;CRYS;CSTL;EVIL;FOOD;MOSS;PHRO;SCIE;SNOW;SOAR;TMPL,primary;stage0;stage1;stage2;stage3;stage4,SNOW/primary/sprites/sprite_1524203871_anim00_f09.png,420,,,,
0x5d2ce434,1563223092,,,BOIL;BRG1;CLOU;FOOD;HEAD;MEGA;PHRO;SCIE;SNOW;TMPL,primary,TMPL/primary/sprites/sprite_1563223092_anim00_f27.png,360,,,,
0x5e269090,1579585680,0x628d8898,0x622640bc,MENU,stage0;stage5,MENU/stage5/sprites/sprite_1579585680_anim00_f07.png,152,"Klaymen with arms up (MENU, localized)",,HIGH,One of LOCALIZED_23
0x60181a0c,1612192268,,,PHRO;SCIE,stage0;stage1;stage2;stage3,SCIE/stage3/sprites/sprite_1612192268_anim00_f02.png,12,Skull-mage enemy (PHRO/SCIE),,HIGH,"Per existing CSV ""Plain monkey enemy"" labeling"
0x60a91c9c,1621695644,,,BRG1,tertiary0;tertiary2;tertiary3,docs/analysis/asset-identification/direct_blb_thumbnails/sprite_1621695644_direct.png,1,,,,
0x60aa1c9c,1621761180,,,BRG1,stage0;stage2;stage3,BRG1/stage3/sprites/sprite_1621761180_anim00_f00.png,12,,,,
0x60b8bc9c,1622719644,,,BRG1;PHRO;TMPL,stage0;stage1;stage2;stage3,TMPL/stage2/sprites/sprite_1622719644_anim00_f14.png,133,,,,
0x60b93cbd,1622752445,,,BRG1,stage0;stage2;stage3,BRG1/stage3/sprites/sprite_1622752445_anim00_f00.png,9,,,,
0x60b98cbd,1622772925,,,BRG1;PHRO;TMPL,stage0;stage1;stage2;stage3,TMPL/stage2/sprites/sprite_1622772925_anim00_f02.png,21,,,,
0x60b9bcbd,1622785213,,,BRG1,stage0;stage2;stage3,BRG1/stage3/sprites/sprite_1622785213_anim00_f00.png,9,,,,
0x60de1050,1625165904,,,WIZZ,primary,WIZZ/primary/sprites/sprite_1625165904_anim00_f08.png,9,,,,
0x611c5804,1629247492,,,PHRO;SCIE,stage0;stage1;stage2;stage3,SCIE/stage3/sprites/sprite_1629247492_anim00_f12.png,108,Skull-mage enemy variant (PHRO/SCIE),,HIGH,
0x612c8430,1630307376,0x6e064232,0x6e2cb03b,FOOD;SNOW,primary;stage2,SNOW/primary/sprites/sprite_1630307376_anim00_f16.png,34,"Yellow centurion mech (FOOD/SNOW, localized)",,HIGH,One of LOCALIZED_23; TROOPER cohort
0x61581a0c,1633163788,,,BOIL;BRG1;CRYS;MOSS;SCIE;SNOW;SOAR;TMPL,stage0;stage1;stage2;stage3;stage4,TMPL/stage2/sprites/sprite_1633163788_anim00_f03.png,132,,,,
0x61981a0c,1637358092,,,BOIL;BRG1;CRYS;MOSS;SCIE;SNOW;SOAR;TMPL,stage0;stage1;stage2;stage3;stage4,TMPL/stage2/sprites/sprite_1637358092_anim00_f02.png,66,Plain monkey enemy,SCREAMER_MONKEY?,visual-user,User identified from sprites_focused_hash_neighborhood_03; appears visually identical to 0x75189608
0x61a91c9c,1638472860,,,BRG1,tertiary0;tertiary2;tertiary3,docs/analysis/asset-identification/direct_blb_thumbnails/sprite_1638472860_direct.png,1,,,,
0x620ec210,1645134352,0x90a2a230,0x920d82a0,BOIL;BRG1;CAVE;CLOU;CRYS;CSTL;EGGS;EVIL;FOOD;GLID;MOSS;PHRO;SCIE;SNOW;TMPL;WEED,primary;stage0;stage1;stage2;stage3;stage4,EVIL/primary/sprites/sprite_1645134352_anim00_f04.png,560,Repeated stage object/creature bank - localized,,HIGH,"One of LOCALIZED_23; per docs ""repeated stage object / creature bank"""
0x62aa1c9c,1655315612,,,BRG1,stage0;stage2;stage3,BRG1/stage3/sprites/sprite_1655315612_anim00_f00.png,12,,,,
0x62ee0118,1659765016,0xe124b098,0xa12e0c1a,BRG1,stage0;stage2;stage3,BRG1/stage3/sprites/sprite_1659765016_anim00_f00.png,12,MEGA boss bank sister (localized),,HIGH,One of LOCALIZED_23
0x63848e59,1669631577,,,MENU,primary,MENU/primary/sprites/sprite_1669631577_anim00_f04.png,7,Menu cursor,CURSOR,visual-user,User identified from sprites_focused_hash_neighborhood_03
0x63af8200,1672446464,0x643ae101,0xe42f9805,FOOD;SNOW,primary;stage2,SNOW/primary/sprites/sprite_1672446464_anim00_f13.png,35,"Yellow centurion mech (FOOD/SNOW, localized sister)",,HIGH,One of LOCALIZED_23; TROOPER cohort
0x64bb1cbe,1689984190,,,BRG1;PHRO;TMPL,stage0;stage1;stage2;stage3,TMPL/stage2/sprites/sprite_1689984190_anim00_f10.png,77,,,,
0x657c322c,1702638124,,,CSTL;FOOD;HEAD;MOSS;PHRO;SNOW,primary;stage0;stage1;stage2;stage3;stage5,HEAD/primary/sprites/sprite_1702638124_anim00_f05.png,104,,,,
0x68c01218,1757418008,,,MENU,stage0;stage4;stage5,MENU/stage5/sprites/sprite_1757418008_anim00_f28.png,90,,,,
0x68c0f413,1757475859,,,BOIL;BRG1;CAVE;CLOU;CRYS;CSTL;EGGS;EVIL;FINN;FOOD;GLEN;GLID;HEAD;KLOG;MEGA;MENU;MOSS;PHRO;RUNN;SCIE;SEVN;SNOW;SOAR;TMPL;WEED;WIZZ,primary,WIZZ/primary/sprites/sprite_1757475859_anim00.png,26,Text: Quit,QUIT,formula-confirmed,User identified MENU/primary sprite as QUIT; exact name hashes to this ID
0x69588258,1767408216,,,GLEN,primary,docs/analysis/asset-identification/direct_blb_thumbnails/sprite_1767408216_direct.png,1,,,,
0x69c04050,1774207056,,,BOIL;BRG1;CAVE;CLOU;CRYS;CSTL;EGGS;EVIL;FINN;FOOD;GLEN;GLID;HEAD;KLOG;MEGA;MENU;MOSS;PHRO;RUNN;SCIE;SEVN;SNOW;SOAR;TMPL;WEED;WIZZ,primary,WIZZ/primary/sprites/sprite_1774207056_anim00.png,26,Text: Continue,CONTINUE,formula-confirmed,User identified MENU/primary sprite as CONTINUE; exact name hashes to this ID
0x69c8f473,1774777459,,,BOIL;BRG1;CAVE;CLOU;CRYS;CSTL;EGGS;EVIL;FINN;FOOD;GLEN;GLID;HEAD;KLOG;MEGA;MENU;MOSS;PHRO;RUNN;SCIE;SEVN;SNOW;SOAR;TMPL;WEED;WIZZ,primary,WIZZ/primary/sprites/sprite_1774777459_anim00.png,26,Text: Quit Game,QUITGAME,formula-confirmed,User identified MENU/primary sprite as QUIT GAME; calcHash ignores spaces so exact token is QUITGAME
0x6a351094,1781862548,,,BOIL;BRG1;CAVE;CLOU;CRYS;CSTL;EGGS;EVIL;FINN;FOOD;GLEN;GLID;HEAD;KLOG;MEGA;MENU;MOSS;PHRO;RUNN;SCIE;SEVN;SNOW;SOAR;TMPL;WEED;WIZZ,primary,WIZZ/primary/sprites/sprite_1781862548_anim00_f04.png,208,Sparkle/star particle (large),,HIGH,Per docs round 3 ground truth
0x6c22083a,1814169658,,,BRG1;CAVE;CLOU;CRYS;CSTL;EGGS;EVIL;GLID;MOSS;SEVN;SOAR;WEED;WIZZ,primary,WIZZ/primary/sprites/sprite_1814169658_anim00_f68.png,2197,Joe-Head-Joe boss face close-up (dreadlocked head),,HIGH,HEAD level boss; visible large face
0x6c289c1c,1814600732,,,CSTL,stage0;stage1;stage3,CSTL/stage3/sprites/sprite_1814600732_anim00_f04.png,39,,,,
0x6c351094,1815416980,,,BOIL;BRG1;CAVE;CLOU;CRYS;CSTL;EGGS;EVIL;FINN;FOOD;GLEN;GLID;HEAD;KLOG;MEGA;MENU;MOSS;PHRO;RUNN;SCIE;SEVN;SNOW;SOAR;TMPL;WEED;WIZZ,primary,WIZZ/primary/sprites/sprite_1815416980_anim00.png,26,Sparkle/star particle (small/variant of 0x6a351094),,HIGH,"Sister of 0x6a351094 (same hash structure, low-byte differs)"
0x6d209c95,1830853781,,,CSTL,stage0;stage1;stage3,CSTL/stage3/sprites/sprite_1830853781_anim00_f08.png,39,,,,
0x75189608,1964545544,,,BOIL;BRG1;CRYS;MOSS;SCIE;SNOW;SOAR;TMPL,stage0;stage1;stage2;stage3;stage4,TMPL/stage2/sprites/sprite_1964545544_anim00_f06.png,154,Plain monkey enemy variant,SCREAMER_MONKEY?,visual-user,User identified from sprites_focused_hash_neighborhood_03; appears visually identical to 0x61981a0c
0x78d909e0,2027489760,,,SNOW,primary,SNOW/primary/sprites/sprite_2027489760_anim00_f00.png,9,Blue snowball/ice ball (SNOW),,HIGH,
0x7a0ec210,2047787536,0x88a2a230,0x8a0d82a0,EGGS,stage0;stage1;stage2;stage3,EGGS/stage3/sprites/sprite_2047787536_anim00_f01.png,8,"Klaymen hands reaching (EGGS, localized)",,HIGH,One of LOCALIZED_23
0x800da102,2148376834,,,KLOG,primary,KLOG/primary/sprites/sprite_2148376834_anim00_f06.png,11,Klogg boss death animation frame 1,,HIGH,KloggDeath cohort; KloggDeathEventHandler. KLOG level only
0x800da116,2148376854,,,KLOG,primary,KLOG/primary/sprites/sprite_2148376854_anim00_f03.png,17,Klogg boss death animation frame 2,,HIGH,KloggDeath cohort sister of 0x800da102
0x800da11a,2148376858,,,KLOG,primary,KLOG/primary/sprites/sprite_2148376858_anim00_f10.png,12,Klogg boss death animation frame 3,,HIGH,KloggDeath cohort sister
0x800da132,2148376882,,,KLOG,primary,KLOG/primary/sprites/sprite_2148376882_anim00_f09.png,11,Klogg boss death animation frame 4,,HIGH,KloggDeath cohort sister
0x800da152,2148376914,,,KLOG,primary,KLOG/primary/sprites/sprite_2148376914_anim00_f01.png,9,Klogg boss death animation frame 5,,HIGH,KloggDeath cohort sister
0x80282799,2150115225,,,BOIL;BRG1;CAVE;CLOU;CRYS;CSTL;EGGS;EVIL;FOOD;GLID;MOSS;PHRO;SCIE;SEVN;SNOW;SOAR;TMPL;WEED,primary;stage0;stage1;stage2;stage3;stage4,WEED/primary/sprites/sprite_2150115225_anim00_f11.png,264,,,,
0x804c881c,2152499228,,,BRG1,stage0;stage2;stage3,BRG1/stage3/sprites/sprite_2152499228_anim00_f04.png,18,,,,
0x8068815c,2154332508,,,GLEN,primary,GLEN/primary/sprites/sprite_2154332508_anim00_f07.png,8,,,,
0x80729081,2154991745,,,BRG1;GLID;SCIE;SNOW;TMPL;WEED,stage0;stage1;stage3,WEED/stage0/sprites/sprite_2154991745_anim00_f08.png,120,Tutorial sign / hint totem; multi-frame with text: CLAY BALL/SWIRLY Q/UNIVERSE ENEMA/SUPER WILLIE/SLAPPY HAMSTER,,HIGH,Used by InitCheckpointEntity (line 46679). Parent sprite of 0x88329285 shadow
0x80b92212,2159616530,,,TMPL,primary,TMPL/primary/sprites/sprite_2159616530_anim00.png,1,,,,
0x80e85ea0,2162712224,,,BOIL;BRG1;CAVE;CLOU;CRYS;CSTL;EGGS;EVIL;FINN;FOOD;GLEN;GLID;HEAD;KLOG;MEGA;MENU;MOSS;PHRO;RUNN;SCIE;SEVN;SNOW;SOAR;TMPL;WEED;WIZZ,primary,WIZZ/primary/sprites/sprite_2162712224_anim00.png,26,Hamster Shield orbit icon (green @ symbol),,HIGH,Used by InitHamsterShieldCollectible (CollectibleHamsterShieldTickCallback line 29365)
0x81100030,2165309488,,,MENU,stage2,MENU/stage2/sprites/sprite_2165309488_anim00_f02.png,5,"Controller mapping screen: ""3 / NOT USED / JUMP / SHOOT / FAST RUN"" (MENU)",,HIGH,Default controls display - likely WRAP-namespace UI text
0x8139a088,2168037512,,,EGGS,stage0;stage1;stage2;stage3,EGGS/stage3/sprites/sprite_2168037512_anim00_f02.png,12,,,,
0x81421850,2168592464,,,WIZZ,primary,WIZZ/primary/sprites/sprite_2168592464_anim00.gif,1,,,,
0x815900d0,2170093776,,,EVIL;SCIE,stage3;stage4,SCIE/stage3/sprites/sprite_2170093776_anim00_f03.png,12,,,,
0x82421850,2185369680,,,WIZZ,primary,WIZZ/primary/sprites/sprite_2185369680_anim00.png,1,,,,
0x82886816,2189977622,,,BOIL;CAVE;CRYS;CSTL;EGGS;GLID;MOSS;SEVN;SNOW;WEED,primary;stage0;stage1;stage2;stage3;stage4,WEED/stage2/sprites/sprite_2189977622_anim00_f09.png,420,,,,
0x84004480,2214610048,,,BOIL,stage0;stage1;stage2;stage3;stage4,BOIL/stage4/sprites/sprite_2214610048_anim00_f13.png,75,,,,
0x8429153c,2217284924,,,EVIL;SCIE,stage3;stage4,SCIE/stage3/sprites/sprite_2217284924_anim00_f65.png,144,,,,
0x8508000a,2231894026,,,EVIL;FINN;RUNN,primary,RUNN/primary/sprites/sprite_2231894026_anim00.png,3,,,,
0x8524a880,2233772160,,,EGGS,stage0;stage1;stage2;stage3,EGGS/stage3/sprites/sprite_2233772160_anim00_f03.png,16,,,,
0x8569a090,2238292112,,,EGGS,stage0;stage1;stage2;stage3,EGGS/stage3/sprites/sprite_2238292112_anim00_f00.png,16,,,,
0x880161a7,2281791911,,,BOIL;BRG1;CAVE;CLOU;CRYS;CSTL;EGGS;EVIL;FOOD;GLID;MOSS;PHRO;SCIE;SNOW;TMPL;WEED,primary;stage0;stage1;stage2;stage3;stage4,EVIL/primary/sprites/sprite_2281791911_anim00_f04.png,560,,,,
0x8818a018,2283315224,,,BRG1;CAVE;CRYS;CSTL;EGGS;FOOD;GLID;HEAD;MOSS;TMPL;WEED;WIZZ,primary,HEAD/primary/sprites/sprite_2283315224_anim00.png,12,,,,
0x88210498,2283865240,,,CSTL;MOSS,stage0;stage1;stage2;stage3;stage4,MOSS/stage4/sprites/sprite_2283865240_anim00_f11.png,160,"Klaymen on fire animation (orange flame, CSTL/MOSS)",,HIGH,
0x88329285,2285015685,,,BRG1;GLID;SCIE;SNOW;TMPL;WEED,stage0;stage1;stage3,WEED/stage0/sprites/sprite_2285015685_anim00.png,8,Shadow/decoration for tutorial sign 0x80729081,,HIGH,Paired with 0x80729081 in InitCheckpointEntity (line 46703)
0x883d14b4,2285704372,,,WIZZ,primary,WIZZ/primary/sprites/sprite_2285704372_anim00_f30.png,34,,,,
0x88783718,2289579800,,,CAVE;CRYS;EGGS;FOOD;GLID;HEAD;MEGA;SCIE;TMPL;WEED,primary,MEGA/primary/sprites/sprite_2289579800_anim00.png,10,Moving Platform A (hopping/floating),,HIGH,"Per docs round 3: ""Moving-Platform-A 0x88783718"""
0x888da193,2290983315,,,KLOG,primary,KLOG/primary/sprites/sprite_2290983315_anim00_f00.png,4,,,,
0x88a16190,2292277648,,,SEVN,primary,SEVN/primary/sprites/sprite_2292277648_anim00.png,1,Purple/blue starburst portal (SEVN),,HIGH,
0x88a28194,2292351380,,,BOIL;BRG1;CAVE;CLOU;CRYS;CSTL;EGGS;EVIL;FINN;FOOD;GLEN;GLID;HEAD;KLOG;MEGA;MENU;MOSS;PHRO;RUNN;SCIE;SEVN;SNOW;SOAR;TMPL;WEED;WIZZ,primary,WIZZ/primary/sprites/sprite_2292351380_anim00.png,26,1970 hamster collectible sprite,,HIGH,Visually confirmed; paired with FX_PICKUP_1970 audio
0x88b9833c,2293859132,,,BOIL;BRG1;CAVE;CLOU;CRYS;CSTL;EGGS;EVIL;FOOD;GLID;HEAD;MEGA;MOSS;PHRO;SCIE;SEVN;SNOW;SOAR;TMPL;WEED;WIZZ,primary,WIZZ/primary/sprites/sprite_2293859132_anim00.gif,21,Klaymen (player) running/leaping cycle,,visual-confirmed,confirmed from anim gif; floor=15; common (21 levels). DIE_SNOW_AMASS_GUN was a collision.
0x8a1940e1,2316910817,,,HEAD,primary,HEAD/primary/sprites/sprite_2316910817_anim00_f03.png,10,,,,
0x8a3809f2,2318928370,,,HEAD,primary,HEAD/primary/sprites/sprite_2318928370_anim00_f03.png,7,Joe-Head-Joe full body silhouette (HEAD),,HIGH,
0x8a7ce022,2323439650,,,GLID;SCIE;SOAR;TMPL,primary;stage0;stage1;stage2;stage3;stage4,SOAR/primary/sprites/sprite_2323439650_anim00_f00.png,16,Yellow gold demon/dragon enemy (GLID/SCIE/SOAR/TMPL),,HIGH,
0x8ab92024,2327388196,,,BOIL;BRG1;CAVE;CLOU;CRYS;CSTL;EGGS;EVIL;FINN;FOOD;GLEN;GLID;HEAD;KLOG;MEGA;MENU;MOSS;PHRO;RUNN;SCIE;SEVN;SNOW;SOAR;TMPL;WEED;WIZZ,primary,WIZZ/primary/sprites/sprite_2327388196_anim00.png,26,LOADING screen text + Klaymen,,visual-confirmed,
0x8b603980,2338339200,,,EVIL;GLEN;SCIE,primary;stage3;stage4,GLEN/primary/sprites/sprite_2338339200_anim00_f05.png,18,,,,
0x8b7ce0b2,2340217010,,,GLID;SCIE;SOAR;TMPL,primary;stage0;stage1;stage2;stage3;stage4,SOAR/primary/sprites/sprite_2340217010_anim00.png,8,,,,
0x8c29e08c,2351554700,,,GLEN,primary,GLEN/primary/sprites/sprite_2351554700_anim00_f02.png,3,Red potion/bottle (GLEN),,MED,
0x8c30008c,2351956108,,,BRG1,stage0;stage1;stage2;stage4,BRG1/stage4/sprites/sprite_2351956108_anim00_f09.png,40,,,,
0x8c510186,2354119046,,,BOIL;BRG1;CAVE;CLOU;CRYS;CSTL;EGGS;EVIL;FINN;FOOD;GLEN;GLID;HEAD;KLOG;MEGA;MENU;MOSS;PHRO;RUNN;SCIE;SEVN;SNOW;SOAR;TMPL;WEED;WIZZ,primary,WIZZ/primary/sprites/sprite_2354119046_anim00.png,26,Phart Head feather/horn collectible,,HIGH,Per docs round 3 ground truth
0x8d01c734,2365703988,,,BOIL;BRG1;CAVE;CLOU;CRYS;CSTL;EGGS;EVIL;FOOD;GLID;HEAD;MEGA;MOSS;PHRO;SCIE;SEVN;SNOW;SOAR;TMPL;WEED;WIZZ,primary,WIZZ/primary/sprites/sprite_2365703988_anim00_f08.png,273,,,,
0x902c0002,2418802690,,,BOIL;BRG1;CAVE;CLOU;CRYS;CSTL;EGGS;EVIL;FINN;FOOD;GLEN;GLID;HEAD;KLOG;MEGA;MENU;MOSS;PHRO;RUNN;SCIE;SEVN;SNOW;SOAR;TMPL;WEED;WIZZ,primary,WIZZ/primary/sprites/sprite_2418802690_anim00.png,26,Super Willie collectible icon,,MED,Visually identified from sprite thumbnail
0x90a19011,2426507281,,,GLID;SCIE;SOAR;TMPL,primary;stage0;stage1;stage2;stage3;stage4,SOAR/primary/sprites/sprite_2426507281_anim00_f04.png,64,Yellow gold demon variant (GLID/SCIE/SOAR/TMPL),,HIGH,
0x90b102a1,2427519649,,,GLID;SCIE;SOAR;TMPL,primary;stage0;stage1;stage2;stage3;stage4,SOAR/primary/sprites/sprite_2427519649_anim00_f03.png,48,,,,
0x91106183,2433769859,,,BOIL;BRG1;CAVE;CLOU;CRYS;CSTL;EGGS;EVIL;FOOD;GLID;MOSS;PHRO;SCIE;SNOW;TMPL;WEED,primary;stage0;stage1;stage2;stage3;stage4,EVIL/primary/sprites/sprite_2433769859_anim00_f04.png,560,,,,
0x9158a0f6,2438504694,,,BOIL;BRG1;CAVE;CLOU;CRYS;CSTL;EGGS;EVIL;FINN;FOOD;GLEN;GLID;HEAD;KLOG;MEGA;MENU;MOSS;PHRO;RUNN;SCIE;SEVN;SNOW;SOAR;TMPL;WEED;WIZZ,primary,WIZZ/primary/sprites/sprite_2438504694_anim00_f01.png,156,Phoenix Hand projectile sprite (green hand),,HIGH,Per docs/reference/asset-hash-ids.md round 3 ground truth
0x91a9d01d,2443825181,,,PHRO;SCIE,primary,SCIE/primary/sprites/sprite_2443825181_anim00_f01.png,10,,,,
0x9299c307,2459550471,,,MOSS,primary,MOSS/primary/sprites/sprite_2459550471_anim00.png,1,,,,
0x92af8810,2460977168,0x581e0893,0x52a28ad3,BRG1,tertiary0;tertiary2;tertiary3,docs/analysis/asset-identification/direct_blb_thumbnails/sprite_2460977168_direct.png,1,Localized sprite (per regional probe),,MED,One of LOCALIZED_23
0x93043811,2466527249,,,BOIL;CAVE;CSTL;EGGS;GLID;MOSS;SEVN;SNOW;WEED,primary;stage0;stage1;stage2;stage3;stage4,MOSS/primary/sprites/sprite_2466527249_anim00.png,15,,,,
0x9389b8c4,2475276484,,,BOIL;BRG1;CAVE;CLOU;CRYS;CSTL;EGGS;EVIL;FOOD;GLID;MOSS;PHRO;SCIE;SEVN;SNOW;SOAR;TMPL;WEED,primary;stage0;stage1;stage2;stage3;stage4,WEED/primary/sprites/sprite_2475276484_anim00_f08.png,264,,,,
0x9629a000,2519310336,,,EGGS,stage0;stage1;stage2;stage3,EGGS/stage3/sprites/sprite_2519310336_anim00_f00.png,16,,,,
0x98004092,2550153362,,,BOIL;BRG1;CAVE;CLOU;CRYS;CSTL;EGGS;EVIL;FOOD;GLEN;GLID;HEAD;KLOG;MEGA;MOSS;PHRO;SCIE;SEVN;SNOW;SOAR;TMPL;WEED;WIZZ,primary,WIZZ/primary/sprites/sprite_2550153362_anim00_f07.png,207,,,,
0x980861a3,2550686115,,,BOIL;BRG1;CAVE;CLOU;CRYS;CSTL;EGGS;EVIL;FOOD;GLID;MOSS;PHRO;SCIE;SNOW;TMPL;WEED,primary;stage0;stage1;stage2;stage3;stage4,EVIL/primary/sprites/sprite_2550686115_anim00.png,56,,,,
0x980c6211,2550948369,,,CAVE;EGGS;GLID;WEED,stage0;stage1;stage2;stage3;stage4,WEED/stage2/sprites/sprite_2550948369_anim00_f00.png,24,,,,
0x987101b9,2557542841,,,GLID;SCIE;SOAR;TMPL,primary;stage0;stage1;stage2;stage3;stage4,SOAR/primary/sprites/sprite_2557542841_anim00_f00.png,32,,,,
0x987140d0,2557558992,,,BRG1,stage3,BRG1/stage3/sprites/sprite_2557558992_anim00_f04.png,5,,,,
0x98f8221e,2566398494,,,BOIL;CAVE;CRYS;CSTL;EGGS;FOOD;GLID;HEAD;MEGA;MOSS;PHRO;SCIE;SEVN;SNOW;TMPL;WEED,primary,MEGA/primary/sprites/sprite_2566398494_anim00.png,16,,,,
0x9918a8e2,2568530146,,,BOIL;BRG1;CAVE;CLOU;CRYS;CSTL;EGGS;EVIL;FOOD;GLID;HEAD;MEGA;MOSS;SEVN;SNOW;SOAR;TMPL;WEED;WIZZ,primary,WIZZ/primary/sprites/sprite_2568530146_anim00_f01.png,95,,,,
0x9b0ab1c6,2601169350,,,BOIL;BRG1;CAVE;CLOU;CRYS;CSTL;EGGS;EVIL;FOOD;GLID;HEAD;MEGA;MOSS;PHRO;RUNN;SCIE;SEVN;SNOW;SOAR;TMPL;WEED;WIZZ,primary,WIZZ/primary/sprites/sprite_2601169350_anim00.png,22,,,,
0x9b2204a0,2602697888,,,BOIL,stage1;stage2;stage3,BOIL/stage3/sprites/sprite_2602697888_anim00_f03.png,48,,,,
0x9c6584d2,2623898834,,,BRG1,stage3,BRG1/stage3/sprites/sprite_2623898834_anim00_f02.png,3,,,,
0xa00a0c30,2685013040,,,CAVE,stage0;stage1,CAVE/stage1/sprites/sprite_2685013040_anim00_f01.png,16,Sparkle/confetti particles (CAVE),,MED,
0xa0149114,2685702420,,,WIZZ,primary,WIZZ/primary/sprites/sprite_2685702420_anim00_f02.png,12,Green cross/plus icon (WIZZ),,HIGH,
0xa0299a4d,2687081037,,,FOOD;SNOW,primary;stage2,SNOW/primary/sprites/sprite_2687081037_anim00_f13.png,35,,,,
0xa0cc18d0,2697730256,,,WIZZ,primary,WIZZ/primary/sprites/sprite_2697730256_anim00_f06.png,8,,,,
0xa0cc1cd0,2697731280,,,WIZZ,primary,WIZZ/primary/sprites/sprite_2697731280_anim00.gif,1,Bone/arm sprite (WIZZ),,HIGH,
0xa116220c,2702582284,,,HEAD,primary,docs/analysis/asset-identification/direct_blb_thumbnails/sprite_2702582284_direct.png,1,,,,
0xa628e009,2787696649,,,EGGS,stage0;stage1;stage2;stage3,EGGS/stage3/sprites/sprite_2787696649_anim00_f01.png,12,,,,
0xa8482860,2823301216,,,MEGA,primary,MEGA/primary/sprites/sprite_2823301216_anim00_f02.png,3,Skull-on-bar weapon sprite (MEGA),,HIGH,
0xa89d0ad0,2828864208,,,BRG1;CAVE;CRYS;SNOW;SOAR,tertiary0;tertiary1;tertiary2;tertiary3;tertiary4,docs/analysis/asset-identification/direct_blb_thumbnails/sprite_2828864208_direct.png,1,,,,
0xa9228088,2837610632,,,BRG1;CAVE;CRYS;SNOW;SOAR,stage0;stage1;stage2;stage3;stage4,SOAR/stage2/sprites/sprite_2837610632_anim00_f01.png,24,,,,
0xa9240484,2837709956,,,BOIL;BRG1;CAVE;CLOU;CRYS;CSTL;EGGS;EVIL;FINN;FOOD;GLEN;GLID;HEAD;KLOG;MEGA;MENU;MOSS;PHRO;RUNN;SCIE;SEVN;SNOW;SOAR;TMPL;WEED;WIZZ,primary,WIZZ/primary/sprites/sprite_2837709956_anim00.png,26,1-Up extra life collectible icon,,HIGH,Per docs round 3 ground truth; paired with FX_PICKUP_ONE_UP audio
0xa9387d8c,2839051660,,,CLOU,stage5,CLOU/stage5/sprites/sprite_2839051660_anim00.png,1,"""1970"" text label sprite (yellow text)",,HIGH,CLOU level only; the bonus-stage 1970 indicator
0xb01c25f0,2954634736,,,CLOU;CRYS;CSTL;EGGS;EVIL;MOSS;SEVN;SOAR;WEED;WIZZ,primary,WIZZ/primary/sprites/sprite_2954634736_anim00.png,10,,,,
0xb12c0854,2972452948,,,EGGS;GLID;WEED,primary;stage0;stage1;stage2;stage3,GLID/primary/sprites/sprite_2972452948_anim00_f02.png,64,,,,
0xb4011101,3019968769,,,BRG1;PHRO;SOAR,primary;stage0;stage1;stage2;stage3,SOAR/primary/sprites/sprite_3019968769_anim00_f05.png,56,,,,
0xb468d0c6,3026768070,,,BOIL;BRG1;CAVE;CLOU;CRYS;CSTL;EGGS;EVIL;FOOD;GLEN;GLID;HEAD;MEGA;MOSS;PHRO;RUNN;SCIE;SEVN;SNOW;SOAR;TMPL;WEED;WIZZ,primary,WIZZ/primary/sprites/sprite_3026768070_anim00_f00.png,161,,,,
0xb69c8356,3063710550,,,CSTL,primary,CSTL/primary/sprites/sprite_3063710550_anim00.png,1,,,,
0xb7cce25e,3083657822,,,CSTL,primary,CSTL/primary/sprites/sprite_3083657822_anim00.png,1,,,,
0xb84968b0,3091818672,,,CAVE;EGGS;GLID;WEED,stage0;stage1;stage2;stage3;stage4,WEED/stage2/sprites/sprite_3091818672_anim00_f07.png,132,,,,
0xb868d0c6,3093876934,,,BOIL;BRG1;CAVE;CLOU;CRYS;CSTL;EGGS;EVIL;FOOD;GLEN;GLID;HEAD;MEGA;MOSS;PHRO;RUNN;SCIE;SEVN;SNOW;SOAR;TMPL;WEED;WIZZ,primary,WIZZ/primary/sprites/sprite_3093876934_anim00_f04.png,115,,,,
0xb8700ca1,3094351009,,,BOIL;BRG1;CAVE;CLOU;CRYS;CSTL;EGGS;EVIL;FINN;FOOD;GLEN;GLID;HEAD;KLOG;MEGA;MENU;MOSS;PHRO;RUNN;SCIE;SEVN;SNOW;SOAR;TMPL;WEED;WIZZ,primary,WIZZ/primary/sprites/sprite_3094351009_anim00_f07.png,208,,,,
0xb92c4850,3106687056,,,EGGS;GLID;WEED,primary;stage0;stage1;stage2;stage3,GLID/primary/sprites/sprite_3106687056_anim00_f03.png,40,,,,
0xba094800,3121170432,,,CAVE;EGGS;GLID;WEED,stage0;stage1;stage2;stage3;stage4,WEED/stage2/sprites/sprite_3121170432_anim00_f00.png,60,,,,
0xbb781481,3145208961,,,BOIL;CAVE;CLOU;CRYS;CSTL;EGGS;EVIL;FOOD;GLID;MOSS;SCIE;SEVN;SNOW;SOAR;TMPL;WEED,primary;stage0;stage1;stage2;stage3;stage4;stage5,FOOD/primary/sprites/sprite_3145208961_anim00_f06.png,336,,,,
0xbe68d0c6,3194540230,,,BOIL;BRG1;CAVE;CLOU;CRYS;CSTL;EGGS;EVIL;FOOD;GLEN;GLID;HEAD;MEGA;MOSS;PHRO;RUNN;SCIE;SEVN;SNOW;SOAR;TMPL;WEED;WIZZ,primary,WIZZ/primary/sprites/sprite_3194540230_anim00_f03.png,115,,,,
0xbebce258,3200049752,,,CSTL,primary,CSTL/primary/sprites/sprite_3200049752_anim00.png,1,Red axe weapon sprite (CSTL/SOAR),,HIGH,
0xc48c7158,3297538392,,,EVIL,primary,EVIL/primary/sprites/sprite_3297538392_anim00.png,1,,,,
0xc8099196,3356070294,,,BOIL;BRG1;CAVE;CLOU;CRYS;CSTL;EGGS;EVIL;FOOD;GLID;HEAD;MEGA;MOSS;PHRO;SCIE;SEVN;SNOW;SOAR;TMPL;WEED;WIZZ,primary,WIZZ/primary/sprites/sprite_3356070294_anim00_f00.png,252,,,,
0xc87ca082,3363610754,,,GLID;SCIE;SOAR;TMPL,primary;stage0;stage1;stage2;stage3;stage4,SOAR/primary/sprites/sprite_3363610754_anim00_f01.png,80,,,,
0xc89e9158,3365835096,,,EVIL,primary,EVIL/primary/sprites/sprite_3365835096_anim00.png,1,,,,
0xc8f90114,3371761940,,,GLEN,primary,GLEN/primary/sprites/sprite_3371761940_anim00_f06.png,10,GLEN boss / large enemy creature,,visual-confirmed,
0xc9387d8c,3375922572,,,CLOU,stage5,CLOU/stage5/sprites/sprite_3375922572_anim00_f03.png,12,1970 hamster collectible (CLOU level variant),,HIGH,Used in TeleporterActivate context; CLOU level only
0xca1b20cb,3390775499,,,BOIL;BRG1;CAVE;CLOU;CRYS;CSTL;EGGS;EVIL;FOOD;GLEN;GLID;HEAD;MEGA;MOSS;PHRO;RUNN;SCIE;SEVN;SNOW;SOAR;TMPL;WEED;WIZZ,primary,WIZZ/primary/sprites/sprite_3390775499_anim00_f00.png,138,,,,
0xca282402,3391628290,,,WIZZ,primary,WIZZ/primary/sprites/sprite_3391628290_anim00_f01.png,2,Yellow energy bar (WIZZ),,HIGH,
0xcaadc032,3400384562,,,KLOG,primary,KLOG/primary/sprites/sprite_3400384562_anim00_f04.png,5,,,,
0xd02dc3d5,3492660181,,,BOIL;BRG1;CAVE;CLOU;CRYS;CSTL;EGGS;EVIL;FOOD;GLID;HEAD;MEGA;MOSS;PHRO;SCIE;SEVN;SNOW;SOAR;TMPL;WEED;WIZZ,primary,WIZZ/primary/sprites/sprite_3492660181_anim00.gif,21,,,,
0xd0a5f094,3500535956,,,GLID;SCIE;SOAR;TMPL,primary;stage0;stage1;stage2;stage3;stage4,SOAR/primary/sprites/sprite_3500535956_anim00_f15.png,192,,,,
0xd167c005,3513237509,,,PHRO;SCIE,primary,SCIE/primary/sprites/sprite_3513237509_anim00_f08.png,20,,,,
0xd2801814,3531610132,,,CAVE;CRYS;EGGS;MOSS,primary;stage1;stage2;stage3,MOSS/primary/sprites/sprite_3531610132_anim00.png,6,,,,
0xd305d045,3540373573,,,PHRO;SCIE,primary,SCIE/primary/sprites/sprite_3540373573_anim00_f02.png,44,,,,
0xd6bc2450,3602654288,,,BOIL;CAVE;CRYS;CSTL;EGGS;GLID;MOSS;SEVN;SNOW;WEED,primary;stage0;stage1;stage2;stage3;stage4,MOSS/primary/sprites/sprite_3602654288_anim00_f03.png,112,,,,
0xd70880a4,3607658660,,,EGGS,stage0;stage1;stage2;stage3,EGGS/stage3/sprites/sprite_3607658660_anim00_f02.png,12,,,,
0xd89c319a,3634114970,,,EVIL,primary,EVIL/primary/sprites/sprite_3634114970_anim00.png,1,,,,
0xe00e989d,3759052957,,,BOIL;BRG1;CRYS;MOSS;SCIE;SNOW;SOAR;TMPL,stage0;stage1;stage2;stage3;stage4,TMPL/stage2/sprites/sprite_3759052957_anim00_f06.png,154,,,,
0xe00e991d,3759053085,,,BOIL;BRG1;CRYS;MOSS;SCIE;SNOW;SOAR;TMPL,stage0;stage1;stage2;stage3;stage4,TMPL/stage2/sprites/sprite_3759053085_anim00_f00.png,110,,,,
0xe289c059,3800678489,,,MENU,stage3,MENU/stage3/sprites/sprite_3800678489_anim00.png,1,Lit candle sprite (MENU),,HIGH,
0xe398d28d,3818443405,,,BOIL;BRG1;CRYS;MOSS;SCIE;SNOW;SOAR;TMPL,stage0;stage1;stage2;stage3;stage4,TMPL/stage2/sprites/sprite_3818443405_anim00_f01.png,44,,,,
0xe4834384,3833807748,,,BRG1;PHRO;SOAR,primary;stage0;stage1;stage2;stage3,SOAR/primary/sprites/sprite_3833807748_anim00_f03.png,28,,,,
0xe4cb8330,3838542640,,,BRG1;SOAR,primary;stage0;stage1;stage2;stage3,SOAR/primary/sprites/sprite_3838542640_anim00_f01.png,40,,,,
0xe6830101,3867345153,,,BRG1;PHRO;SOAR,primary;tertiary0;tertiary1;tertiary2;tertiary3,docs/analysis/asset-identification/direct_blb_thumbnails/sprite_3867345153_direct.png,1,,,,
0xe7443a6f,3880008303,,,CSTL;FOOD;MOSS;PHRO;SNOW,stage0;stage1;stage2;stage3;stage5,SNOW/stage5/sprites/sprite_3880008303_anim00_f03.png,48,,,,
0xe8628689,3898771081,,,BOIL;BRG1;CAVE;CLOU;CRYS;CSTL;EGGS;EVIL;FINN;FOOD;GLEN;GLID;HEAD;KLOG;MEGA;MENU;MOSS;PHRO;RUNN;SCIE;SEVN;SNOW;SOAR;TMPL;WEED;WIZZ,primary,WIZZ/primary/sprites/sprite_3898771081_anim00_f06.png,208,,,,
0xec000027,3959423015,,,BRG1;PHRO;SOAR,primary;stage0;stage1;stage2;stage3,SOAR/primary/sprites/sprite_3959423015_anim00_f04.png,56,,,,
0xec95689b,3969214619,,,MENU,stage1,MENU/stage1/sprites/sprite_3969214619_anim00_f03.png,8,Brown box / chest (MENU),,MED,
0xed209c94,3978337428,,,CSTL,stage0;stage1;stage3,CSTL/stage3/sprites/sprite_3978337428_anim00_f02.png,9,,,,
0xf175320e,4050989582,,,CSTL;FOOD;MOSS;PHRO;SNOW,stage0;stage1;stage2;stage3;stage5,SNOW/stage5/sprites/sprite_4050989582_anim00_f05.png,72,,,,
0xf8494814,4165552148,,,CAVE;EGGS;GLID;WEED,tertiary0;tertiary1;tertiary2;tertiary3;tertiary4,docs/analysis/asset-identification/direct_blb_thumbnails/sprite_4165552148_direct.png,1,,,,
0xf936c015,4181114901,,,BOIL;CAVE;EVIL;FOOD;HEAD;MEGA;PHRO;SCIE;SNOW;TMPL,primary,TMPL/primary/sprites/sprite_4181114901_anim00_f02.png,280,,,,
0xfa100225,4195353125,,,BOIL;CAVE;CRYS;CSTL;EGGS;FOOD;GLID;MOSS;SCIE;SEVN;SOAR;TMPL;WEED,stage0;stage1;stage2;stage3;stage4;stage5,WEED/stage2/sprites/sprite_4195353125_anim00_f10.png,242,,,,
0xfa20cd14,4196453652,,,BOIL;CSTL;FOOD;HEAD;MEGA;MOSS;PHRO;SCIE;SNOW;TMPL,primary,TMPL/primary/sprites/sprite_4196453652_anim00_f35.png,410,,,,
0xfa700ce7,4201647335,,,BOIL;BRG1;CAVE;CLOU;CRYS;CSTL;EGGS;EVIL;FINN;FOOD;GLEN;GLID;HEAD;KLOG;MEGA;MENU;MOSS;PHRO;RUNN;SCIE;SEVN;SNOW;SOAR;TMPL;WEED;WIZZ,primary,WIZZ/primary/sprites/sprite_4201647335_anim00_f00.png,260,,,,
0xfb260440,4213572672,,,BOIL,stage0;stage1;stage2;stage3;stage4,BOIL/stage4/sprites/sprite_4213572672_anim00_f03.png,70,,,,
